time_idx,value
1,129
2,129
3,129
4,129
5,129
6,129
7,129
8,129
9,129
10,129
11,129
12,129
13,129
14,129
15,129
16,129
17,129
18,129
19,129
20,129
21,129
22,129
23,129
24,129
25,129
26,148
27,159
28,181
29,138
30,109
31,105
32,124
33,120
34,132
35,140
36,152
37,148
38,164
39,158
40,154
41,159
42,164
43,170
44,149
45,154
46,164
47,156
48,126
49,90
50,63
51,65
52,55
53,65
54,83
55,91
56,86
57,82
58,86
59,78
60,98
61,107
62,90
63,96
64,95
65,86
66,70
67,61
68,53
69,71
70,72
71,76
72,73
73,79
74,58
75,25
76,26
77,28
78,26
79,20
80,29
81,26
82,27
83,27
84,25
85,29
86,32
87,28
88,29
89,30
90,30
91,28
92,26
93,31
94,33
95,29
96,31
97,30
98,34
99,27
100,25
101,28
102,28
103,27
104,27
105,27
106,29
107,36
108,30
109,27
110,39
111,41
112,33
113,50
114,56
115,59
116,60
117,84
118,106
119,66
120,50
121,56
122,77
123,50
124,44
125,27
126,28
127,21
128,25
129,20
130,29
131,34
132,42
133,28
134,36
135,48
136,49
137,52
138,56
139,96
140,75
141,105
142,132
143,93
144,131
145,127
146,130
147,43
148,37
149,30
150,28
151,24
152,23
153,24
154,27
155,40
156,42
157,42
158,55
159,52
160,51
161,57
162,50
163,54
164,67
165,106
166,159
167,198
168,190
169,210
170,195
171,275
172,164
173,110
174,100
175,81
176,71
177,66
178,92
179,135
180,155
181,198
182,250
183,200
184,231
185,250
186,212
187,219
188,227
189,226
190,225
191,168
192,169
193,165
194,159
195,167
196,196
197,169
198,155
199,119
200,106
201,93
202,84
203,73
204,66
205,40
206,49
207,50
208,49
209,41
210,37
211,45
212,44
213,54
214,50
215,47
216,66
217,75
218,82
219,66
220,83
221,62
222,40
223,23
224,25
225,27
226,35
227,50
228,70
229,75
230,58
231,70
232,68
233,71
234,88
235,84
236,83
237,66
238,27
239,24
240,22
241,23
242,27
243,23
244,17
245,17
246,16
247,16
248,20
249,20
250,18
251,25
252,26
253,27
254,28
255,15
256,24
257,13
258,13
259,13
260,17
261,20
262,27
263,20
264,15
265,21
266,21
267,37
268,26
269,15
270,9
271,11
272,11
273,16
274,13
275,15
276,21
277,24
278,22
279,22
280,22
281,19
282,23
283,25
284,25
285,31
286,25
287,22
288,22
289,15
290,16
291,11
292,11
293,12
294,11
295,12
296,27
297,28
298,34
299,33
300,36
301,26
302,49
303,52
304,47
305,47
306,39
307,59
308,76
309,96
310,95
311,68
312,65
313,75
314,257
315,174
316,164
317,161
318,137
319,92
320,64
321,87
322,87
323,84
324,95
325,79
326,75
327,79
328,86
329,72
330,89
331,94
332,69
333,49
334,33
335,27
336,20
337,36
338,37
339,30
340,18
341,21
342,13
343,23
344,26
345,27
346,30
347,28
348,26
349,26
350,31
351,35
352,36
353,37
354,64
355,83
356,91
357,90
358,102
359,94
360,87
361,141
362,211
363,242
364,271
365,249
366,200
367,147
368,114
369,102
370,108
371,135
372,120
373,148
374,127
375,128
376,140
377,148
378,150
379,154
380,197
381,235
382,261
383,269
384,266
385,263
386,241
387,205
388,160
389,150
390,148
391,208
392,209
393,183
394,161
395,182
396,230
397,170
398,172
399,154
400,166
401,177
402,191
403,212
404,250
405,268
406,317
407,291
408,313
409,282
410,282
411,303
412,349
413,407
414,361
415,234
416,149
417,147
418,184
419,161
420,137
421,146
422,144
423,154
424,173
425,188
426,203
427,233
428,408
429,435
430,403
431,360
432,402
433,358
434,383
435,332
436,274
437,256
438,302
439,330
440,367
441,297
442,331
443,323
444,339
445,301
446,310
447,305
448,313
449,336
450,357
451,485
452,426
453,403
454,374
455,333
456,343
457,364
458,389
459,368
460,267
461,71
462,81
463,51
464,49
465,44
466,45
467,35
468,29
469,27
470,29
471,16
472,23
473,28
474,22
475,11
476,25
477,16
478,20
479,20
480,18
481,18
482,17
483,17
484,17
485,15
486,19
487,16
488,18
489,18
490,18
491,26
492,26
493,25
494,24
495,15
496,17
497,15
498,21
499,40
500,51
501,45
502,61
503,72
504,38
505,35
506,29
507,26
508,18
509,15
510,15
511,22
512,21
513,19
514,22
515,25
516,22
517,26
518,32
519,30
520,32
521,30
522,32
523,37
524,49
525,47
526,39
527,35
528,48
529,49
530,24
531,23
532,20
533,19
534,16
535,22
536,24
537,24
538,41
539,23
540,19
541,15
542,19
543,17
544,17
545,22
546,23
547,24
548,25
549,26
550,27
551,28
552,29
553,30
554,31
555,32
556,33
557,34
558,35
559,36
560,37
561,38
562,38
563,40
564,40
565,41
566,42
567,43
568,44
569,45
570,46
571,47
572,48
573,49
574,50
575,51
576,52
577,53
578,54
579,55
580,56
581,57
582,58
583,59
584,60
585,61
586,62
587,63
588,64
589,65
590,66
591,67
592,68
593,69
594,70
595,70
596,72
597,72
598,73
599,74
600,75
601,76
602,77
603,78
604,79
605,80
606,81
607,82
608,83
609,84
610,85
611,86
612,87
613,88
614,85
615,90
616,127
617,144
618,203
619,199
620,231
621,274
622,340
623,298
624,268
625,299
626,300
627,240
628,213
629,171
630,153
631,153
632,140
633,147
634,158
635,153
636,154
637,143
638,90
639,55
640,52
641,41
642,29
643,37
644,49
645,56
646,38
647,37
648,28
649,20
650,22
651,27
652,34
653,27
654,32
655,28
656,28
657,18
658,17
659,16
660,18
661,16
662,12
663,13
664,23
665,21
666,13
667,14
668,23
669,16
670,25
671,20
672,25
673,19
674,24
675,25
676,20
677,24
678,17
679,10
680,11
681,16
682,20
683,13
684,12
685,12
686,12
687,12
688,31
689,36
690,42
691,52
692,26
693,24
694,25
695,43
696,47
697,61
698,66
699,65
700,70
701,36
702,37
703,22
704,24
705,29
706,35
707,35
708,33
709,32
710,25
711,16
712,26
713,32
714,36
715,37
716,45
717,71
718,67
719,69
720,94
721,85
722,35
723,26
724,24
725,20
726,16
727,18
728,19
729,22
730,17
731,18
732,11
733,11
734,16
735,18
736,17
737,19
738,26
739,24
740,54
741,71
742,129
743,145
744,101
745,65
746,70
747,67
748,76
749,76
750,68
751,73
752,73
753,64
754,53
755,72
756,78
757,72
758,56
759,54
760,40
761,49
762,63
763,66
764,64
765,63
766,65
767,64
768,64
769,62
770,56
771,87
772,72
773,104
774,97
775,96
776,86
777,85
778,92
779,55
780,36
781,27
782,25
783,28
784,32
785,35
786,43
787,70
788,83
789,66
790,70
791,80
792,88
793,69
794,71
795,62
796,73
797,107
798,94
799,121
800,132
801,161
802,120
803,72
804,58
805,34
806,14
807,17
808,15
809,23
810,34
811,96
812,87
813,87
814,95
815,105
816,114
817,103
818,99
819,102
820,104
821,78
822,33
823,29
824,27
825,27
826,26
827,33
828,29
829,31
830,28
831,28
832,61
833,64
834,80
835,91
836,79
837,48
838,59
839,82
840,63
841,48
842,54
843,42
844,47
845,87
846,105
847,90
848,101
849,126
850,114
851,103
852,114
853,100
854,72
855,68
856,72
857,71
858,80
859,70
860,63
861,67
862,62
863,69
864,58
865,51
866,51
867,54
868,45
869,47
870,85
871,78
872,68
873,64
874,65
875,80
876,74
877,93
878,77
879,67
880,84
881,77
882,83
883,82
884,100
885,189
886,99
887,71
888,43
889,64
890,68
891,69
892,65
893,71
894,77
895,81
896,88
897,90
898,92
899,88
900,80
901,100
902,105
903,118
904,125
905,141
906,152
907,164
908,147
909,162
910,157
911,156
912,160
913,178
914,187
915,181
916,185
917,197
918,180
919,172
920,166
921,136
922,133
923,140
924,159
925,169
926,170
927,184
928,163
929,140
930,144
931,166
932,196
933,227
934,210
935,233
936,258
937,247
938,230
939,273
940,253
941,254
942,241
943,229
944,199
945,193
946,207
947,176
948,91
949,58
950,39
951,50
952,51
953,49
954,54
955,153
956,181
957,181
958,182
959,156
960,27
961,16
962,22
963,21
964,6
965,8
966,8
967,8
968,10
969,9
970,20
971,14
972,16
973,14
974,10
975,7
976,8
977,12
978,15
979,8
980,11
981,18
982,16
983,11
984,10
985,11
986,10
987,10
988,12
989,12
990,10
991,10
992,9
993,9
994,11
995,12
996,12
997,12
998,21
999,18
1000,13
1001,18
1002,17
1003,19
1004,22
1005,20
1006,24
1007,19
1008,13
1009,17
1010,22
1011,16
1012,16
1013,11
1014,10
1015,9
1016,11
1017,14
1018,21
1019,26
1020,21
1021,19
1022,13
1023,13
1024,13
1025,13
1026,11
1027,19
1028,22
1029,50
1030,58
1031,60
1032,69
1033,108
1034,51
1035,54
1036,38
1037,27
1038,23
1039,27
1040,28
1041,24
1042,26
1043,23
1044,37
1045,46
1046,49
1047,53
1048,57
1049,51
1050,64
1051,100
1052,113
1053,136
1054,213
1055,259
1056,267
1057,351
1058,980
1059,790
1060,599
1061,39
1062,7
1063,8
1064,7
1065,7
1066,7
1067,16
1068,19
1069,15
1070,21
1071,18
1072,16
1073,15
1074,16
1075,16
1076,21
1077,36
1078,51
1079,67
1080,46
1081,45
1082,27
1083,24
1084,18
1085,15
1086,17
1087,11
1088,16
1089,16
1090,39
1091,25
1092,17
1093,8
1094,11
1095,14
1096,15
1097,15
1098,13
1099,13
1100,26
1101,50
1102,73
1103,96
1104,116
1105,146
1106,113
1107,91
1108,70
1109,65
1110,51
1111,29
1112,30
1113,26
1114,26
1115,24
1116,21
1117,24
1118,39
1119,79
1120,99
1121,118
1122,140
1123,159
1124,161
1125,167
1126,178
1127,192
1128,198
1129,207
1130,237
1131,247
1132,227
1133,176
1134,113
1135,46
1136,18
1137,13
1138,22
1139,15
1140,18
1141,18
1142,12
1143,11
1144,11
1145,12
1146,9
1147,9
1148,27
1149,31
1150,39
1151,49
1152,48
1153,50
1154,38
1155,36
1156,41
1157,80
1158,70
1159,74
1160,77
1161,87
1162,107
1163,54
1164,36
1165,34
1166,19
1167,26
1168,27
1169,27
1170,29
1171,41
1172,47
1173,115
1174,265
1175,236
1176,296
1177,159
1178,119
1179,115
1180,168
1181,177
1182,191
1183,185
1184,157
1185,114
1186,117
1187,112
1188,107
1189,96
1190,99
1191,82
1192,58
1193,40
1194,45
1195,44
1196,49
1197,65
1198,101
1199,146
1200,165
1201,205
1202,191
1203,204
1204,190
1205,174
1206,144
1207,120
1208,122
1209,152
1210,158
1211,178
1212,184
1213,184
1214,185
1215,175
1216,165
1217,150
1218,163
1219,172
1220,184
1221,178
1222,211
1223,213
1224,282
1225,261
1226,215
1227,233
1228,235
1229,214
1230,205
1231,206
1232,220
1233,191
1234,189
1235,109
1236,65
1237,35
1238,35
1239,27
1240,36
1241,30
1242,23
1243,20
1244,30
1245,69
1246,99
1247,117
1248,154
1249,154
1250,136
1251,143
1252,132
1253,100
1254,89
1255,90
1256,90
1257,99
1258,92
1259,80
1260,56
1261,60
1262,72
1263,76
1264,79
1265,84
1266,92
1267,100
1268,95
1269,81
1270,95
1271,87
1272,86
1273,90
1274,111
1275,104
1276,129
1277,117
1278,105
1279,112
1280,130
1281,134
1282,136
1283,142
1284,150
1285,148
1286,160
1287,179
1288,183
1289,191
1290,195
1291,196
1292,218
1293,246
1294,264
1295,274
1296,282
1297,283
1298,242
1299,227
1300,223
1301,227
1302,227
1303,237
1304,243
1305,262
1306,296
1307,301
1308,302
1309,311
1310,307
1311,312
1312,298
1313,292
1314,299
1315,353
1316,368
1317,309
1318,284
1319,244
1320,218
1321,164
1322,153
1323,135
1324,134
1325,139
1326,148
1327,210
1328,218
1329,253
1330,266
1331,241
1332,235
1333,237
1334,248
1335,180
1336,176
1337,165
1338,138
1339,136
1340,136
1341,130
1342,118
1343,56
1344,55
1345,52
1346,46
1347,46
1348,45
1349,51
1350,53
1351,50
1352,46
1353,58
1354,75
1355,72
1356,82
1357,81
1358,91
1359,93
1360,90
1361,79
1362,79
1363,70
1364,70
1365,84
1366,103
1367,95
1368,66
1369,38
1370,35
1371,30
1372,29
1373,31
1374,29
1375,31
1376,34
1377,52
1378,65
1379,89
1380,138
1381,77
1382,88
1383,95
1384,105
1385,101
1386,102
1387,103
1388,105
1389,98
1390,124
1391,112
1392,123
1393,126
1394,114
1395,115
1396,128
1397,138
1398,145
1399,139
1400,119
1401,114
1402,78
1403,80
1404,37
1405,20
1406,20
1407,14
1408,13
1409,16
1410,15
1411,21
1412,72
1413,85
1414,108
1415,128
1416,161
1417,69
1418,59
1419,42
1420,35
1421,35
1422,29
1423,25
1424,23
1425,17
1426,25
1427,39
1428,44
1429,51
1430,61
1431,70
1432,70
1433,65
1434,75
1435,86
1436,91
1437,95
1438,89
1439,96
1440,99
1441,101
1442,101
1443,108
1444,108
1445,115
1446,111
1447,120
1448,125
1449,138
1450,164
1451,169
1452,82
1453,63
1454,37
1455,37
1456,36
1457,30
1458,27
1459,28
1460,34
1461,44
1462,116
1463,139
1464,129
1465,109
1466,97
1467,92
1468,158
1469,178
1470,135
1471,111
1472,114
1473,121
1474,126
1475,133
1476,146
1477,165
1478,202
1479,230
1480,247
1481,236
1482,227
1483,224
1484,187
1485,150
1486,144
1487,123
1488,134
1489,98
1490,101
1491,108
1492,126
1493,125
1494,121
1495,123
1496,126
1497,131
1498,126
1499,156
1500,187
1501,220
1502,237
1503,252
1504,226
1505,231
1506,222
1507,246
1508,261
1509,256
1510,255
1511,263
1512,269
1513,248
1514,89
1515,15
1516,19
1517,15
1518,13
1519,16
1520,19
1521,19
1522,24
1523,24
1524,17
1525,11
1526,17
1527,14
1528,16
1529,16
1530,18
1531,22
1532,30
1533,27
1534,29
1535,20
1536,14
1537,19
1538,16
1539,12
1540,13
1541,15
1542,11
1543,19
1544,16
1545,27
1546,23
1547,29
1548,26
1549,39
1550,52
1551,65
1552,91
1553,103
1554,99
1555,99
1556,103
1557,96
1558,76
1559,69
1560,83
1561,62
1562,51
1563,53
1564,68
1565,71
1566,62
1567,58
1568,69
1569,74
1570,67
1571,57
1572,69
1573,83
1574,92
1575,100
1576,108
1577,132
1578,132
1579,134
1580,128
1581,124
1582,116
1583,114
1584,70
1585,76
1586,68
1587,74
1588,75
1589,63
1590,73
1591,61
1592,63
1593,65
1594,43
1595,29
1596,28
1597,26
1598,29
1599,32
1600,33
1601,43
1602,50
1603,56
1604,63
1605,47
1606,27
1607,20
1608,16
1609,5
1610,7
1611,8
1612,10
1613,13
1614,11
1615,13
1616,20
1617,18
1618,18
1619,14
1620,20
1621,19
1622,20
1623,20
1624,23
1625,21
1626,14
1627,16
1628,16
1629,26
1630,22
1631,27
1632,51
1633,46
1634,51
1635,48
1636,61
1637,58
1638,85
1639,84
1640,87
1641,111
1642,105
1643,70
1644,53
1645,48
1646,44
1647,33
1648,37
1649,40
1650,34
1651,32
1652,33
1653,51
1654,62
1655,68
1656,89
1657,101
1658,106
1659,144
1660,142
1661,140
1662,158
1663,135
1664,145
1665,161
1666,183
1667,199
1668,224
1669,193
1670,167
1671,162
1672,163
1673,163
1674,154
1675,189
1676,210
1677,222
1678,216
1679,219
1680,223
1681,213
1682,314
1683,59
1684,38
1685,29
1686,27
1687,20
1688,18
1689,19
1690,14
1691,19
1692,23
1693,14
1694,12
1695,12
1696,16
1697,16
1698,17
1699,19
1700,32
1701,53
1702,54
1703,52
1704,91
1705,79
1706,71
1707,47
1708,40
1709,41
1710,41
1711,38
1712,50
1713,69
1714,82
1715,79
1716,76
1717,78
1718,71
1719,73
1720,68
1721,58
1722,61
1723,58
1724,75
1725,78
1726,64
1727,53
1728,41
1729,37
1730,44
1731,65
1732,68
1733,75
1734,80
1735,80
1736,105
1737,86
1738,93
1739,90
1740,73
1741,68
1742,68
1743,78
1744,83
1745,86
1746,94
1747,112
1748,108
1749,116
1750,105
1751,112
1752,87
1753,103
1754,129
1755,153
1756,220
1757,175
1758,132
1759,69
1760,60
1761,50
1762,43
1763,36
1764,26
1765,21
1766,27
1767,21
1768,22
1769,22
1770,17
1771,25
1772,52
1773,30
1774,33
1775,38
1776,44
1777,61
1778,63
1779,72
1780,67
1781,55
1782,50
1783,55
1784,71
1785,79
1786,72
1787,73
1788,73
1789,53
1790,56
1791,60
1792,64
1793,53
1794,45
1795,54
1796,62
1797,63
1798,67
1799,85
1800,89
1801,76
1802,41
1803,83
1804,85
1805,41
1806,18
1807,27
1808,33
1809,34
1810,28
1811,27
1812,23
1813,22
1814,26
1815,20
1816,21
1817,24
1818,23
1819,28
1820,39
1821,51
1822,67
1823,66
1824,76
1825,71
1826,89
1827,96
1828,91
1829,86
1830,83
1831,80
1832,90
1833,110
1834,135
1835,144
1836,166
1837,179
1838,201
1839,227
1840,219
1841,208
1842,202
1843,205
1844,206
1845,209
1846,226
1847,222
1848,239
1849,241
1850,249
1851,248
1852,247
1853,228
1854,225
1855,222
1856,221
1857,214
1858,217
1859,231
1860,249
1861,245
1862,250
1863,232
1864,243
1865,239
1866,234
1867,240
1868,224
1869,206
1870,217
1871,180
1872,180
1873,183
1874,180
1875,216
1876,215
1877,700
1878,624
1879,549
1880,473
1881,201
1882,274
1883,381
1884,343
1885,156
1886,64
1887,51
1888,47
1889,37
1890,26
1891,22
1892,19
1893,23
1894,21
1895,27
1896,41
1897,46
1898,55
1899,46
1900,60
1901,47
1902,50
1903,51
1904,41
1905,48
1906,50
1907,55
1908,56
1909,52
1910,49
1911,53
1912,73
1913,82
1914,90
1915,106
1916,113
1917,121
1918,116
1919,111
1920,83
1921,85
1922,87
1923,90
1924,90
1925,100
1926,95
1927,96
1928,102
1929,112
1930,315
1931,784
1932,761
1933,204
1934,122
1935,158
1936,226
1937,128
1938,49
1939,47
1940,27
1941,25
1942,27
1943,18
1944,23
1945,28
1946,16
1947,24
1948,24
1949,25
1950,46
1951,54
1952,60
1953,86
1954,58
1955,63
1956,59
1957,59
1958,54
1959,53
1960,55
1961,60
1962,55
1963,64
1964,64
1965,55
1966,57
1967,63
1968,69
1969,70
1970,72
1971,71
1972,73
1973,71
1974,70
1975,68
1976,63
1977,67
1978,76
1979,65
1980,44
1981,36
1982,29
1983,20
1984,53
1985,92
1986,134
1987,97
1988,64
1989,52
1990,63
1991,36
1992,22
1993,48
1994,52
1995,43
1996,44
1997,51
1998,69
1999,54
2000,10
2001,12
2002,10
2003,9
2004,12
2005,12
2006,18
2007,16
2008,20
2009,20
2010,18
2011,30
2012,27
2013,29
2014,33
2015,34
2016,59
2017,63
2018,67
2019,62
2020,72
2021,48
2022,70
2023,57
2024,61
2025,38
2026,44
2027,37
2028,43
2029,50
2030,64
2031,64
2032,72
2033,70
2034,65
2035,72
2036,84
2037,85
2038,98
2039,142
2040,97
2041,106
2042,89
2043,61
2044,46
2045,127
2046,134
2047,99
2048,85
2049,75
2050,79
2051,81
2052,74
2053,62
2054,71
2055,58
2056,48
2057,50
2058,54
2059,61
2060,59
2061,62
2062,54
2063,57
2064,44
2065,41
2066,48
2067,44
2068,56
2069,59
2070,67
2071,68
2072,99
2073,88
2074,74
2075,86
2076,93
2077,96
2078,120
2079,99
2080,100
2081,63
2082,57
2083,46
2084,48
2085,60
2086,57
2087,72
2088,82
2089,92
2090,100
2091,117
2092,129
2093,132
2094,142
2095,147
2096,169
2097,208
2098,198
2099,203
2100,218
2101,220
2102,222
2103,237
2104,245
2105,260
2106,259
2107,275
2108,280
2109,296
2110,366
2111,317
2112,297
2113,288
2114,288
2115,254
2116,254
2117,248
2118,271
2119,262
2120,252
2121,242
2122,233
2123,224
2124,214
2125,204
2126,195
2127,191
2128,187
2129,183
2130,179
2131,175
2132,171
2133,167
2134,163
2135,160
2136,156
2137,152
2138,148
2139,144
2140,140
2141,136
2142,132
2143,128
2144,124
2145,129
2146,137
2147,145
2148,153
2149,161
2150,168
2151,176
2152,184
2153,192
2154,200
2155,187
2156,149
2157,113
2158,85
2159,71
2160,42
2161,31
2162,39
2163,49
2164,35
2165,31
2166,26
2167,24
2168,22
2169,30
2170,25
2171,21
2172,26
2173,30
2174,35
2175,31
2176,15
2177,16
2178,18
2179,15
2180,17
2181,24
2182,20
2183,54
2184,39
2185,27
2186,52
2187,41
2188,35
2189,44
2190,45
2191,40
2192,27
2193,27
2194,21
2195,14
2196,14
2197,17
2198,13
2199,17
2200,16
2201,18
2202,12
2203,12
2204,21
2205,30
2206,69
2207,77
2208,49
2209,48
2210,53
2211,52
2212,53
2213,58
2214,56
2215,60
2216,100
2217,133
2218,138
2219,67
2220,59
2221,82
2222,89
2223,110
2224,128
2225,132
2226,136
2227,132
2228,119
2229,131
2230,161
2231,168
2232,164
2233,184
2234,178
2235,194
2236,206
2237,191
2238,180
2239,200
2240,170
2241,197
2242,184
2243,167
2244,111
2245,92
2246,44
2247,41
2248,34
2249,27
2250,32
2251,43
2252,61
2253,70
2254,87
2255,98
2256,173
2257,199
2258,177
2259,169
2260,187
2261,166
2262,161
2263,169
2264,180
2265,166
2266,185
2267,166
2268,171
2269,176
2270,186
2271,142
2272,121
2273,130
2274,132
2275,126
2276,47
2277,25
2278,23
2279,20
2280,18
2281,30
2282,14
2283,12
2284,18
2285,19
2286,33
2287,26
2288,24
2289,28
2290,27
2291,19
2292,16
2293,15
2294,16
2295,16
2296,15
2297,17
2298,12
2299,15
2300,17
2301,23
2302,19
2303,24
2304,34
2305,52
2306,55
2307,69
2308,87
2309,102
2310,79
2311,75
2312,68
2313,78
2314,101
2315,114
2316,135
2317,140
2318,118
2319,108
2320,103
2321,94
2322,90
2323,87
2324,80
2325,84
2326,96
2327,110
2328,104
2329,97
2330,84
2331,74
2332,74
2333,67
2334,69
2335,69
2336,75
2337,78
2338,91
2339,107
2340,107
2341,127
2342,132
2343,128
2344,122
2345,113
2346,105
2347,127
2348,144
2349,158
2350,141
2351,124
2352,131
2353,150
2354,137
2355,128
2356,103
2357,60
2358,50
2359,63
2360,77
2361,62
2362,58
2363,77
2364,131
2365,121
2366,81
2367,77
2368,67
2369,66
2370,60
2371,71
2372,94
2373,90
2374,85
2375,75
2376,79
2377,91
2378,89
2379,102
2380,49
2381,14
2382,14
2383,16
2384,14
2385,22
2386,17
2387,16
2388,19
2389,19
2390,24
2391,22
2392,22
2393,32
2394,30
2395,24
2396,29
2397,56
2398,58
2399,53
2400,37
2401,39
2402,40
2403,44
2404,48
2405,54
2406,73
2407,89
2408,80
2409,84
2410,91
2411,68
2412,67
2413,75
2414,68
2415,63
2416,57
2417,50
2418,63
2419,81
2420,78
2421,79
2422,87
2423,86
2424,86
2425,87
2426,84
2427,86
2428,108
2429,116
2430,105
2431,95
2432,44
2433,33
2434,23
2435,22
2436,42
2437,88
2438,40
2439,25
2440,29
2441,31
2442,23
2443,14
2444,14
2445,12
2446,11
2447,8
2448,7
2449,8
2450,11
2451,14
2452,13
2453,13
2454,16
2455,14
2456,14
2457,19
2458,12
2459,13
2460,15
2461,14
2462,13
2463,12
2464,11
2465,13
2466,13
2467,13
2468,17
2469,31
2470,47
2471,68
2472,69
2473,100
2474,81
2475,55
2476,48
2477,42
2478,39
2479,26
2480,24
2481,25
2482,30
2483,43
2484,42
2485,57
2486,38
2487,41
2488,54
2489,50
2490,81
2491,96
2492,94
2493,84
2494,67
2495,70
2496,76
2497,79
2498,81
2499,84
2500,97
2501,106
2502,121
2503,130
2504,142
2505,171
2506,196
2507,198
2508,206
2509,203
2510,204
2511,199
2512,193
2513,194
2514,202
2515,200
2516,206
2517,212
2518,220
2519,237
2520,225
2521,235
2522,239
2523,244
2524,255
2525,247
2526,253
2527,242
2528,244
2529,235
2530,249
2531,254
2532,266
2533,286
2534,289
2535,285
2536,215
2537,185
2538,151
2539,134
2540,143
2541,123
2542,102
2543,96
2544,92
2545,91
2546,107
2547,103
2548,129
2549,130
2550,116
2551,128
2552,152
2553,154
2554,151
2555,165
2556,149
2557,162
2558,170
2559,143
2560,144
2561,156
2562,161
2563,140
2564,134
2565,138
2566,184
2567,223
2568,212
2569,206
2570,212
2571,209
2572,198
2573,192
2574,184
2575,177
2576,183
2577,184
2578,195
2579,209
2580,200
2581,207
2582,215
2583,229
2584,248
2585,255
2586,268
2587,264
2588,257
2589,300
2590,309
2591,331
2592,351
2593,389
2594,385
2595,382
2596,382
2597,369
2598,343
2599,342
2600,324
2601,307
2602,272
2603,131
2604,36
2605,22
2606,17
2607,17
2608,27
2609,170
2610,175
2611,121
2612,198
2613,184
2614,167
2615,155
2616,152
2617,110
2618,94
2619,100
2620,100
2621,94
2622,87
2623,82
2624,83
2625,94
2626,92
2627,84
2628,69
2629,83
2630,90
2631,95
2632,73
2633,66
2634,77
2635,80
2636,76
2637,80
2638,71
2639,55
2640,53
2641,48
2642,52
2643,46
2644,38
2645,30
2646,26
2647,27
2648,47
2649,50
2650,51
2651,48
2652,51
2653,49
2654,51
2655,39
2656,23
2657,16
2658,26
2659,32
2660,35
2661,34
2662,46
2663,44
2664,41
2665,34
2666,31
2667,49
2668,37
2669,27
2670,37
2671,45
2672,44
2673,53
2674,48
2675,47
2676,46
2677,42
2678,40
2679,38
2680,30
2681,34
2682,35
2683,35
2684,26
2685,33
2686,47
2687,41
2688,47
2689,37
2690,41
2691,60
2692,62
2693,36
2694,31
2695,24
2696,65
2697,51
2698,41
2699,39
2700,31
2701,19
2702,19
2703,18
2704,10
2705,16
2706,23
2707,21
2708,20
2709,23
2710,32
2711,39
2712,38
2713,45
2714,53
2715,56
2716,54
2717,65
2718,73
2719,70
2720,81
2721,90
2722,86
2723,107
2724,122
2725,114
2726,111
2727,112
2728,111
2729,117
2730,103
2731,85
2732,79
2733,78
2734,83
2735,89
2736,93
2737,98
2738,93
2739,96
2740,92
2741,106
2742,98
2743,110
2744,129
2745,141
2746,140
2747,142
2748,134
2749,133
2750,128
2751,110
2752,120
2753,135
2754,22
2755,15
2756,19
2757,16
2758,9
2759,7
2760,7
2761,10
2762,8
2763,5
2764,9
2765,20
2766,8
2767,7
2768,6
2769,16
2770,10
2771,11
2772,11
2773,18
2774,26
2775,25
2776,20
2777,24
2778,15
2779,10
2780,10
2781,14
2782,11
2783,11
2784,16
2785,13
2786,16
2787,15
2788,17
2789,18
2790,22
2791,19
2792,22
2793,27
2794,31
2795,42
2796,46
2797,50
2798,45
2799,47
2800,30
2801,31
2802,16
2803,14
2804,17
2805,15
2806,14
2807,14
2808,11
2809,24
2810,27
2811,15
2812,13
2813,11
2814,11
2815,13
2816,13
2817,14
2818,15
2819,14
2820,19
2821,14
2822,13
2823,15
2824,11
2825,20
2826,16
2827,14
2828,17
2829,16
2830,15
2831,38
2832,15
2833,18
2834,16
2835,19
2836,18
2837,20
2838,19
2839,17
2840,21
2841,20
2842,19
2843,17
2844,16
2845,15
2846,17
2847,22
2848,19
2849,17
2850,18
2851,27
2852,22
2853,18
2854,19
2855,15
2856,19
2857,27
2858,21
2859,24
2860,32
2861,40
2862,36
2863,20
2864,32
2865,28
2866,21
2867,20
2868,19
2869,19
2870,16
2871,20
2872,15
2873,20
2874,20
2875,23
2876,37
2877,34
2878,39
2879,45
2880,54
2881,62
2882,70
2883,66
2884,70
2885,82
2886,97
2887,86
2888,94
2889,89
2890,90
2891,86
2892,70
2893,79
2894,80
2895,69
2896,52
2897,48
2898,35
2899,31
2900,37
2901,63
2902,61
2903,74
2904,74
2905,75
2906,68
2907,77
2908,93
2909,102
2910,111
2911,127
2912,132
2913,146
2914,151
2915,142
2916,115
2917,59
2918,63
2919,65
2920,57
2921,55
2922,45
2923,39
2924,32
2925,32
2926,31
2927,32
2928,24
2929,36
2930,56
2931,43
2932,69
2933,45
2934,44
2935,64
2936,80
2937,53
2938,102
2939,133
2940,151
2941,149
2942,141
2943,146
2944,150
2945,150
2946,151
2947,142
2948,138
2949,142
2950,142
2951,150
2952,160
2953,118
2954,114
2955,111
2956,113
2957,120
2958,129
2959,133
2960,118
2961,119
2962,118
2963,132
2964,128
2965,135
2966,123
2967,118
2968,104
2969,121
2970,136
2971,172
2972,208
2973,228
2974,201
2975,142
2976,154
2977,165
2978,182
2979,158
2980,181
2981,202
2982,202
2983,198
2984,215
2985,216
2986,261
2987,283
2988,282
2989,260
2990,70
2991,32
2992,13
2993,9
2994,7
2995,11
2996,14
2997,14
2998,14
2999,12
3000,10
3001,16
3002,9
3003,10
3004,10
3005,11
3006,13
3007,12
3008,17
3009,15
3010,19
3011,20
3012,16
3013,20
3014,17
3015,14
3016,18
3017,16
3018,16
3019,18
3020,25
3021,32
3022,35
3023,35
3024,41
3025,48
3026,50
3027,52
3028,57
3029,64
3030,66
3031,73
3032,72
3033,81
3034,85
3035,87
3036,165
3037,219
3038,228
3039,204
3040,173
3041,126
3042,130
3043,115
3044,58
3045,45
3046,30
3047,38
3048,48
3049,50
3050,71
3051,49
3052,67
3053,59
3054,78
3055,140
3056,159
3057,191
3058,201
3059,203
3060,202
3061,163
3062,135
3063,119
3064,107
3065,110
3066,114
3067,132
3068,150
3069,154
3070,148
3071,144
3072,133
3073,139
3074,129
3075,122
3076,120
3077,129
3078,294
3079,100
3080,55
3081,32
3082,19
3083,18
3084,14
3085,20
3086,27
3087,31
3088,39
3089,28
3090,56
3091,53
3092,59
3093,82
3094,108
3095,117
3096,126
3097,132
3098,125
3099,96
3100,40
3101,46
3102,50
3103,58
3104,55
3105,50
3106,55
3107,45
3108,43
3109,63
3110,62
3111,58
3112,28
3113,32
3114,21
3115,15
3116,15
3117,8
3118,20
3119,11
3120,11
3121,10
3122,8
3123,7
3124,5
3125,5
3126,5
3127,4
3128,6
3129,10
3130,13
3131,12
3132,12
3133,16
3134,16
3135,18
3136,16
3137,11
3138,20
3139,20
3140,19
3141,24
3142,39
3143,35
3144,54
3145,49
3146,43
3147,40
3148,37
3149,38
3150,33
3151,31
3152,55
3153,51
3154,55
3155,49
3156,42
3157,44
3158,44
3159,40
3160,43
3161,45
3162,41
3163,43
3164,38
3165,44
3166,43
3167,46
3168,54
3169,52
3170,54
3171,60
3172,69
3173,75
3174,73
3175,72
3176,78
3177,83
3178,83
3179,82
3180,74
3181,60
3182,43
3183,41
3184,57
3185,66
3186,68
3187,78
3188,83
3189,68
3190,64
3191,69
3192,64
3193,60
3194,65
3195,61
3196,83
3197,112
3198,99
3199,108
3200,123
3201,117
3202,130
3203,130
3204,138
3205,147
3206,157
3207,140
3208,140
3209,159
3210,158
3211,168
3212,173
3213,181
3214,193
3215,209
3216,216
3217,219
3218,224
3219,231
3220,237
3221,238
3222,235
3223,222
3224,221
3225,223
3226,203
3227,191
3228,185
3229,181
3230,162
3231,185
3232,188
3233,170
3234,142
3235,126
3236,117
3237,113
3238,122
3239,114
3240,113
3241,107
3242,105
3243,98
3244,115
3245,121
3246,144
3247,185
3248,182
3249,178
3250,185
3251,163
3252,145
3253,137
3254,136
3255,100
3256,81
3257,56
3258,33
3259,70
3260,87
3261,69
3262,47
3263,48
3264,47
3265,51
3266,49
3267,36
3268,44
3269,41
3270,50
3271,51
3272,48
3273,53
3274,77
3275,74
3276,82
3277,75
3278,76
3279,79
3280,84
3281,89
3282,89
3283,90
3284,90
3285,83
3286,96
3287,74
3288,84
3289,86
3290,86
3291,94
3292,105
3293,89
3294,79
3295,13
3296,12
3297,17
3298,13
3299,16
3300,37
3301,53
3302,72
3303,64
3304,60
3305,54
3306,29
3307,41
3308,56
3309,33
3310,31
3311,41
3312,58
3313,49
3314,38
3315,41
3316,34
3317,27
3318,23
3319,34
3320,34
3321,43
3322,50
3323,47
3324,44
3325,36
3326,29
3327,27
3328,30
3329,30
3330,21
3331,19
3332,21
3333,28
3334,32
3335,33
3336,44
3337,61
3338,65
3339,66
3340,89
3341,103
3342,113
3343,104
3344,103
3345,75
3346,65
3347,67
3348,53
3349,51
3350,58
3351,39
3352,36
3353,36
3354,34
3355,37
3356,40
3357,43
3358,54
3359,68
3360,78
3361,93
3362,91
3363,96
3364,106
3365,101
3366,90
3367,95
3368,105
3369,110
3370,116
3371,129
3372,134
3373,120
3374,78
3375,72
3376,79
3377,86
3378,77
3379,82
3380,65
3381,93
3382,148
3383,197
3384,234
3385,229
3386,214
3387,229
3388,198
3389,163
3390,119
3391,124
3392,131
3393,157
3394,178
3395,187
3396,182
3397,174
3398,167
3399,128
3400,108
3401,121
3402,127
3403,118
3404,116
3405,115
3406,123
3407,106
3408,118
3409,149
3410,163
3411,155
3412,150
3413,155
3414,176
3415,165
3416,138
3417,139
3418,140
3419,139
3420,135
3421,115
3422,100
3423,104
3424,70
3425,63
3426,53
3427,79
3428,72
3429,165
3430,149
3431,139
3432,93
3433,100
3434,78
3435,78
3436,73
3437,85
3438,98
3439,47
3440,45
3441,40
3442,35
3443,30
3444,31
3445,24
3446,42
3447,28
3448,23
3449,28
3450,26
3451,23
3452,30
3453,44
3454,45
3455,28
3456,18
3457,20
3458,24
3459,18
3460,28
3461,16
3462,14
3463,14
3464,24
3465,29
3466,45
3467,33
3468,46
3469,39
3470,28
3471,55
3472,45
3473,27
3474,48
3475,57
3476,33
3477,43
3478,35
3479,37
3480,39
3481,47
3482,105
3483,104
3484,139
3485,92
3486,86
3487,81
3488,65
3489,131
3490,137
3491,118
3492,115
3493,80
3494,79
3495,62
3496,58
3497,63
3498,72
3499,59
3500,48
3501,40
3502,48
3503,59
3504,78
3505,90
3506,91
3507,98
3508,92
3509,81
3510,74
3511,80
3512,67
3513,108
3514,92
3515,71
3516,92
3517,84
3518,85
3519,83
3520,96
3521,70
3522,72
3523,85
3524,86
3525,87
3526,88
3527,88
3528,89
3529,90
3530,89
3531,100
3532,86
3533,83
3534,94
3535,111
3536,133
3537,127
3538,152
3539,157
3540,142
3541,127
3542,132
3543,117
3544,111
3545,108
3546,107
3547,142
3548,180
3549,206
3550,193
3551,186
3552,168
3553,175
3554,181
3555,174
3556,205
3557,219
3558,214
3559,230
3560,242
3561,251
3562,234
3563,187
3564,220
3565,92
3566,28
3567,65
3568,16
3569,19
3570,20
3571,17
3572,22
3573,34
3574,214
3575,314
3576,71
3577,33
3578,26
3579,30
3580,33
3581,22
3582,17
3583,25
3584,29
3585,18
3586,19
3587,23
3588,54
3589,41
3590,26
3591,18
3592,37
3593,39
3594,29
3595,59
3596,97
3597,30
3598,65
3599,83
3600,94
3601,77
3602,69
3603,59
3604,75
3605,88
3606,91
3607,98
3608,118
3609,105
3610,103
3611,77
3612,76
3613,85
3614,69
3615,50
3616,39
3617,45
3618,99
3619,92
3620,79
3621,61
3622,60
3623,132
3624,179
3625,189
3626,177
3627,112
3628,94
3629,87
3630,92
3631,86
3632,87
3633,98
3634,87
3635,106
3636,107
3637,110
3638,120
3639,103
3640,98
3641,138
3642,178
3643,80
3644,100
3645,115
3646,92
3647,91
3648,90
3649,89
3650,88
3651,88
3652,87
3653,86
3654,85
3655,84
3656,83
3657,82
3658,81
3659,80
3660,79
3661,78
3662,78
3663,77
3664,76
3665,75
3666,74
3667,97
3668,119
3669,128
3670,129
3671,141
3672,159
3673,190
3674,154
3675,156
3676,134
3677,133
3678,94
3679,109
3680,140
3681,152
3682,127
3683,114
3684,121
3685,122
3686,113
3687,104
3688,108
3689,101
3690,92
3691,82
3692,83
3693,85
3694,90
3695,81
3696,86
3697,79
3698,71
3699,64
3700,63
3701,76
3702,89
3703,101
3704,95
3705,82
3706,85
3707,79
3708,76
3709,77
3710,78
3711,79
3712,80
3713,81
3714,82
3715,83
3716,84
3717,85
3718,86
3719,87
3720,88
3721,89
3722,90
3723,91
3724,92
3725,94
3726,94
3727,96
3728,96
3729,98
3730,99
3731,100
3732,101
3733,102
3734,103
3735,104
3736,105
3737,106
3738,107
3739,108
3740,109
3741,110
3742,111
3743,112
3744,113
3745,114
3746,115
3747,116
3748,117
3749,118
3750,119
3751,120
3752,121
3753,122
3754,123
3755,124
3756,125
3757,126
3758,127
3759,128
3760,129
3761,130
3762,132
3763,132
3764,134
3765,135
3766,136
3767,137
3768,138
3769,139
3770,140
3771,141
3772,142
3773,143
3774,144
3775,145
3776,146
3777,147
3778,148
3779,149
3780,150
3781,151
3782,129
3783,107
3784,112
3785,109
3786,113
3787,108
3788,172
3789,157
3790,142
3791,148
3792,131
3793,128
3794,148
3795,176
3796,191
3797,188
3798,185
3799,181
3800,178
3801,175
3802,172
3803,169
3804,166
3805,162
3806,159
3807,156
3808,153
3809,150
3810,146
3811,143
3812,140
3813,137
3814,134
3815,130
3816,127
3817,124
3818,121
3819,118
3820,115
3821,111
3822,108
3823,105
3824,102
3825,99
3826,96
3827,92
3828,89
3829,86
3830,83
3831,80
3832,76
3833,73
3834,70
3835,60
3836,41
3837,40
3838,32
3839,51
3840,42
3841,42
3842,38
3843,43
3844,63
3845,63
3846,62
3847,60
3848,46
3849,41
3850,42
3851,39
3852,36
3853,34
3854,47
3855,36
3856,40
3857,35
3858,38
3859,46
3860,77
3861,53
3862,58
3863,78
3864,80
3865,88
3866,97
3867,77
3868,72
3869,78
3870,81
3871,97
3872,72
3873,78
3874,71
3875,74
3876,73
3877,85
3878,92
3879,100
3880,95
3881,98
3882,89
3883,95
3884,93
3885,93
3886,93
3887,94
3888,99
3889,101
3890,144
3891,160
3892,142
3893,105
3894,97
3895,94
3896,90
3897,91
3898,98
3899,104
3900,115
3901,100
3902,115
3903,111
3904,84
3905,89
3906,104
3907,96
3908,119
3909,129
3910,125
3911,127
3912,104
3913,13
3914,19
3915,23
3916,153
3917,126
3918,140
3919,131
3920,141
3921,149
3922,137
3923,137
3924,154
3925,147
3926,143
3927,151
3928,165
3929,174
3930,173
3931,157
3932,198
3933,37
3934,35
3935,42
3936,38
3937,57
3938,68
3939,63
3940,80
3941,63
3942,74
3943,77
3944,67
3945,78
3946,82
3947,68
3948,56
3949,65
3950,68
3951,67
3952,77
3953,82
3954,85
3955,95
3956,100
3957,118
3958,142
3959,137
3960,139
3961,151
3962,191
3963,216
3964,229
3965,198
3966,175
3967,159
3968,196
3969,199
3970,150
3971,128
3972,139
3973,148
3974,136
3975,117
3976,108
3977,75
3978,66
3979,89
3980,118
3981,152
3982,183
3983,99
3984,91
3985,105
3986,139
3987,129
3988,149
3989,139
3990,155
3991,86
3992,67
3993,62
3994,63
3995,81
3996,95
3997,109
3998,120
3999,125
4000,130
4001,133
4002,139
4003,109
4004,20
4005,20
4006,22
4007,27
4008,30
4009,33
4010,37
4011,45
4012,50
4013,46
4014,42
4015,35
4016,51
4017,44
4018,43
4019,30
4020,27
4021,19
4022,35
4023,21
4024,16
4025,26
4026,36
4027,29
4028,40
4029,37
4030,39
4031,50
4032,49
4033,41
4034,34
4035,58
4036,57
4037,39
4038,40
4039,41
4040,44
4041,49
4042,61
4043,74
4044,93
4045,96
4046,81
4047,74
4048,79
4049,63
4050,69
4051,95
4052,100
4053,100
4054,88
4055,65
4056,69
4057,70
4058,89
4059,98
4060,96
4061,98
4062,96
4063,90
4064,92
4065,99
4066,106
4067,120
4068,109
4069,74
4070,87
4071,93
4072,99
4073,82
4074,80
4075,78
4076,83
4077,92
4078,104
4079,116
4080,117
4081,205
4082,202
4083,227
4084,240
4085,124
4086,77
4087,95
4088,99
4089,82
4090,65
4091,48
4092,21
4093,15
4094,11
4095,11
4096,10
4097,10
4098,49
4099,49
4100,41
4101,71
4102,62
4103,48
4104,70
4105,61
4106,62
4107,66
4108,63
4109,55
4110,42
4111,48
4112,52
4113,59
4114,63
4115,64
4116,86
4117,85
4118,91
4119,85
4120,89
4121,78
4122,64
4123,69
4124,92
4125,89
4126,79
4127,107
4128,132
4129,124
4130,117
4131,122
4132,121
4133,135
4134,140
4135,122
4136,131
4137,135
4138,136
4139,136
4140,136
4141,136
4142,136
4143,136
4144,136
4145,136
4146,136
4147,136
4148,136
4149,136
4150,136
4151,136
4152,136
4153,136
4154,136
4155,136
4156,136
4157,136
4158,136
4159,136
4160,136
4161,136
4162,136
4163,136
4164,48
4165,48
4166,42
4167,39
4168,35
4169,40
4170,48
4171,55
4172,62
4173,61
4174,66
4175,68
4176,69
4177,54
4178,78
4179,63
4180,69
4181,76
4182,68
4183,100
4184,109
4185,120
4186,104
4187,104
4188,106
4189,96
4190,70
4191,49
4192,49
4193,38
4194,48
4195,57
4196,60
4197,64
4198,81
4199,83
4200,98
4201,114
4202,169
4203,231
4204,214
4205,188
4206,165
4207,191
4208,149
4209,140
4210,149
4211,151
4212,159
4213,166
4214,136
4215,116
4216,118
4217,107
4218,171
4219,170
4220,150
4221,131
4222,195
4223,215
4224,227
4225,190
4226,207
4227,204
4228,251
4229,252
4230,238
4231,224
4232,211
4233,205
4234,209
4235,205
4236,184
4237,160
4238,150
4239,160
4240,152
4241,149
4242,133
4243,115
4244,127
4245,119
4246,124
4247,102
4248,91
4249,92
4250,97
4251,100
4252,97
4253,80
4254,94
4255,121
4256,153
4257,133
4258,163
4259,153
4260,139
4261,131
4262,120
4263,118
4264,117
4265,111
4266,117
4267,116
4268,131
4269,118
4270,121
4271,112
4272,97
4273,111
4274,126
4275,151
4276,140
4277,134
4278,118
4279,124
4280,112
4281,101
4282,131
4283,137
4284,166
4285,152
4286,153
4287,164
4288,174
4289,159
4290,174
4291,189
4292,198
4293,184
4294,194
4295,200
4296,190
4297,196
4298,228
4299,199
4300,201
4301,215
4302,247
4303,249
4304,198
4305,201
4306,211
4307,181
4308,184
4309,172
4310,134
4311,153
4312,170
4313,194
4314,196
4315,175
4316,166
4317,174
4318,158
4319,153
4320,170
4321,188
4322,155
4323,158
4324,154
4325,160
4326,175
4327,172
4328,197
4329,205
4330,195
4331,164
4332,159
4333,156
4334,162
4335,152
4336,150
4337,159
4338,154
4339,174
4340,184
4341,230
4342,235
4343,203
4344,219
4345,209
4346,198
4347,203
4348,241
4349,239
4350,225
4351,204
4352,163
4353,174
4354,154
4355,150
4356,126
4357,121
4358,124
4359,121
4360,92
4361,38
4362,28
4363,46
4364,32
4365,40
4366,36
4367,27
4368,37
4369,46
4370,43
4371,37
4372,40
4373,45
4374,17
4375,11
4376,17
4377,20
4378,29
4379,34
4380,40
4381,23
4382,17
4383,14
4384,12
4385,13
4386,14
4387,15
4388,31
4389,34
4390,35
4391,33
4392,41
4393,34
4394,43
4395,54
4396,73
4397,94
4398,90
4399,55
4400,50
4401,73
4402,77
4403,89
4404,93
4405,100
4406,95
4407,88
4408,85
4409,68
4410,72
4411,57
4412,48
4413,37
4414,67
4415,54
4416,59
4417,79
4418,94
4419,127
4420,153
4421,168
4422,161
4423,145
4424,127
4425,119
4426,103
4427,100
4428,78
4429,77
4430,58
4431,47
4432,43
4433,66
4434,56
4435,51
4436,60
4437,61
4438,66
4439,77
4440,87
4441,105
4442,117
4443,122
4444,132
4445,114
4446,104
4447,78
4448,59
4449,35
4450,31
4451,15
4452,15
4453,13
4454,11
4455,8
4456,10
4457,13
4458,12
4459,9
4460,21
4461,20
4462,34
4463,32
4464,44
4465,62
4466,34
4467,24
4468,25
4469,28
4470,28
4471,24
4472,22
4473,21
4474,27
4475,19
4476,4
4477,2
4478,3
4479,9
4480,7
4481,21
4482,23
4483,17
4484,25
4485,36
4486,50
4487,44
4488,59
4489,47
4490,24
4491,29
4492,35
4493,45
4494,52
4495,46
4496,46
4497,49
4498,39
4499,54
4500,57
4501,59
4502,69
4503,79
4504,79
4505,61
4506,65
4507,68
4508,76
4509,79
4510,80
4511,67
4512,61
4513,52
4514,55
4515,45
4516,50
4517,52
4518,52
4519,46
4520,63
4521,74
4522,77
4523,71
4524,49
4525,31
4526,28
4527,21
4528,21
4529,14
4530,23
4531,31
4532,32
4533,32
4534,33
4535,70
4536,73
4537,69
4538,86
4539,81
4540,67
4541,69
4542,69
4543,79
4544,84
4545,79
4546,86
4547,96
4548,90
4549,90
4550,97
4551,112
4552,119
4553,123
4554,105
4555,70
4556,83
4557,91
4558,91
4559,74
4560,58
4561,31
4562,40
4563,43
4564,68
4565,73
4566,88
4567,108
4568,106
4569,98
4570,84
4571,79
4572,83
4573,100
4574,116
4575,117
4576,92
4577,72
4578,83
4579,88
4580,77
4581,72
4582,80
4583,71
4584,72
4585,77
4586,99
4587,107
4588,107
4589,110
4590,110
4591,130
4592,165
4593,168
4594,155
4595,181
4596,164
4597,154
4598,178
4599,193
4600,186
4601,192
4602,223
4603,220
4604,193
4605,231
4606,219
4607,211
4608,161
4609,164
4610,60
4611,42
4612,45
4613,45
4614,49
4615,87
4616,92
4617,69
4618,83
4619,86
4620,111
4621,100
4622,104
4623,188
4624,122
4625,155
4626,184
4627,181
4628,211
4629,181
4630,185
4631,186
4632,173
4633,189
4634,148
4635,145
4636,206
4637,107
4638,62
4639,51
4640,58
4641,61
4642,72
4643,85
4644,105
4645,84
4646,92
4647,99
4648,96
4649,107
4650,110
4651,114
4652,121
4653,110
4654,99
4655,117
4656,112
4657,122
4658,139
4659,141
4660,111
4661,120
4662,103
4663,118
4664,118
4665,124
4666,120
4667,134
4668,143
4669,161
4670,116
4671,95
4672,131
4673,105
4674,102
4675,118
4676,130
4677,150
4678,167
4679,174
4680,161
4681,168
4682,176
4683,152
4684,126
4685,162
4686,141
4687,167
4688,163
4689,175
4690,208
4691,216
4692,193
4693,167
4694,193
4695,196
4696,172
4697,211
4698,183
4699,220
4700,262
4701,235
4702,286
4703,264
4704,266
4705,213
4706,196
4707,185
4708,199
4709,225
4710,231
4711,209
4712,231
4713,259
4714,310
4715,304
4716,290
4717,283
4718,212
4719,185
4720,195
4721,188
4722,169
4723,178
4724,161
4725,139
4726,116
4727,127
4728,61
4729,50
4730,57
4731,55
4732,47
4733,53
4734,68
4735,60
4736,73
4737,100
4738,196
4739,154
4740,172
4741,186
4742,176
4743,177
4744,120
4745,98
4746,90
4747,91
4748,130
4749,111
4750,143
4751,145
4752,176
4753,219
4754,245
4755,267
4756,203
4757,140
4758,164
4759,122
4760,98
4761,83
4762,123
4763,167
4764,153
4765,149
4766,140
4767,158
4768,122
4769,113
4770,164
4771,177
4772,165
4773,148
4774,142
4775,142
4776,141
4777,147
4778,161
4779,188
4780,227
4781,236
4782,275
4783,258
4784,250
4785,241
4786,232
4787,246
4788,263
4789,270
4790,286
4791,212
4792,75
4793,78
4794,76
4795,47
4796,56
4797,55
4798,63
4799,36
4800,50
4801,63
4802,60
4803,53
4804,54
4805,58
4806,46
4807,49
4808,35
4809,43
4810,35
4811,46
4812,34
4813,34
4814,27
4815,34
4816,47
4817,45
4818,36
4819,40
4820,31
4821,39
4822,44
4823,49
4824,34
4825,47
4826,77
4827,75
4828,109
4829,101
4830,92
4831,99
4832,88
4833,96
4834,81
4835,70
4836,59
4837,60
4838,54
4839,47
4840,54
4841,42
4842,53
4843,51
4844,62
4845,70
4846,70
4847,79
4848,64
4849,67
4850,73
4851,91
4852,121
4853,147
4854,202
4855,209
4856,227
4857,227
4858,202
4859,197
4860,202
4861,206
4862,201
4863,153
4864,130
4865,130
4866,137
4867,139
4868,153
4869,194
4870,176
4871,170
4872,169
4873,189
4874,207
4875,202
4876,172
4877,247
4878,233
4879,227
4880,255
4881,245
4882,222
4883,226
4884,239
4885,201
4886,154
4887,144
4888,122
4889,132
4890,114
4891,102
4892,110
4893,117
4894,99
4895,101
4896,105
4897,84
4898,84
4899,85
4900,101
4901,105
4902,114
4903,116
4904,118
4905,114
4906,125
4907,104
4908,85
4909,88
4910,82
4911,77
4912,71
4913,77
4914,60
4915,64
4916,71
4917,81
4918,96
4919,111
4920,145
4921,165
4922,196
4923,211
4924,204
4925,201
4926,201
4927,201
4928,204
4929,228
4930,231
4931,199
4932,201
4933,137
4934,113
4935,106
4936,96
4937,111
4938,118
4939,128
4940,125
4941,131
4942,138
4943,150
4944,146
4945,161
4946,159
4947,173
4948,186
4949,204
4950,211
4951,225
4952,215
4953,227
4954,244
4955,251
4956,245
4957,249
4958,234
4959,262
4960,269
4961,240
4962,194
4963,174
4964,202
4965,196
4966,171
4967,195
4968,174
4969,178
4970,193
4971,196
4972,220
4973,208
4974,225
4975,224
4976,243
4977,230
4978,210
4979,201
4980,199
4981,176
4982,192
4983,189
4984,173
4985,171
4986,161
4987,148
4988,140
4989,130
4990,126
4991,139
4992,138
4993,152
4994,150
4995,157
4996,147
4997,154
4998,185
4999,189
5000,198
5001,179
5002,180
5003,180
5004,178
5005,181
5006,177
5007,165
5008,198
5009,193
5010,183
5011,189
5012,184
5013,194
5014,169
5015,172
5016,188
5017,159
5018,151
5019,149
5020,151
5021,131
5022,142
5023,149
5024,155
5025,156
5026,169
5027,171
5028,192
5029,215
5030,204
5031,178
5032,197
5033,210
5034,244
5035,278
5036,257
5037,277
5038,276
5039,246
5040,285
5041,246
5042,230
5043,224
5044,210
5045,216
5046,199
5047,179
5048,190
5049,206
5050,215
5051,204
5052,229
5053,219
5054,227
5055,192
5056,240
5057,280
5058,302
5059,267
5060,205
5061,188
5062,165
5063,170
5064,155
5065,185
5066,201
5067,197
5068,201
5069,208
5070,242
5071,259
5072,234
5073,248
5074,281
5075,306
5076,182
5077,46
5078,22
5079,22
5080,20
5081,21
5082,18
5083,18
5084,13
5085,13
5086,13
5087,30
5088,34
5089,44
5090,22
5091,35
5092,53
5093,46
5094,48
5095,33
5096,45
5097,53
5098,57
5099,66
5100,45
5101,47
5102,49
5103,27
5104,30
5105,26
5106,22
5107,25
5108,28
5109,23
5110,37
5111,66
5112,70
5113,85
5114,105
5115,78
5116,64
5117,38
5118,41
5119,91
5120,90
5121,100
5122,114
5123,117
5124,90
5125,100
5126,71
5127,65
5128,44
5129,36
5130,29
5131,38
5132,41
5133,48
5134,50
5135,52
5136,64
5137,74
5138,71
5139,83
5140,94
5141,85
5142,96
5143,154
5144,121
5145,142
5146,179
5147,184
5148,166
5149,163
5150,144
5151,139
5152,161
5153,165
5154,174
5155,195
5156,176
5157,171
5158,174
5159,199
5160,198
5161,198
5162,202
5163,199
5164,202
5165,178
5166,203
5167,178
5168,155
5169,159
5170,170
5171,205
5172,202
5173,137
5174,86
5175,69
5176,35
5177,35
5178,41
5179,33
5180,36
5181,38
5182,41
5183,37
5184,43
5185,45
5186,36
5187,28
5188,19
5189,31
5190,35
5191,32
5192,28
5193,33
5194,24
5195,23
5196,15
5197,13
5198,30
5199,11
5200,13
5201,16
5202,24
5203,20
5204,9
5205,18
5206,12
5207,12
5208,11
5209,11
5210,12
5211,10
5212,15
5213,16
5214,14
5215,13
5216,25
5217,21
5218,23
5219,16
5220,12
5221,10
5222,11
5223,18
5224,18
5225,16
5226,20
5227,19
5228,18
5229,27
5230,46
5231,38
5232,48
5233,62
5234,65
5235,78
5236,85
5237,76
5238,79
5239,92
5240,105
5241,90
5242,108
5243,105
5244,106
5245,106
5246,107
5247,119
5248,108
5249,101
5250,91
5251,38
5252,39
5253,42
5254,39
5255,38
5256,38
5257,45
5258,40
5259,44
5260,44
5261,55
5262,62
5263,63
5264,56
5265,68
5266,57
5267,71
5268,66
5269,75
5270,81
5271,98
5272,114
5273,119
5274,125
5275,115
5276,124
5277,141
5278,157
5279,187
5280,221
5281,221
5282,221
5283,218
5284,231
5285,231
5286,231
5287,208
5288,211
5289,255
5290,258
5291,246
5292,239
5293,207
5294,224
5295,245
5296,221
5297,208
5298,209
5299,224
5300,270
5301,271
5302,297
5303,275
5304,295
5305,336
5306,360
5307,263
5308,271
5309,284
5310,145
5311,123
5312,65
5313,32
5314,34
5315,45
5316,17
5317,40
5318,60
5319,83
5320,110
5321,121
5322,155
5323,168
5324,154
5325,160
5326,175
5327,172
5328,183
5329,182
5330,194
5331,132
5332,141
5333,122
5334,101
5335,100
5336,92
5337,94
5338,120
5339,166
5340,223
5341,181
5342,128
5343,117
5344,97
5345,96
5346,79
5347,61
5348,66
5349,69
5350,76
5351,81
5352,70
5353,83
5354,81
5355,74
5356,70
5357,74
5358,94
5359,111
5360,115
5361,117
5362,110
5363,96
5364,93
5365,113
5366,111
5367,115
5368,105
5369,94
5370,99
5371,71
5372,53
5373,47
5374,83
5375,96
5376,111
5377,100
5378,84
5379,88
5380,79
5381,75
5382,88
5383,87
5384,96
5385,96
5386,132
5387,141
5388,174
5389,167
5390,184
5391,194
5392,190
5393,146
5394,183
5395,157
5396,144
5397,144
5398,143
5399,143
5400,142
5401,142
5402,141
5403,141
5404,140
5405,140
5406,139
5407,139
5408,138
5409,138
5410,138
5411,137
5412,137
5413,136
5414,136
5415,135
5416,135
5417,134
5418,134
5419,133
5420,133
5421,132
5422,132
5423,132
5424,131
5425,131
5426,130
5427,130
5428,129
5429,129
5430,128
5431,128
5432,127
5433,127
5434,126
5435,126
5436,125
5437,125
5438,124
5439,124
5440,124
5441,123
5442,123
5443,122
5444,122
5445,121
5446,121
5447,120
5448,120
5449,119
5450,119
5451,118
5452,118
5453,118
5454,117
5455,117
5456,116
5457,116
5458,115
5459,115
5460,114
5461,114
5462,113
5463,113
5464,112
5465,112
5466,68
5467,45
5468,69
5469,68
5470,92
5471,79
5472,68
5473,76
5474,81
5475,97
5476,114
5477,140
5478,158
5479,158
5480,182
5481,166
5482,188
5483,194
5484,174
5485,173
5486,121
5487,125
5488,122
5489,118
5490,123
5491,127
5492,152
5493,144
5494,145
5495,156
5496,171
5497,199
5498,249
5499,300
5500,285
5501,281
5502,318
5503,326
5504,337
5505,312
5506,311
5507,291
5508,230
5509,246
5510,309
5511,283
5512,237
5513,164
5514,140
5515,140
5516,152
5517,173
5518,136
5519,90
5520,103
5521,104
5522,106
5523,89
5524,85
5525,84
5526,88
5527,97
5528,102
5529,93
5530,102
5531,100
5532,100
5533,78
5534,75
5535,93
5536,123
5537,124
5538,116
5539,129
5540,121
5541,134
5542,137
5543,154
5544,210
5545,195
5546,154
5547,152
5548,164
5549,165
5550,126
5551,121
5552,132
5553,119
5554,88
5555,79
5556,65
5557,63
5558,79
5559,93
5560,116
5561,146
5562,138
5563,144
5564,151
5565,132
5566,113
5567,63
5568,64
5569,45
5570,62
5571,60
5572,39
5573,47
5574,45
5575,52
5576,52
5577,53
5578,50
5579,35
5580,46
5581,51
5582,38
5583,34
5584,44
5585,19
5586,21
5587,12
5588,26
5589,46
5590,29
5591,13
5592,9
5593,9
5594,9
5595,17
5596,4
5597,8
5598,15
5599,23
5600,11
5601,23
5602,32
5603,30
5604,12
5605,11
5606,17
5607,18
5608,21
5609,15
5610,11
5611,24
5612,38
5613,45
5614,44
5615,48
5616,42
5617,49
5618,61
5619,57
5620,56
5621,61
5622,64
5623,83
5624,82
5625,76
5626,61
5627,66
5628,62
5629,70
5630,63
5631,57
5632,65
5633,84
5634,76
5635,59
5636,70
5637,108
5638,149
5639,169
5640,157
5641,186
5642,166
5643,173
5644,178
5645,190
5646,211
5647,177
5648,182
5649,159
5650,181
5651,169
5652,157
5653,202
5654,186
5655,127
5656,117
5657,87
5658,70
5659,60
5660,34
5661,34
5662,47
5663,45
5664,39
5665,61
5666,72
5667,73
5668,77
5669,69
5670,83
5671,76
5672,93
5673,97
5674,100
5675,74
5676,81
5677,77
5678,82
5679,75
5680,97
5681,73
5682,71
5683,70
5684,81
5685,90
5686,132
5687,184
5688,115
5689,122
5690,124
5691,133
5692,98
5693,70
5694,62
5695,81
5696,81
5697,71
5698,57
5699,60
5700,44
5701,42
5702,31
5703,41
5704,27
5705,33
5706,35
5707,45
5708,102
5709,101
5710,26
5711,22
5712,25
5713,33
5714,33
5715,36
5716,33
5717,43
5718,46
5719,35
5720,42
5721,64
5722,41
5723,40
5724,46
5725,35
5726,26
5727,31
5728,24
5729,17
5730,26
5731,30
5732,42
5733,59
5734,66
5735,54
5736,44
5737,44
5738,94
5739,127
5740,48
5741,69
5742,73
5743,51
5744,33
5745,47
5746,24
5747,37
5748,20
5749,24
5750,17
5751,22
5752,16
5753,11
5754,35
5755,42
5756,44
5757,55
5758,49
5759,65
5760,97
5761,132
5762,110
5763,136
5764,168
5765,157
5766,191
5767,160
5768,195
5769,135
5770,121
5771,102
5772,82
5773,98
5774,110
5775,138
5776,79
5777,60
5778,54
5779,62
5780,91
5781,99
5782,93
5783,88
5784,95
5785,102
5786,145
5787,107
5788,100
5789,103
5790,114
5791,130
5792,111
5793,77
5794,67
5795,95
5796,83
5797,54
5798,61
5799,77
5800,58
5801,88
5802,74
5803,70
5804,128
5805,217
5806,224
5807,176
5808,165
5809,116
5810,73
5811,60
5812,59
5813,45
5814,65
5815,72
5816,112
5817,105
5818,93
5819,81
5820,92
5821,102
5822,92
5823,89
5824,103
5825,80
5826,101
5827,95
5828,85
5829,89
5830,107
5831,115
5832,100
5833,99
5834,105
5835,108
5836,116
5837,95
5838,79
5839,82
5840,90
5841,78
5842,76
5843,44
5844,61
5845,52
5846,45
5847,55
5848,44
5849,55
5850,43
5851,37
5852,59
5853,59
5854,53
5855,73
5856,81
5857,82
5858,81
5859,105
5860,105
5861,85
5862,49
5863,45
5864,36
5865,46
5866,59
5867,51
5868,50
5869,39
5870,39
5871,46
5872,77
5873,104
5874,80
5875,112
5876,143
5877,191
5878,211
5879,224
5880,249
5881,254
5882,284
5883,228
5884,135
5885,94
5886,101
5887,93
5888,97
5889,100
5890,95
5891,56
5892,52
5893,52
5894,51
5895,46
5896,62
5897,70
5898,79
5899,90
5900,103
5901,103
5902,118
5903,142
5904,157
5905,155
5906,159
5907,82
5908,81
5909,105
5910,101
5911,93
5912,92
5913,81
5914,58
5915,72
5916,74
5917,81
5918,86
5919,77
5920,71
5921,78
5922,80
5923,88
5924,89
5925,93
5926,90
5927,135
5928,125
5929,112
5930,88
5931,92
5932,91
5933,103
5934,100
5935,91
5936,161
5937,185
5938,170
5939,146
5940,133
5941,125
5942,131
5943,123
5944,89
5945,96
5946,87
5947,95
5948,97
5949,117
5950,128
5951,144
5952,147
5953,129
5954,148
5955,163
5956,168
5957,152
5958,177
5959,182
5960,177
5961,151
5962,150
5963,131
5964,135
5965,117
5966,103
5967,103
5968,95
5969,99
5970,104
5971,128
5972,182
5973,224
5974,232
5975,216
5976,229
5977,226
5978,250
5979,278
5980,249
5981,201
5982,161
5983,203
5984,222
5985,226
5986,197
5987,210
5988,148
5989,56
5990,52
5991,38
5992,41
5993,48
5994,43
5995,54
5996,70
5997,58
5998,61
5999,64
6000,74
6001,103
6002,102
6003,61
6004,69
6005,81
6006,79
6007,129
6008,133
6009,96
6010,81
6011,58
6012,63
6013,67
6014,81
6015,113
6016,97
6017,97
6018,111
6019,102
6020,100
6021,123
6022,125
6023,128
6024,118
6025,115
6026,140
6027,142
6028,122
6029,109
6030,159
6031,154
6032,213
6033,216
6034,227
6035,210
6036,220
6037,216
6038,211
6039,204
6040,122
6041,121
6042,85
6043,114
6044,152
6045,131
6046,144
6047,147
6048,160
6049,175
6050,176
6051,193
6052,200
6053,189
6054,108
6055,50
6056,73
6057,57
6058,57
6059,45
6060,62
6061,62
6062,24
6063,24
6064,27
6065,38
6066,39
6067,27
6068,66
6069,111
6070,198
6071,181
6072,212
6073,174
6074,170
6075,133
6076,50
6077,28
6078,18
6079,21
6080,25
6081,28
6082,32
6083,35
6084,38
6085,42
6086,45
6087,49
6088,52
6089,56
6090,59
6091,62
6092,66
6093,69
6094,73
6095,76
6096,72
6097,72
6098,207
6099,240
6100,221
6101,164
6102,98
6103,69
6104,96
6105,119
6106,110
6107,107
6108,91
6109,71
6110,69
6111,85
6112,87
6113,103
6114,115
6115,123
6116,123
6117,132
6118,120
6119,132
6120,155
6121,142
6122,155
6123,218
6124,261
6125,269
6126,206
6127,117
6128,111
6129,114
6130,120
6131,134
6132,131
6133,141
6134,141
6135,159
6136,129
6137,150
6138,124
6139,121
6140,138
6141,139
6142,180
6143,167
6144,191
6145,209
6146,275
6147,277
6148,310
6149,242
6150,206
6151,136
6152,166
6153,175
6154,160
6155,179
6156,182
6157,177
6158,183
6159,153
6160,128
6161,165
6162,166
6163,152
6164,169
6165,212
6166,225
6167,227
6168,225
6169,321
6170,358
6171,360
6172,411
6173,374
6174,414
6175,349
6176,298
6177,334
6178,333
6179,455
6180,440
6181,313
6182,215
6183,190
6184,236
6185,187
6186,211
6187,196
6188,240
6189,281
6190,297
6191,293
6192,254
6193,203
6194,186
6195,205
6196,200
6197,181
6198,176
6199,188
6200,181
6201,219
6202,226
6203,238
6204,247
6205,225
6206,244
6207,199
6208,157
6209,194
6210,262
6211,224
6212,174
6213,170
6214,153
6215,104
6216,136
6217,117
6218,94
6219,112
6220,71
6221,89
6222,84
6223,70
6224,61
6225,53
6226,34
6227,26
6228,43
6229,21
6230,13
6231,24
6232,33
6233,9
6234,26
6235,30
6236,14
6237,12
6238,8
6239,6
6240,31
6241,26
6242,20
6243,19
6244,16
6245,17
6246,14
6247,12
6248,5
6249,20
6250,5
6251,20
6252,23
6253,33
6254,21
6255,3
6256,6
6257,27
6258,23
6259,35
6260,48
6261,54
6262,44
6263,44
6264,24
6265,34
6266,45
6267,54
6268,55
6269,55
6270,55
6271,55
6272,84
6273,106
6274,73
6275,87
6276,118
6277,138
6278,118
6279,79
6280,70
6281,49
6282,37
6283,47
6284,53
6285,59
6286,66
6287,72
6288,78
6289,84
6290,91
6291,82
6292,76
6293,129
6294,147
6295,115
6296,121
6297,109
6298,99
6299,121
6300,119
6301,124
6302,143
6303,128
6304,106
6305,101
6306,57
6307,48
6308,34
6309,35
6310,52
6311,56
6312,49
6313,28
6314,20
6315,11
6316,1
6317,4
6318,4
6319,4
6320,5
6321,5
6322,5
6323,6
6324,6
6325,6
6326,6
6327,7
6328,7
6329,7
6330,7
6331,8
6332,8
6333,8
6334,8
6335,9
6336,9
6337,9
6338,10
6339,10
6340,10
6341,10
6342,11
6343,11
6344,11
6345,11
6346,12
6347,12
6348,12
6349,12
6350,13
6351,13
6352,13
6353,14
6354,14
6355,14
6356,14
6357,14
6358,15
6359,15
6360,15
6361,16
6362,16
6363,16
6364,16
6365,17
6366,17
6367,17
6368,17
6369,18
6370,18
6371,18
6372,18
6373,19
6374,19
6375,19
6376,20
6377,20
6378,20
6379,20
6380,21
6381,21
6382,21
6383,21
6384,22
6385,22
6386,22
6387,22
6388,23
6389,23
6390,23
6391,23
6392,24
6393,24
6394,24
6395,24
6396,25
6397,25
6398,25
6399,26
6400,26
6401,26
6402,26
6403,27
6404,27
6405,27
6406,27
6407,28
6408,28
6409,28
6410,28
6411,29
6412,29
6413,29
6414,30
6415,30
6416,30
6417,30
6418,30
6419,31
6420,31
6421,31
6422,32
6423,32
6424,32
6425,32
6426,33
6427,33
6428,33
6429,33
6430,34
6431,34
6432,34
6433,34
6434,35
6435,35
6436,35
6437,36
6438,36
6439,36
6440,36
6441,37
6442,37
6443,37
6444,37
6445,38
6446,38
6447,38
6448,38
6449,39
6450,39
6451,39
6452,40
6453,40
6454,40
6455,40
6456,40
6457,41
6458,41
6459,41
6460,42
6461,42
6462,42
6463,42
6464,43
6465,43
6466,43
6467,43
6468,44
6469,44
6470,44
6471,44
6472,45
6473,45
6474,47
6475,49
6476,51
6477,54
6478,56
6479,58
6480,60
6481,62
6482,64
6483,66
6484,68
6485,71
6486,73
6487,75
6488,77
6489,79
6490,81
6491,83
6492,86
6493,88
6494,90
6495,92
6496,94
6497,96
6498,98
6499,100
6500,102
6501,105
6502,107
6503,109
6504,111
6505,113
6506,115
6507,117
6508,120
6509,122
6510,124
6511,126
6512,128
6513,130
6514,132
6515,134
6516,137
6517,139
6518,141
6519,143
6520,145
6521,147
6522,149
6523,152
6524,154
6525,156
6526,158
6527,160
6528,162
6529,164
6530,166
6531,168
6532,171
6533,173
6534,175
6535,177
6536,179
6537,181
6538,183
6539,186
6540,188
6541,190
6542,192
6543,194
6544,196
6545,198
6546,200
6547,203
6548,205
6549,207
6550,209
6551,204
6552,222
6553,231
6554,268
6555,258
6556,196
6557,192
6558,165
6559,156
6560,155
6561,162
6562,211
6563,274
6564,266
6565,225
6566,194
6567,203
6568,224
6569,234
6570,259
6571,247
6572,266
6573,237
6574,243
6575,242
6576,256
6577,168
6578,74
6579,67
6580,80
6581,75
6582,54
6583,47
6584,51
6585,47
6586,34
6587,22
6588,9
6589,11
6590,12
6591,11
6592,7
6593,3
6594,5
6595,7
6596,6
6597,10
6598,13
6599,16
6600,12
6601,12
6602,13
6603,12
6604,12
6605,13
6606,12
6607,12
6608,13
6609,10
6610,12
6611,13
6612,12
6613,11
6614,11
6615,10
6616,8
6617,6
6618,5
6619,6
6620,8
6621,7
6622,7
6623,8
6624,7
6625,9
6626,23
6627,21
6628,25
6629,22
6630,14
6631,22
6632,27
6633,22
6634,14
6635,19
6636,15
6637,17
6638,21
6639,24
6640,24
6641,26
6642,24
6643,25
6644,27
6645,38
6646,47
6647,41
6648,42
6649,85
6650,88
6651,90
6652,73
6653,57
6654,50
6655,43
6656,52
6657,52
6658,31
6659,38
6660,44
6661,39
6662,43
6663,55
6664,56
6665,60
6666,72
6667,80
6668,99
6669,133
6670,166
6671,152
6672,192
6673,206
6674,260
6675,217
6676,170
6677,151
6678,136
6679,115
6680,144
6681,154
6682,198
6683,252
6684,263
6685,243
6686,217
6687,256
6688,284
6689,252
6690,264
6691,320
6692,372
6693,435
6694,503
6695,534
6696,506
6697,505
6698,465
6699,468
6700,449
6701,418
6702,405
6703,374
6704,388
6705,384
6706,384
6707,381
6708,359
6709,369
6710,355
6711,348
6712,344
6713,330
6714,279
6715,252
6716,287
6717,327
6718,365
6719,391
6720,423
6721,429
6722,439
6723,458
6724,436
6725,431
6726,408
6727,387
6728,349
6729,332
6730,348
6731,350
6732,344
6733,369
6734,406
6735,422
6736,310
6737,175
6738,253
6739,263
6740,223
6741,400
6742,470
6743,459
6744,378
6745,290
6746,290
6747,287
6748,283
6749,283
6750,337
6751,329
6752,311
6753,318
6754,335
6755,324
6756,307
6757,323
6758,350
6759,374
6760,396
6761,435
6762,412
6763,449
6764,429
6765,411
6766,430
6767,431
6768,440
6769,434
6770,438
6771,416
6772,417
6773,394
6774,380
6775,376
6776,385
6777,383
6778,397
6779,392
6780,408
6781,428
6782,420
6783,399
6784,391
6785,393
6786,415
6787,395
6788,420
6789,414
6790,394
6791,348
6792,74
6793,32
6794,17
6795,6
6796,5
6797,4
6798,6
6799,8
6800,16
6801,2
6802,4
6803,7
6804,5
6805,4
6806,7
6807,7
6808,7
6809,10
6810,10
6811,13
6812,17
6813,9
6814,11
6815,21
6816,21
6817,37
6818,30
6819,45
6820,56
6821,42
6822,51
6823,33
6824,48
6825,42
6826,32
6827,29
6828,31
6829,22
6830,24
6831,29
6832,35
6833,40
6834,32
6835,45
6836,55
6837,75
6838,107
6839,125
6840,154
6841,168
6842,187
6843,163
6844,143
6845,118
6846,111
6847,99
6848,86
6849,66
6850,56
6851,55
6852,63
6853,67
6854,70
6855,91
6856,107
6857,137
6858,102
6859,114
6860,148
6861,164
6862,193
6863,164
6864,118
6865,41
6866,17
6867,13
6868,13
6869,10
6870,5
6871,2
6872,7
6873,22
6874,12
6875,22
6876,11
6877,16
6878,18
6879,7
6880,17
6881,11
6882,18
6883,21
6884,16
6885,22
6886,13
6887,21
6888,30
6889,19
6890,19
6891,15
6892,18
6893,56
6894,38
6895,18
6896,48
6897,37
6898,19
6899,9
6900,8
6901,23
6902,24
6903,26
6904,31
6905,46
6906,67
6907,73
6908,67
6909,71
6910,64
6911,77
6912,71
6913,111
6914,125
6915,133
6916,134
6917,143
6918,123
6919,97
6920,73
6921,37
6922,34
6923,63
6924,106
6925,123
6926,79
6927,50
6928,46
6929,45
6930,47
6931,49
6932,53
6933,49
6934,46
6935,32
6936,32
6937,23
6938,31
6939,27
6940,24
6941,20
6942,23
6943,34
6944,34
6945,44
6946,41
6947,39
6948,38
6949,40
6950,46
6951,47
6952,44
6953,51
6954,64
6955,59
6956,64
6957,62
6958,73
6959,80
6960,89
6961,81
6962,73
6963,92
6964,86
6965,90
6966,80
6967,71
6968,83
6969,77
6970,69
6971,64
6972,66
6973,71
6974,75
6975,79
6976,75
6977,68
6978,64
6979,50
6980,47
6981,47
6982,41
6983,38
6984,39
6985,42
6986,43
6987,40
6988,45
6989,52
6990,57
6991,61
6992,57
6993,63
6994,73
6995,60
6996,81
6997,79
6998,89
6999,93
7000,87
7001,93
7002,84
7003,79
7004,89
7005,88
7006,82
7007,92
7008,91
7009,83
7010,80
7011,82
7012,88
7013,92
7014,81
7015,79
7016,86
7017,84
7018,75
7019,82
7020,89
7021,74
7022,87
7023,79
7024,81
7025,78
7026,73
7027,80
7028,74
7029,85
7030,91
7031,86
7032,84
7033,88
7034,92
7035,93
7036,98
7037,101
7038,102
7039,95
7040,100
7041,103
7042,115
7043,130
7044,140
7045,154
7046,172
7047,151
7048,127
7049,109
7050,105
7051,96
7052,115
7053,161
7054,180
7055,179
7056,179
7057,184
7058,176
7059,164
7060,152
7061,143
7062,142
7063,137
7064,145
7065,146
7066,147
7067,154
7068,161
7069,165
7070,161
7071,162
7072,182
7073,201
7074,197
7075,201
7076,195
7077,204
7078,187
7079,174
7080,174
7081,178
7082,164
7083,158
7084,158
7085,158
7086,160
7087,164
7088,167
7089,173
7090,179
7091,188
7092,194
7093,225
7094,252
7095,257
7096,260
7097,271
7098,265
7099,271
7100,273
7101,261
7102,275
7103,278
7104,270
7105,262
7106,256
7107,251
7108,259
7109,260
7110,252
7111,234
7112,212
7113,218
7114,63
7115,13
7116,11
7117,12
7118,12
7119,8
7120,9
7121,10
7122,11
7123,13
7124,17
7125,11
7126,12
7127,14
7128,15
7129,12
7130,10
7131,10
7132,8
7133,6
7134,7
7135,16
7136,10
7137,17
7138,15
7139,15
7140,14
7141,11
7142,12
7143,12
7144,7
7145,6
7146,8
7147,12
7148,14
7149,14
7150,11
7151,9
7152,11
7153,8
7154,9
7155,7
7156,4
7157,6
7158,4
7159,4
7160,5
7161,6
7162,7
7163,8
7164,9
7165,10
7166,8
7167,9
7168,12
7169,11
7170,8
7171,19
7172,28
7173,35
7174,32
7175,29
7176,35
7177,41
7178,42
7179,46
7180,68
7181,80
7182,76
7183,74
7184,88
7185,92
7186,82
7187,69
7188,73
7189,71
7190,89
7191,83
7192,77
7193,97
7194,90
7195,88
7196,101
7197,112
7198,124
7199,158
7200,164
7201,176
7202,189
7203,174
7204,107
7205,111
7206,91
7207,89
7208,82
7209,76
7210,83
7211,83
7212,67
7213,45
7214,42
7215,37
7216,44
7217,38
7218,59
7219,34
7220,48
7221,48
7222,41
7223,41
7224,50
7225,47
7226,67
7227,76
7228,79
7229,72
7230,88
7231,72
7232,76
7233,93
7234,66
7235,49
7236,60
7237,40
7238,34
7239,21
7240,19
7241,20
7242,24
7243,31
7244,31
7245,42
7246,49
7247,44
7248,51
7249,52
7250,69
7251,75
7252,69
7253,57
7254,47
7255,51
7256,48
7257,45
7258,38
7259,34
7260,39
7261,38
7262,23
7263,12
7264,9
7265,15
7266,24
7267,45
7268,102
7269,101
7270,92
7271,68
7272,64
7273,101
7274,102
7275,129
7276,123
7277,117
7278,76
7279,51
7280,57
7281,47
7282,47
7283,53
7284,64
7285,57
7286,60
7287,42
7288,30
7289,22
7290,24
7291,76
7292,111
7293,98
7294,89
7295,77
7296,92
7297,84
7298,83
7299,71
7300,64
7301,86
7302,61
7303,58
7304,60
7305,41
7306,41
7307,41
7308,42
7309,42
7310,42
7311,42
7312,42
7313,42
7314,42
7315,43
7316,43
7317,43
7318,43
7319,43
7320,44
7321,44
7322,44
7323,44
7324,44
7325,44
7326,44
7327,45
7328,45
7329,45
7330,45
7331,45
7332,45
7333,46
7334,46
7335,46
7336,46
7337,46
7338,46
7339,47
7340,47
7341,47
7342,47
7343,47
7344,47
7345,48
7346,48
7347,48
7348,48
7349,48
7350,48
7351,48
7352,49
7353,49
7354,49
7355,49
7356,49
7357,50
7358,50
7359,50
7360,50
7361,42
7362,61
7363,75
7364,109
7365,143
7366,167
7367,183
7368,154
7369,127
7370,94
7371,86
7372,51
7373,95
7374,85
7375,53
7376,56
7377,55
7378,50
7379,41
7380,39
7381,30
7382,34
7383,43
7384,52
7385,44
7386,39
7387,43
7388,53
7389,63
7390,91
7391,119
7392,136
7393,144
7394,148
7395,130
7396,98
7397,70
7398,95
7399,79
7400,67
7401,52
7402,54
7403,53
7404,49
7405,51
7406,52
7407,58
7408,83
7409,98
7410,86
7411,95
7412,129
7413,154
7414,172
7415,187
7416,232
7417,238
7418,227
7419,221
7420,195
7421,122
7422,143
7423,147
7424,124
7425,127
7426,122
7427,164
7428,249
7429,272
7430,298
7431,314
7432,307
7433,352
7434,374
7435,366
7436,381
7437,400
7438,419
7439,463
7440,481
7441,466
7442,479
7443,343
7444,95
7445,34
7446,18
7447,20
7448,14
7449,12
7450,11
7451,13
7452,16
7453,17
7454,11
7455,15
7456,14
7457,13
7458,16
7459,10
7460,10
7461,9
7462,10
7463,10
7464,9
7465,18
7466,15
7467,14
7468,13
7469,12
7470,7
7471,7
7472,9
7473,7
7474,7
7475,8
7476,10
7477,10
7478,6
7479,6
7480,8
7481,7
7482,10
7483,17
7484,19
7485,21
7486,42
7487,23
7488,13
7489,21
7490,25
7491,16
7492,15
7493,12
7494,19
7495,21
7496,39
7497,45
7498,25
7499,31
7500,47
7501,75
7502,75
7503,71
7504,62
7505,57
7506,66
7507,78
7508,99
7509,111
7510,128
7511,146
7512,140
7513,144
7514,142
7515,143
7516,129
7517,114
7518,94
7519,70
7520,99
7521,89
7522,80
7523,59
7524,77
7525,97
7526,116
7527,126
7528,121
7529,122
7530,118
7531,142
7532,184
7533,230
7534,207
7535,201
7536,227
7537,213
7538,193
7539,155
7540,154
7541,149
7542,138
7543,177
7544,302
7545,153
7546,27
7547,17
7548,16
7549,10
7550,12
7551,16
7552,11
7553,12
7554,12
7555,9
7556,10
7557,11
7558,8
7559,6
7560,7
7561,8
7562,11
7563,10
7564,9
7565,12
7566,30
7567,37
7568,45
7569,43
7570,35
7571,48
7572,81
7573,92
7574,68
7575,77
7576,88
7577,99
7578,120
7579,114
7580,115
7581,125
7582,121
7583,112
7584,85
7585,42
7586,16
7587,12
7588,10
7589,10
7590,7
7591,3
7592,5
7593,10
7594,12
7595,15
7596,8
7597,11
7598,15
7599,17
7600,14
7601,11
7602,10
7603,10
7604,26
7605,31
7606,43
7607,42
7608,29
7609,17
7610,26
7611,23
7612,25
7613,21
7614,41
7615,27
7616,27
7617,22
7618,34
7619,35
7620,44
7621,25
7622,24
7623,22
7624,19
7625,19
7626,11
7627,10
7628,11
7629,12
7630,10
7631,11
7632,12
7633,10
7634,16
7635,19
7636,17
7637,10
7638,9
7639,9
7640,20
7641,26
7642,21
7643,32
7644,47
7645,45
7646,50
7647,60
7648,70
7649,60
7650,68
7651,77
7652,82
7653,107
7654,124
7655,139
7656,152
7657,166
7658,213
7659,206
7660,208
7661,191
7662,152
7663,124
7664,108
7665,94
7666,92
7667,94
7668,105
7669,90
7670,78
7671,63
7672,66
7673,77
7674,116
7675,142
7676,135
7677,175
7678,196
7679,217
7680,227
7681,264
7682,276
7683,275
7684,255
7685,220
7686,220
7687,177
7688,138
7689,133
7690,129
7691,154
7692,197
7693,247
7694,288
7695,331
7696,400
7697,472
7698,467
7699,503
7700,503
7701,525
7702,504
7703,502
7704,504
7705,521
7706,446
7707,391
7708,354
7709,350
7710,354
7711,353
7712,362
7713,339
7714,325
7715,336
7716,346
7717,299
7718,307
7719,304
7720,307
7721,324
7722,361
7723,438
7724,476
7725,503
7726,470
7727,480
7728,482
7729,535
7730,569
7731,562
7732,485
7733,488
7734,470
7735,453
7736,466
7737,466
7738,501
7739,559
7740,557
7741,540
7742,364
7743,230
7744,185
7745,135
7746,95
7747,106
7748,123
7749,159
7750,192
7751,277
7752,371
7753,454
7754,422
7755,389
7756,328
7757,296
7758,282
7759,286
7760,271
7761,262
7762,224
7763,200
7764,202
7765,219
7766,214
7767,200
7768,207
7769,217
7770,241
7771,280
7772,306
7773,353
7774,395
7775,432
7776,438
7777,433
7778,462
7779,439
7780,398
7781,355
7782,316
7783,287
7784,210
7785,139
7786,31
7787,28
7788,19
7789,16
7790,14
7791,10
7792,8
7793,10
7794,11
7795,11
7796,12
7797,18
7798,19
7799,11
7800,24
7801,19
7802,25
7803,23
7804,49
7805,55
7806,68
7807,66
7808,73
7809,69
7810,80
7811,46
7812,42
7813,37
7814,33
7815,24
7816,28
7817,43
7818,73
7819,69
7820,74
7821,91
7822,123
7823,181
7824,223
7825,228
7826,249
7827,236
7828,218
7829,222
7830,238
7831,225
7832,244
7833,232
7834,203
7835,213
7836,241
7837,238
7838,213
7839,214
7840,201
7841,208
7842,217
7843,258
7844,251
7845,235
7846,240
7847,253
7848,264
7849,256
7850,238
7851,223
7852,225
7853,194
7854,181
7855,88
7856,27
7857,19
7858,17
7859,17
7860,17
7861,18
7862,17
7863,16
7864,12
7865,13
7866,16
7867,12
7868,30
7869,19
7870,22
7871,22
7872,23
7873,16
7874,26
7875,24
7876,20
7877,28
7878,23
7879,22
7880,45
7881,62
7882,63
7883,80
7884,55
7885,49
7886,54
7887,57
7888,54
7889,52
7890,63
7891,105
7892,106
7893,104
7894,146
7895,177
7896,168
7897,142
7898,120
7899,94
7900,89
7901,85
7902,62
7903,70
7904,80
7905,94
7906,93
7907,96
7908,96
7909,124
7910,137
7911,127
7912,130
7913,135
7914,127
7915,148
7916,159
7917,206
7918,174
7919,156
7920,56
7921,43
7922,61
7923,69
7924,49
7925,30
7926,21
7927,12
7928,20
7929,19
7930,12
7931,13
7932,11
7933,8
7934,7
7935,8
7936,9
7937,12
7938,18
7939,32
7940,43
7941,41
7942,35
7943,45
7944,46
7945,47
7946,59
7947,83
7948,74
7949,74
7950,74
7951,64
7952,79
7953,97
7954,142
7955,150
7956,173
7957,136
7958,141
7959,148
7960,184
7961,202
7962,229
7963,268
7964,281
7965,316
7966,354
7967,360
7968,379
7969,443
7970,418
7971,376
7972,309
7973,248
7974,166
7975,154
7976,159
7977,144
7978,124
7979,121
7980,121
7981,136
7982,130
7983,103
7984,98
7985,111
7986,130
7987,168
7988,179
7989,173
7990,174
7991,172
7992,213
7993,236
7994,267
7995,237
7996,236
7997,198
7998,176
7999,159
8000,170
8001,164
8002,170
8003,182
8004,240
8005,256
8006,261
8007,247
8008,242
8009,237
8010,236
8011,247
8012,234
8013,245
8014,243
8015,249
8016,249
8017,259
8018,256
8019,252
8020,248
8021,239
8022,238
8023,239
8024,245
8025,235
8026,233
8027,248
8028,258
8029,264
8030,261
8031,276
8032,268
8033,259
8034,257
8035,266
8036,271
8037,264
8038,288
8039,284
8040,275
8041,270
8042,259
8043,240
8044,218
8045,235
8046,142
8047,128
8048,85
8049,71
8050,61
8051,39
8052,33
8053,26
8054,22
8055,14
8056,19
8057,12
8058,14
8059,13
8060,17
8061,21
8062,17
8063,25
8064,23
8065,15
8066,23
8067,22
8068,16
8069,11
8070,13
8071,28
8072,36
8073,41
8074,107
8075,72
8076,72
8077,72
8078,73
8079,65
8080,58
8081,71
8082,69
8083,88
8084,146
8085,162
8086,174
8087,193
8088,167
8089,193
8090,167
8091,145
8092,128
8093,129
8094,122
8095,158
8096,154
8097,133
8098,100
8099,113
8100,139
8101,120
8102,116
8103,118
8104,121
8105,127
8106,173
8107,216
8108,233
8109,248
8110,281
8111,273
8112,309
8113,322
8114,271
8115,204
8116,169
8117,130
8118,161
8119,153
8120,125
8121,113
8122,35
8123,22
8124,16
8125,18
8126,27
8127,16
8128,22
8129,11
8130,9
8131,10
8132,10
8133,11
8134,11
8135,8
8136,9
8137,11
8138,9
8139,9
8140,10
8141,10
8142,9
8143,9
8144,17
8145,15
8146,15
8147,19
8148,15
8149,15
8150,13
8151,16
8152,14
8153,13
8154,12
8155,16
8156,20
8157,32
8158,40
8159,46
8160,44
8161,61
8162,53
8163,45
8164,43
8165,43
8166,46
8167,76
8168,94
8169,127
8170,68
8171,74
8172,27
8173,23
8174,83
8175,41
8176,50
8177,46
8178,53
8179,41
8180,50
8181,49
8182,56
8183,52
8184,67
8185,93
8186,100
8187,73
8188,46
8189,40
8190,62
8191,29
8192,28
8193,19
8194,26
8195,38
8196,36
8197,27
8198,21
8199,16
8200,13
8201,9
8202,18
8203,13
8204,20
8205,29
8206,61
8207,52
8208,77
8209,116
8210,126
8211,132
8212,151
8213,158
8214,152
8215,154
8216,155
8217,185
8218,146
8219,159
8220,212
8221,209
8222,215
8223,211
8224,218
8225,220
8226,238
8227,243
8228,257
8229,257
8230,254
8231,246
8232,241
8233,230
8234,218
8235,215
8236,212
8237,231
8238,237
8239,230
8240,231
8241,221
8242,180
8243,38
8244,29
8245,35
8246,28
8247,25
8248,25
8249,19
8250,18
8251,13
8252,10
8253,11
8254,14
8255,16
8256,19
8257,17
8258,36
8259,18
8260,14
8261,16
8262,22
8263,23
8264,19
8265,23
8266,35
8267,47
8268,40
8269,41
8270,36
8271,49
8272,47
8273,46
8274,34
8275,43
8276,53
8277,82
8278,116
8279,122
8280,119
8281,109
8282,131
8283,112
8284,115
8285,102
8286,105
8287,100
8288,101
8289,107
8290,94
8291,87
8292,100
8293,95
8294,101
8295,104
8296,118
8297,117
8298,113
8299,109
8300,122
8301,139
8302,140
8303,179
8304,171
8305,140
8306,15
8307,11
8308,8
8309,6
8310,7
8311,10
8312,16
8313,13
8314,19
8315,19
8316,18
8317,17
8318,20
8319,15
8320,18
8321,18
8322,9
8323,17
8324,19
8325,22
8326,27
8327,21
8328,15
8329,16
8330,24
8331,17
8332,13
8333,20
8334,17
8335,19
8336,15
8337,23
8338,22
8339,20
8340,23
8341,22
8342,16
8343,16
8344,15
8345,16
8346,16
8347,17
8348,15
8349,16
8350,15
8351,8
8352,15
8353,11
8354,12
8355,14
8356,13
8357,13
8358,15
8359,13
8360,13
8361,18
8362,17
8363,23
8364,22
8365,22
8366,25
8367,17
8368,21
8369,24
8370,13
8371,15
8372,43
8373,43
8374,50
8375,54
8376,27
8377,20
8378,28
8379,30
8380,22
8381,27
8382,27
8383,40
8384,41
8385,39
8386,40
8387,54
8388,56
8389,63
8390,58
8391,50
8392,89
8393,81
8394,74
8395,55
8396,60
8397,72
8398,82
8399,98
8400,95
8401,55
8402,41
8403,39
8404,36
8405,34
8406,34
8407,42
8408,40
8409,71
8410,69
8411,64
8412,65
8413,71
8414,73
8415,79
8416,93
8417,87
8418,136
8419,135
8420,145
8421,205
8422,282
8423,325
8424,379
8425,374
8426,363
8427,319
8428,265
8429,247
8430,231
8431,215
8432,210
8433,242
8434,249
8435,211
8436,201
8437,206
8438,224
8439,230
8440,246
8441,255
8442,269
8443,302
8444,315
8445,296
8446,290
8447,308
8448,454
8449,528
8450,485
8451,489
8452,404
8453,299
8454,298
8455,133
8456,105
8457,72
8458,64
8459,52
8460,49
8461,40
8462,43
8463,35
8464,22
8465,16
8466,10
8467,34
8468,64
8469,59
8470,104
8471,126
8472,144
8473,161
8474,187
8475,200
8476,206
8477,233
8478,221
8479,220
8480,230
8481,254
8482,311
8483,352
8484,227
8485,175
8486,91
8487,129
8488,196
8489,117
8490,104
8491,115
8492,138
8493,147
8494,237
8495,245
8496,311
8497,410
8498,405
8499,391
8500,397
8501,396
8502,367
8503,346
8504,340
8505,266
8506,206
8507,224
8508,430
8509,441
8510,425
8511,439
8512,427
8513,474
8514,500
8515,548
8516,584
8517,607
8518,611
8519,615
8520,587
8521,570
8522,573
8523,513
8524,397
8525,365
8526,295
8527,263
8528,87
8529,67
8530,48
8531,38
8532,35
8533,23
8534,24
8535,15
8536,17
8537,14
8538,13
8539,17
8540,27
8541,29
8542,24
8543,18
8544,11
8545,10
8546,10
8547,10
8548,12
8549,13
8550,10
8551,11
8552,17
8553,21
8554,17
8555,18
8556,21
8557,24
8558,25
8559,24
8560,33
8561,24
8562,21
8563,21
8564,42
8565,46
8566,52
8567,32
8568,42
8569,32
8570,35
8571,26
8572,27
8573,28
8574,19
8575,24
8576,23
8577,21
8578,27
8579,34
8580,34
8581,25
8582,20
8583,20
8584,26
8585,23
8586,51
8587,71
8588,71
8589,76
8590,103
8591,116
8592,111
8593,135
8594,97
8595,35
8596,17
8597,18
8598,18
8599,17
8600,19
8601,19
8602,21
8603,25
8604,35
8605,22
8606,19
8607,26
8608,21
8609,20
8610,89
8611,93
8612,104
8613,121
8614,117
8615,111
8616,135
8617,163
8618,128
8619,41
8620,26
8621,20
8622,22
8623,27
8624,25
8625,27
8626,30
8627,32
8628,29
8629,30
8630,48
8631,51
8632,55
8633,43
8634,34
8635,55
8636,60
8637,76
8638,75
8639,58
8640,60
8641,81
8642,92
8643,130
8644,161
8645,151
8646,125
8647,108
8648,121
8649,124
8650,106
8651,130
8652,137
8653,119
8654,62
8655,47
8656,38
8657,31
8658,28
8659,21
8660,16
8661,20
8662,29
8663,15
8664,21
8665,16
8666,17
8667,18
8668,16
8669,16
8670,15
8671,16
8672,19
8673,14
8674,15
8675,18
8676,21
8677,19
8678,19
8679,17
8680,21
8681,14
8682,20
8683,34
8684,31
8685,39
8686,88
8687,106
8688,67
8689,73
8690,65
8691,35
8692,31
8693,34
8694,34
8695,40
8696,42
8697,49
8698,67
8699,59
8700,56
8701,69
8702,40
8703,30
8704,21
8705,20
8706,15
8707,13
8708,18
8709,22
8710,14
8711,14
8712,18
8713,17
8714,17
8715,17
8716,14
8717,14
8718,14
8719,15
8720,12
8721,10
8722,18
8723,15
8724,18
8725,13
8726,23
8727,27
8728,28
8729,19
8730,15
8731,17
8732,19
8733,23
8734,21
8735,16
8736,20
8737,20
8738,21
8739,20
8740,16
8741,16
8742,13
8743,14
8744,16
8745,18
8746,15
8747,19
8748,14
8749,18
8750,21
8751,21
8752,19
8753,18
8754,20
8755,28
8756,27
8757,17
8758,19
8759,16
8760,22
8761,23
8762,23
8763,24
8764,24
8765,25
8766,25
8767,26
8768,26
8769,27
8770,28
8771,28
8772,29
8773,29
8774,30
8775,30
8776,31
8777,32
8778,32
8779,33
8780,33
8781,34
8782,34
8783,35
8784,35
8785,36
8786,31
8787,20
8788,19
8789,18
8790,17
8791,14
8792,14
8793,22
8794,22
8795,25
8796,24
8797,31
8798,37
8799,35
8800,32
8801,37
8802,40
8803,52
8804,63
8805,72
8806,76
8807,76
8808,67
8809,65
8810,78
8811,85
8812,143
8813,181
8814,188
8815,167
8816,173
8817,155
8818,124
8819,105
8820,87
8821,93
8822,134
8823,164
8824,180
8825,184
8826,175
8827,188
8828,255
8829,286
8830,225
8831,234
8832,226
8833,233
8834,275
8835,153
8836,121
8837,77
8838,64
8839,67
8840,67
8841,59
8842,74
8843,89
8844,96
8845,96
8846,85
8847,84
8848,90
8849,61
8850,65
8851,73
8852,68
8853,58
8854,53
8855,46
8856,38
8857,28
8858,31
8859,24
8860,21
8861,27
8862,23
8863,24
8864,21
8865,19
8866,21
8867,19
8868,21
8869,18
8870,19
8871,16
8872,18
8873,18
8874,16
8875,10
8876,16
8877,17
8878,17
8879,30
8880,12
8881,13
8882,17
8883,10
8884,12
8885,13
8886,13
8887,9
8888,6
8889,9
8890,14
8891,14
8892,13
8893,18
8894,15
8895,18
8896,13
8897,13
8898,20
8899,21
8900,22
8901,27
8902,21
8903,28
8904,22
8905,18
8906,17
8907,16
8908,27
8909,17
8910,13
8911,23
8912,27
8913,44
8914,24
8915,32
8916,40
8917,43
8918,51
8919,48
8920,56
8921,56
8922,54
8923,69
8924,79
8925,79
8926,92
8927,86
8928,109
8929,120
8930,126
8931,156
8932,156
8933,173
8934,181
8935,118
8936,79
8937,25
8938,19
8939,16
8940,21
8941,20
8942,23
8943,26
8944,17
8945,18
8946,18
8947,19
8948,19
8949,20
8950,20
8951,21
8952,21
8953,22
8954,22
8955,23
8956,23
8957,24
8958,24
8959,25
8960,26
8961,26
8962,27
8963,27
8964,28
8965,28
8966,29
8967,29
8968,30
8969,30
8970,31
8971,31
8972,32
8973,32
8974,33
8975,33
8976,34
8977,34
8978,35
8979,36
8980,36
8981,37
8982,37
8983,38
8984,38
8985,39
8986,39
8987,40
8988,40
8989,41
8990,41
8991,42
8992,42
8993,43
8994,50
8995,70
8996,69
8997,88
8998,106
8999,115
9000,100
9001,105
9002,76
9003,33
9004,29
9005,26
9006,19
9007,18
9008,13
9009,14
9010,15
9011,18
9012,21
9013,21
9014,16
9015,8
9016,18
9017,12
9018,13
9019,19
9020,21
9021,20
9022,22
9023,37
9024,54
9025,45
9026,24
9027,35
9028,30
9029,34
9030,37
9031,49
9032,62
9033,59
9034,74
9035,61
9036,86
9037,71
9038,56
9039,79
9040,81
9041,89
9042,45
9043,55
9044,49
9045,66
9046,96
9047,100
9048,124
9049,144
9050,252
9051,244
9052,204
9053,166
9054,138
9055,149
9056,139
9057,168
9058,165
9059,123
9060,125
9061,111
9062,79
9063,51
9064,69
9065,75
9066,60
9067,62
9068,74
9069,95
9070,120
9071,125
9072,95
9073,27
9074,25
9075,25
9076,18
9077,12
9078,17
9079,14
9080,15
9081,16
9082,19
9083,20
9084,21
9085,20
9086,14
9087,18
9088,20
9089,13
9090,16
9091,21
9092,20
9093,13
9094,13
9095,13
9096,12
9097,11
9098,12
9099,15
9100,12
9101,12
9102,9
9103,10
9104,11
9105,11
9106,18
9107,22
9108,10
9109,12
9110,17
9111,17
9112,17
9113,14
9114,15
9115,15
9116,21
9117,27
9118,17
9119,29
9120,33
9121,29
9122,24
9123,16
9124,14
9125,13
9126,13
9127,13
9128,19
9129,11
9130,17
9131,26
9132,25
9133,31
9134,37
9135,30
9136,40
9137,39
9138,56
9139,60
9140,72
9141,61
9142,70
9143,73
9144,77
9145,107
9146,130
9147,128
9148,50
9149,41
9150,40
9151,34
9152,37
9153,30
9154,36
9155,27
9156,26
9157,18
9158,20
9159,23
9160,14
9161,18
9162,17
9163,20
9164,17
9165,26
9166,24
9167,16
9168,10
9169,12
9170,12
9171,12
9172,13
9173,13
9174,16
9175,18
9176,17
9177,24
9178,31
9179,31
9180,30
9181,31
9182,23
9183,18
9184,19
9185,19
9186,18
9187,17
9188,21
9189,28
9190,25
9191,21
9192,16
9193,22
9194,24
9195,20
9196,26
9197,21
9198,17
9199,23
9200,23
9201,14
9202,21
9203,26
9204,25
9205,21
9206,21
9207,24
9208,13
9209,13
9210,12
9211,16
9212,18
9213,24
9214,16
9215,34
9216,24
9217,17
9218,15
9219,20
9220,13
9221,17
9222,17
9223,20
9224,20
9225,15
9226,26
9227,25
9228,27
9229,44
9230,29
9231,19
9232,25
9233,47
9234,58
9235,59
9236,70
9237,74
9238,82
9239,91
9240,100
9241,124
9242,120
9243,45
9244,36
9245,34
9246,39
9247,27
9248,20
9249,31
9250,32
9251,36
9252,42
9253,29
9254,24
9255,30
9256,35
9257,37
9258,67
9259,102
9260,155
9261,144
9262,154
9263,170
9264,187
9265,191
9266,130
9267,74
9268,51
9269,43
9270,44
9271,61
9272,67
9273,88
9274,91
9275,54
9276,49
9277,50
9278,48
9279,44
9280,46
9281,48
9282,45
9283,36
9284,23
9285,29
9286,11
9287,12
9288,16
9289,11
9290,12
9291,13
9292,12
9293,12
9294,11
9295,10
9296,10
9297,12
9298,14
9299,15
9300,14
9301,13
9302,21
9303,19
9304,18
9305,16
9306,20
9307,16
9308,21
9309,16
9310,11
9311,16
9312,15
9313,9
9314,11
9315,11
9316,19
9317,21
9318,23
9319,27
9320,27
9321,43
9322,33
9323,27
9324,27
9325,36
9326,49
9327,71
9328,79
9329,63
9330,47
9331,52
9332,58
9333,70
9334,78
9335,87
9336,95
9337,109
9338,95
9339,90
9340,69
9341,66
9342,47
9343,40
9344,16
9345,11
9346,12
9347,13
9348,13
9349,23
9350,21
9351,17
9352,13
9353,17
9354,17
9355,11
9356,12
9357,25
9358,23
9359,32
9360,31
9361,34
9362,37
9363,29
9364,35
9365,21
9366,21
9367,26
9368,41
9369,82
9370,58
9371,56
9372,61
9373,54
9374,46
9375,55
9376,71
9377,83
9378,85
9379,93
9380,103
9381,132
9382,144
9383,137
9384,117
9385,128
9386,161
9387,89
9388,40
9389,24
9390,20
9391,16
9392,19
9393,18
9394,19
9395,23
9396,8
9397,11
9398,17
9399,13
9400,14
9401,13
9402,12
9403,12
9404,11
9405,26
9406,19
9407,20
9408,32
9409,32
9410,18
9411,13
9412,23
9413,23
9414,20
9415,23
9416,31
9417,27
9418,19
9419,21
9420,21
9421,18
9422,16
9423,14
9424,14
9425,12
9426,12
9427,13
9428,12
9429,16
9430,14
9431,10
9432,15
9433,3
9434,6
9435,10
9436,7
9437,4
9438,2
9439,7
9440,11
9441,8
9442,9
9443,16
9444,27
9445,19
9446,11
9447,42
9448,15
9449,13
9450,11
9451,9
9452,12
9453,16
9454,9
9455,10
9456,9
9457,21
9458,22
9459,10
9460,19
9461,7
9462,8
9463,8
9464,9
9465,17
9466,19
9467,21
9468,24
9469,16
9470,14
9471,16
9472,16
9473,11
9474,13
9475,16
9476,37
9477,46
9478,45
9479,49
9480,45
9481,21
9482,15
9483,12
9484,12
9485,15
9486,13
9487,10
9488,25
9489,43
9490,23
9491,27
9492,19
9493,23
9494,23
9495,17
9496,21
9497,18
9498,28
9499,24
9500,46
9501,61
9502,69
9503,68
9504,55
9505,33
9506,43
9507,28
9508,34
9509,29
9510,37
9511,34
9512,27
9513,44
9514,37
9515,46
9516,43
9517,29
9518,20
9519,27
9520,23
9521,28
9522,22
9523,29
9524,30
9525,42
9526,49
9527,49
9528,59
9529,84
9530,73
9531,70
9532,95
9533,71
9534,47
9535,42
9536,56
9537,48
9538,42
9539,45
9540,60
9541,65
9542,55
9543,38
9544,33
9545,34
9546,19
9547,18
9548,29
9549,44
9550,89
9551,61
9552,61
9553,75
9554,348
9555,79
9556,40
9557,25
9558,29
9559,23
9560,24
9561,39
9562,46
9563,47
9564,30
9565,36
9566,28
9567,44
9568,47
9569,78
9570,100
9571,146
9572,143
9573,167
9574,250
9575,288
9576,289
9577,299
9578,378
9579,270
9580,263
9581,234
9582,171
9583,100
9584,83
9585,77
9586,86
9587,102
9588,77
9589,40
9590,37
9591,33
9592,32
9593,32
9594,21
9595,196
9596,161
9597,143
9598,149
9599,99
9600,64
9601,43
9602,53
9603,46
9604,55
9605,63
9606,74
9607,82
9608,87
9609,90
9610,92
9611,97
9612,100
9613,105
9614,109
9615,130
9616,145
9617,147
9618,165
9619,178
9620,169
9621,155
9622,158
9623,174
9624,201
9625,220
9626,186
9627,144
9628,89
9629,17
9630,19
9631,22
9632,34
9633,31
9634,54
9635,34
9636,29
9637,25
9638,27
9639,21
9640,25
9641,29
9642,21
9643,22
9644,20
9645,35
9646,41
9647,69
9648,83
9649,93
9650,106
9651,110
9652,110
9653,122
9654,130
9655,126
9656,117
9657,118
9658,110
9659,113
9660,131
9661,151
9662,129
9663,117
9664,138
9665,146
9666,108
9667,77
9668,101
9669,200
9670,288
9671,295
9672,263
9673,208
9674,176
9675,121
9676,133
9677,128
9678,162
9679,168
9680,148
9681,119
9682,118
9683,109
9684,80
9685,52
9686,43
9687,37
9688,26
9689,27
9690,27
9691,17
9692,37
9693,47
9694,100
9695,148
9696,132
9697,84
9698,78
9699,132
9700,163
9701,171
9702,176
9703,199
9704,209
9705,208
9706,211
9707,199
9708,212
9709,225
9710,151
9711,96
9712,68
9713,68
9714,79
9715,80
9716,82
9717,43
9718,38
9719,38
9720,35
9721,31
9722,30
9723,28
9724,30
9725,44
9726,55
9727,34
9728,41
9729,52
9730,66
9731,70
9732,74
9733,81
9734,68
9735,62
9736,76
9737,78
9738,79
9739,83
9740,90
9741,95
9742,98
9743,98
9744,97
9745,107
9746,100
9747,105
9748,103
9749,96
9750,104
9751,102
9752,111
9753,82
9754,239
9755,132
9756,66
9757,41
9758,13
9759,10
9760,8
9761,12
9762,12
9763,7
9764,7
9765,10
9766,8
9767,9
9768,9
9769,7
9770,12
9771,11
9772,17
9773,12
9774,10
9775,10
9776,12
9777,16
9778,21
9779,21
9780,22
9781,23
9782,27
9783,34
9784,49
9785,41
9786,48
9787,43
9788,41
9789,39
9790,41
9791,47
9792,58
9793,50
9794,52
9795,59
9796,58
9797,65
9798,68
9799,61
9800,69
9801,72
9802,69
9803,82
9804,85
9805,87
9806,79
9807,86
9808,86
9809,82
9810,92
9811,104
9812,108
9813,113
9814,115
9815,12
9816,13
9817,11
9818,6
9819,8
9820,8
9821,7
9822,10
9823,11
9824,22
9825,33
9826,29
9827,37
9828,30
9829,26
9830,22
9831,28
9832,46
9833,53
9834,56
9835,39
9836,40
9837,46
9838,61
9839,77
9840,89
9841,102
9842,125
9843,154
9844,153
9845,122
9846,113
9847,138
9848,125
9849,117
9850,152
9851,181
9852,214
9853,233
9854,252
9855,274
9856,248
9857,216
9858,209
9859,213
9860,254
9861,301
9862,298
9863,331
9864,328
9865,335
9866,312
9867,299
9868,294
9869,277
9870,281
9871,267
9872,269
9873,258
9874,263
9875,285
9876,282
9877,281
9878,292
9879,289
9880,272
9881,234
9882,214
9883,192
9884,211
9885,240
9886,249
9887,278
9888,279
9889,294
9890,327
9891,328
9892,316
9893,315
9894,273
9895,254
9896,226
9897,237
9898,224
9899,234
9900,195
9901,104
9902,75
9903,53
9904,50
9905,49
9906,42
9907,53
9908,80
9909,188
9910,288
9911,404
9912,422
9913,411
9914,345
9915,353
9916,399
9917,384
9918,282
9919,88
9920,41
9921,51
9922,46
9923,48
9924,51
9925,50
9926,50
9927,101
9928,127
9929,140
9930,206
9931,226
9932,203
9933,240
9934,258
9935,262
9936,260
9937,264
9938,274
9939,253
9940,283
9941,259
9942,140
9943,120
9944,154
9945,166
9946,144
9947,138
9948,131
9949,113
9950,92
9951,127
9952,127
9953,131
9954,153
9955,174
9956,221
9957,264
9958,273
9959,273
9960,268
9961,288
9962,297
9963,300
9964,355
9965,342
9966,202
9967,130
9968,108
9969,113
9970,126
9971,156
9972,282
9973,379
9974,437
9975,477
9976,510
9977,526
9978,492
9979,472
9980,474
9981,482
9982,482
9983,477
9984,480
9985,527
9986,486
9987,493
9988,515
9989,595
9990,563
9991,563
9992,528
9993,515
9994,495
9995,486
9996,508
9997,464
9998,430
9999,452
10000,489
10001,477
10002,425
10003,407
10004,498
10005,492
10006,492
10007,476
10008,478
10009,499
10010,489
10011,494
10012,481
10013,445
10014,431
10015,423
10016,457
10017,434
10018,391
10019,347
10020,292
10021,343
10022,322
10023,360
10024,376
10025,369
10026,354
10027,335
10028,394
10029,397
10030,395
10031,401
10032,406
10033,399
10034,373
10035,396
10036,461
10037,455
10038,415
10039,406
10040,421
10041,420
10042,393
10043,389
10044,401
10045,403
10046,406
10047,469
10048,409
10049,397
10050,387
10051,396
10052,436
10053,470
10054,451
10055,436
10056,411
10057,418
10058,424
10059,413
10060,404
10061,397
10062,285
10063,215
10064,136
10065,119
10066,38
10067,16
10068,13
10069,17
10070,23
10071,29
10072,34
10073,28
10074,24
10075,21
10076,41
10077,52
10078,142
10079,99
10080,55
10081,55
10082,53
10083,67
10084,72
10085,77
10086,75
10087,80
10088,106
10089,95
10090,100
10091,98
10092,79
10093,74
10094,71
10095,75
10096,73
10097,53
10098,47
10099,44
10100,61
10101,78
10102,55
10103,62
10104,52
10105,42
10106,42
10107,39
10108,35
10109,36
10110,30
10111,44
10112,52
10113,58
10114,71
10115,79
10116,77
10117,71
10118,80
10119,85
10120,96
10121,111
10122,108
10123,122
10124,109
10125,115
10126,103
10127,109
10128,116
10129,125
10130,127
10131,127
10132,123
10133,115
10134,105
10135,90
10136,66
10137,59
10138,39
10139,35
10140,35
10141,26
10142,31
10143,31
10144,34
10145,35
10146,26
10147,28
10148,29
10149,29
10150,29
10151,32
10152,29
10153,25
10154,31
10155,29
10156,26
10157,25
10158,15
10159,20
10160,32
10161,37
10162,37
10163,18
10164,20
10165,13
10166,12
10167,12
10168,12
10169,15
10170,20
10171,16
10172,18
10173,15
10174,8
10175,7
10176,8
10177,12
10178,9
10179,9
10180,11
10181,17
10182,9
10183,11
10184,12
10185,17
10186,20
10187,18
10188,28
10189,16
10190,16
10191,11
10192,19
10193,17
10194,15
10195,14
10196,28
10197,80
10198,87
10199,51
10200,37
10201,9
10202,11
10203,14
10204,11
10205,12
10206,15
10207,29
10208,44
10209,33
10210,22
10211,27
10212,26
10213,18
10214,27
10215,10
10216,16
10217,32
10218,49
10219,40
10220,69
10221,42
10222,20
10223,20
10224,16
10225,9
10226,8
10227,9
10228,10
10229,8
10230,8
10231,9
10232,10
10233,13
10234,13
10235,26
10236,15
10237,19
10238,18
10239,16
10240,15
10241,12
10242,17
10243,9
10244,9
10245,11
10246,37
10247,36
10248,40
10249,43
10250,48
10251,46
10252,45
10253,46
10254,52
10255,69
10256,105
10257,83
10258,51
10259,43
10260,57
10261,57
10262,55
10263,51
10264,46
10265,42
10266,55
10267,58
10268,68
10269,91
10270,89
10271,59
10272,66
10273,69
10274,56
10275,61
10276,62
10277,74
10278,82
10279,77
10280,82
10281,79
10282,91
10283,96
10284,109
10285,106
10286,109
10287,136
10288,133
10289,92
10290,90
10291,92
10292,108
10293,122
10294,130
10295,142
10296,129
10297,55
10298,20
10299,15
10300,14
10301,12
10302,12
10303,24
10304,6
10305,19
10306,13
10307,18
10308,14
10309,16
10310,15
10311,11
10312,12
10313,17
10314,14
10315,10
10316,7
10317,7
10318,8
10319,8
10320,8
10321,8
10322,8
10323,9
10324,9
10325,11
10326,20
10327,14
10328,16
10329,21
10330,17
10331,15
10332,15
10333,19
10334,15
10335,12
10336,22
10337,16
10338,22
10339,9
10340,16
10341,23
10342,46
10343,35
10344,33
10345,29
10346,25
10347,10
10348,11
10349,13
10350,14
10351,18
10352,16
10353,21
10354,19
10355,20
10356,16
10357,17
10358,19
10359,16
10360,21
10361,24
10362,24
10363,16
10364,15
10365,18
10366,14
10367,10
10368,7
10369,6
10370,6
10371,7
10372,7
10373,9
10374,10
10375,19
10376,31
10377,35
10378,34
10379,21
10380,19
10381,15
10382,17
10383,16
10384,24
10385,17
10386,12
10387,12
10388,18
10389,34
10390,35
10391,36
10392,46
10393,66
10394,51
10395,58
10396,79
10397,80
10398,74
10399,72
10400,83
10401,112
10402,61
10403,54
10404,46
10405,36
10406,27
10407,19
10408,26
10409,22
10410,14
10411,9
10412,26
10413,25
10414,38
10415,43
10416,48
10417,48
10418,47
10419,40
10420,40
10421,44
10422,26
10423,26
10424,30
10425,85
10426,92
10427,99
10428,109
10429,92
10430,80
10431,85
10432,95
10433,116
10434,110
10435,108
10436,132
10437,156
10438,166
10439,196
10440,209
10441,263
10442,248
10443,253
10444,258
10445,263
10446,266
10447,274
10448,272
10449,271
10450,250
10451,254
10452,243
10453,241
10454,241
10455,236
10456,225
10457,225
10458,228
10459,272
10460,272
10461,367
10462,416
10463,415
10464,360
10465,379
10466,377
10467,400
10468,368
10469,351
10470,339
10471,320
10472,339
10473,332
10474,318
10475,267
10476,164
10477,42
10478,27
10479,31
10480,25
10481,24
10482,20
10483,16
10484,16
10485,17
10486,13
10487,11
10488,9
10489,8
10490,6
10491,7
10492,9
10493,8
10494,8
10495,8
10496,8
10497,12
10498,21
10499,18
10500,13
10501,25
10502,22
10503,21
10504,23
10505,25
10506,17
10507,12
10508,16
10509,18
10510,17
10511,17
10512,14
10513,16
10514,17
10515,9
10516,9
10517,9
10518,11
10519,14
10520,13
10521,12
10522,16
10523,11
10524,18
10525,21
10526,22
10527,23
10528,16
10529,21
10530,19
10531,19
10532,18
10533,16
10534,14
10535,23
10536,16
10537,18
10538,17
10539,7
10540,7
10541,19
10542,15
10543,23
10544,24
10545,19
10546,33
10547,32
10548,30
10549,26
10550,45
10551,40
10552,37
10553,27
10554,27
10555,44
10556,79
10557,117
10558,70
10559,76
10560,90
10561,105
10562,125
10563,138
10564,128
10565,110
10566,109
10567,105
10568,104
10569,107
10570,101
10571,115
10572,116
10573,132
10574,135
10575,123
10576,112
10577,96
10578,96
10579,90
10580,99
10581,126
10582,125
10583,124
10584,122
10585,121
10586,120
10587,119
10588,117
10589,116
10590,115
10591,114
10592,112
10593,111
10594,110
10595,109
10596,108
10597,106
10598,105
10599,104
10600,103
10601,101
10602,100
10603,99
10604,98
10605,96
10606,95
10607,94
10608,93
10609,92
10610,90
10611,89
10612,88
10613,87
10614,86
10615,84
10616,83
10617,82
10618,81
10619,79
10620,78
10621,77
10622,76
10623,74
10624,73
10625,72
10626,71
10627,70
10628,68
10629,67
10630,66
10631,65
10632,63
10633,62
10634,61
10635,60
10636,58
10637,57
10638,56
10639,55
10640,54
10641,52
10642,51
10643,50
10644,49
10645,47
10646,46
10647,45
10648,44
10649,42
10650,41
10651,40
10652,39
10653,38
10654,36
10655,35
10656,34
10657,33
10658,31
10659,30
10660,29
10661,28
10662,26
10663,25
10664,24
10665,23
10666,22
10667,20
10668,19
10669,18
10670,17
10671,16
10672,14
10673,13
10674,13
10675,28
10676,33
10677,14
10678,20
10679,23
10680,24
10681,17
10682,12
10683,12
10684,9
10685,8
10686,9
10687,15
10688,13
10689,13
10690,12
10691,13
10692,14
10693,12
10694,18
10695,11
10696,22
10697,19
10698,14
10699,12
10700,17
10701,24
10702,41
10703,60
10704,21
10705,30
10706,23
10707,20
10708,24
10709,24
10710,20
10711,20
10712,20
10713,30
10714,25
10715,12
10716,20
10717,16
10718,19
10719,16
10720,18
10721,22
10722,16
10723,22
10724,28
10725,32
10726,23
10727,24
10728,15
10729,14
10730,13
10731,13
10732,10
10733,8
10734,9
10735,8
10736,10
10737,12
10738,18
10739,15
10740,13
10741,12
10742,11
10743,15
10744,12
10745,15
10746,17
10747,6
10748,7
10749,6
10750,4
10751,3
10752,4
10753,8
10754,13
10755,13
10756,15
10757,23
10758,23
10759,27
10760,18
10761,25
10762,31
10763,23
10764,17
10765,22
10766,16
10767,15
10768,13
10769,25
10770,18
10771,17
10772,22
10773,39
10774,21
10775,24
10776,37
10777,36
10778,46
10779,57
10780,66
10781,78
10782,76
10783,85
10784,126
10785,145
10786,178
10787,157
10788,130
10789,60
10790,38
10791,39
10792,36
10793,29
10794,23
10795,11
10796,12
10797,16
10798,12
10799,13
10800,11
10801,20
10802,6
10803,20
10804,13
10805,16
10806,12
10807,17
10808,27
10809,21
10810,20
10811,26
10812,27
10813,29
10814,25
10815,16
10816,23
10817,21
10818,13
10819,13
10820,17
10821,50
10822,22
10823,22
10824,69
10825,43
10826,40
10827,38
10828,37
10829,39
10830,45
10831,50
10832,44
10833,58
10834,48
10835,48
10836,39
10837,44
10838,36
10839,36
10840,38
10841,43
10842,35
10843,42
10844,51
10845,60
10846,65
10847,61
10848,56
10849,69
10850,76
10851,58
10852,64
10853,79
10854,100
10855,128
10856,110
10857,116
10858,97
10859,99
10860,107
10861,101
10862,94
10863,70
10864,49
10865,59
10866,60
10867,51
10868,55
10869,73
10870,70
10871,67
10872,64
10873,75
10874,87
10875,96
10876,103
10877,115
10878,112
10879,95
10880,87
10881,95
10882,123
10883,136
10884,143
10885,152
10886,132
10887,104
10888,84
10889,66
10890,50
10891,57
10892,77
10893,91
10894,105
10895,120
10896,134
10897,148
10898,154
10899,160
10900,167
10901,173
10902,179
10903,185
10904,192
10905,198
10906,204
10907,212
10908,207
10909,202
10910,198
10911,193
10912,188
10913,179
10914,166
10915,168
10916,210
10917,253
10918,295
10919,328
10920,287
10921,254
10922,222
10923,147
10924,51
10925,23
10926,19
10927,18
10928,15
10929,18
10930,25
10931,17
10932,18
10933,20
10934,17
10935,15
10936,16
10937,23
10938,34
10939,19
10940,25
10941,33
10942,36
10943,33
10944,23
10945,26
10946,30
10947,48
10948,44
10949,56
10950,46
10951,32
10952,54
10953,89
10954,79
10955,45
10956,68
10957,158
10958,178
10959,63
10960,108
10961,92
10962,127
10963,11
10964,5
10965,24
10966,5
10967,5
10968,55
10969,79
10970,124
10971,143
10972,186
10973,167
10974,184
10975,172
10976,149
10977,156
10978,144
10979,135
10980,94
10981,105
10982,50
10983,167
10984,138
10985,170
10986,89
10987,108
10988,104
10989,99
10990,95
10991,90
10992,86
10993,65
10994,88
10995,80
10996,125
10997,123
10998,151
10999,174
11000,241
11001,132
11002,159
11003,138
11004,177
11005,149
11006,192
11007,171
11008,211
11009,124
11010,170
11011,52
11012,22
11013,17
11014,54
11015,59
11016,150
11017,146
11018,154
11019,166
11020,164
11021,191
11022,152
11023,160
11024,254
11025,231
11026,254
11027,277
11028,207
11029,218
11030,264
11031,227
11032,188
11033,253
11034,227
11035,166
11036,143
11037,184
11038,246
11039,279
11040,233
11041,220
11042,190
11043,196
11044,96
11045,103
11046,94
11047,120
11048,77
11049,158
11050,169
11051,166
11052,164
11053,161
11054,158
11055,155
11056,153
11057,150
11058,147
11059,144
11060,142
11061,139
11062,136
11063,133
11064,131
11065,128
11066,125
11067,122
11068,120
11069,117
11070,114
11071,112
11072,109
11073,106
11074,103
11075,101
11076,98
11077,95
11078,92
11079,90
11080,87
11081,84
11082,82
11083,79
11084,76
11085,73
11086,70
11087,68
11088,65
11089,62
11090,60
11091,57
11092,54
11093,51
11094,49
11095,46
11096,43
11097,40
11098,38
11099,35
11100,32
11101,30
11102,27
11103,24
11104,27
11105,39
11106,43
11107,46
11108,50
11109,54
11110,58
11111,62
11112,65
11113,69
11114,72
11115,76
11116,79
11117,82
11118,85
11119,89
11120,92
11121,95
11122,98
11123,102
11124,105
11125,103
11126,105
11127,107
11128,105
11129,102
11130,102
11131,100
11132,109
11133,107
11134,77
11135,80
11136,82
11137,66
11138,50
11139,39
11140,24
11141,28
11142,14
11143,13
11144,11
11145,17
11146,15
11147,8
11148,10
11149,12
11150,12
11151,13
11152,14
11153,11
11154,10
11155,10
11156,11
11157,17
11158,91
11159,22
11160,16
11161,14
11162,12
11163,8
11164,9
11165,14
11166,16
11167,14
11168,29
11169,24
11170,19
11171,16
11172,17
11173,13
11174,12
11175,10
11176,11
11177,12
11178,13
11179,18
11180,26
11181,27
11182,45
11183,49
11184,50
11185,51
11186,64
11187,67
11188,77
11189,85
11190,91
11191,88
11192,91
11193,103
11194,101
11195,88
11196,91
11197,99
11198,94
11199,101
11200,91
11201,73
11202,94
11203,88
11204,104
11205,145
11206,171
11207,184
11208,202
11209,196
11210,186
11211,184
11212,188
11213,189
11214,201
11215,231
11216,225
11217,169
11218,163
11219,142
11220,136
11221,141
11222,125
11223,131
11224,138
11225,152
11226,145
11227,157
11228,172
11229,170
11230,172
11231,155
11232,168
11233,163
11234,144
11235,137
11236,133
11237,158
11238,162
11239,158
11240,174
11241,184
11242,191
11243,159
11244,74
11245,27
11246,21
11247,21
11248,24
11249,27
11250,31
11251,34
11252,37
11253,40
11254,43
11255,47
11256,50
11257,53
11258,51
11259,49
11260,47
11261,45
11262,43
11263,42
11264,40
11265,38
11266,36
11267,34
11268,32
11269,30
11270,28
11271,26
11272,27
11273,25
11274,26
11275,28
11276,29
11277,30
11278,32
11279,33
11280,35
11281,36
11282,39
11283,41
11284,44
11285,47
11286,49
11287,52
11288,55
11289,57
11290,60
11291,63
11292,65
11293,68
11294,71
11295,73
11296,76
11297,87
11298,146
11299,149
11300,121
11301,79
11302,58
11303,53
11304,56
11305,58
11306,60
11307,65
11308,41
11309,23
11310,20
11311,12
11312,13
11313,16
11314,22
11315,35
11316,72
11317,249
11318,76
11319,90
11320,74
11321,44
11322,93
11323,118
11324,120
11325,97
11326,14
11327,15
11328,18
11329,20
11330,21
11331,10
11332,9
11333,7
11334,4
11335,6
11336,6
11337,4
11338,3
11339,5
11340,9
11341,12
11342,11
11343,11
11344,13
11345,10
11346,10
11347,15
11348,19
11349,32
11350,43
11351,65
11352,54
11353,56
11354,63
11355,52
11356,53
11357,48
11358,62
11359,59
11360,93
11361,103
11362,79
11363,80
11364,84
11365,73
11366,52
11367,44
11368,58
11369,68
11370,86
11371,99
11372,105
11373,93
11374,120
11375,115
11376,91
11377,82
11378,84
11379,114
11380,97
11381,87
11382,91
11383,97
11384,121
11385,136
11386,160
11387,175
11388,166
11389,153
11390,165
11391,135
11392,270
11393,141
11394,137
11395,143
11396,157
11397,156
11398,189
11399,165
11400,195
11401,175
11402,157
11403,161
11404,167
11405,171
11406,160
11407,140
11408,161
11409,169
11410,113
11411,69
11412,44
11413,44
11414,45
11415,46
11416,46
11417,46
11418,47
11419,48
11420,48
11421,48
11422,49
11423,57
11424,66
11425,74
11426,71
11427,68
11428,64
11429,61
11430,58
11431,55
11432,52
11433,48
11434,45
11435,42
11436,39
11437,36
11438,34
11439,70
11440,36
11441,28
11442,31
11443,33
11444,36
11445,38
11446,41
11447,44
11448,46
11449,49
11450,47
11451,45
11452,42
11453,40
11454,38
11455,36
11456,34
11457,31
11458,29
11459,27
11460,25
11461,23
11462,20
11463,18
11464,16
11465,13
11466,10
11467,12
11468,16
11469,14
11470,13
11471,12
11472,12
11473,10
11474,9
11475,8
11476,11
11477,15
11478,16
11479,17
11480,23
11481,17
11482,19
11483,15
11484,22
11485,13
11486,14
11487,15
11488,10
11489,23
11490,14
11491,12
11492,13
11493,24
11494,32
11495,37
11496,41
11497,70
11498,99
11499,73
11500,60
11501,78
11502,96
11503,91
11504,93
11505,122
11506,165
11507,156
11508,162
11509,167
11510,167
11511,155
11512,126
11513,117
11514,97
11515,95
11516,90
11517,93
11518,100
11519,83
11520,96
11521,103
11522,138
11523,148
11524,126
11525,101
11526,104
11527,116
11528,143
11529,151
11530,149
11531,86
11532,51
11533,41
11534,31
11535,26
11536,20
11537,15
11538,13
11539,16
11540,18
11541,22
11542,63
11543,68
11544,82
11545,79
11546,51
11547,46
11548,67
11549,54
11550,43
11551,42
11552,44
11553,29
11554,29
11555,25
11556,20
11557,19
11558,25
11559,27
11560,27
11561,36
11562,39
11563,47
11564,62
11565,64
11566,73
11567,59
11568,60
11569,61
11570,61
11571,59
11572,63
11573,70
11574,64
11575,75
11576,82
11577,93
11578,90
11579,84
11580,84
11581,99
11582,105
11583,110
11584,116
11585,121
11586,127
11587,132
11588,138
11589,143
11590,149
11591,154
11592,160
11593,165
11594,165
11595,165
11596,165
11597,166
11598,166
11599,166
11600,166
11601,166
11602,185
11603,162
11604,163
11605,172
11606,165
11607,163
11608,152
11609,157
11610,162
11611,171
11612,172
11613,170
11614,168
11615,172
11616,168
11617,178
11618,170
11619,172
11620,186
11621,176
11622,183
11623,194
11624,195
11625,200
11626,218
11627,232
11628,187
11629,97
11630,76
11631,53
11632,36
11633,41
11634,81
11635,120
11636,201
11637,214
11638,238
11639,251
11640,234
11641,164
11642,136
11643,108
11644,88
11645,65
11646,83
11647,96
11648,100
11649,99
11650,89
11651,86
11652,60
11653,49
11654,38
11655,38
11656,42
11657,39
11658,31
11659,41
11660,33
11661,37
11662,40
11663,37
11664,33
11665,38
11666,48
11667,26
11668,15
11669,18
11670,17
11671,15
11672,24
11673,23
11674,20
11675,27
11676,14
11677,12
11678,16
11679,27
11680,24
11681,41
11682,31
11683,23
11684,19
11685,34
11686,34
11687,21
11688,14
11689,13
11690,16
11691,12
11692,8
11693,7
11694,7
11695,8
11696,11
11697,13
11698,14
11699,14
11700,14
11701,13
11702,15
11703,16
11704,13
11705,36
11706,33
11707,33
11708,28
11709,27
11710,35
11711,45
11712,57
11713,68
11714,79
11715,65
11716,70
11717,79
11718,81
11719,93
11720,81
11721,50
11722,63
11723,44
11724,42
11725,39
11726,55
11727,48
11728,53
11729,43
11730,54
11731,58
11732,63
11733,80
11734,95
11735,93
11736,94
11737,98
11738,110
11739,113
11740,107
11741,114
11742,123
11743,130
11744,136
11745,147
11746,148
11747,168
11748,201
11749,188
11750,150
11751,118
11752,84
11753,59
11754,44
11755,39
11756,35
11757,63
11758,95
11759,79
11760,75
11761,97
11762,110
11763,111
11764,98
11765,97
11766,86
11767,58
11768,60
11769,55
11770,39
11771,33
11772,34
11773,34
11774,37
11775,38
11776,32
11777,30
11778,26
11779,23
11780,28
11781,37
11782,43
11783,30
11784,31
11785,40
11786,46
11787,30
11788,27
11789,26
11790,17
11791,19
11792,15
11793,27
11794,23
11795,20
11796,18
11797,14
11798,16
11799,20
11800,29
11801,45
11802,46
11803,48
11804,47
11805,39
11806,53
11807,55
11808,50
11809,69
11810,80
11811,88
11812,62
11813,54
11814,66
11815,64
11816,79
11817,82
11818,80
11819,63
11820,54
11821,59
11822,53
11823,39
11824,40
11825,42
11826,46
11827,44
11828,41
11829,58
11830,63
11831,65
11832,61
11833,76
11834,78
11835,74
11836,78
11837,83
11838,79
11839,88
11840,82
11841,84
11842,94
11843,75
11844,40
11845,33
11846,38
11847,22
11848,19
11849,23
11850,18
11851,20
11852,20
11853,25
11854,35
11855,28
11856,28
11857,31
11858,26
11859,22
11860,16
11861,20
11862,24
11863,33
11864,32
11865,44
11866,76
11867,27
11868,24
11869,21
11870,28
11871,32
11872,70
11873,41
11874,29
11875,23
11876,24
11877,27
11878,35
11879,46
11880,56
11881,80
11882,83
11883,86
11884,92
11885,98
11886,98
11887,104
11888,106
11889,111
11890,117
11891,102
11892,99
11893,184
11894,202
11895,165
11896,159
11897,183
11898,118
11899,61
11900,33
11901,44
11902,60
11903,56
11904,68
11905,51
11906,75
11907,72
11908,77
11909,72
11910,69
11911,63
11912,63
11913,60
11914,56
11915,35
11916,24
11917,22
11918,17
11919,12
11920,12
11921,11
11922,63
11923,32
11924,34
11925,32
11926,24
11927,16
11928,29
11929,27
11930,22
11931,20
11932,18
11933,24
11934,18
11935,29
11936,20
11937,28
11938,28
11939,27
11940,27
11941,27
11942,31
11943,28
11944,25
11945,24
11946,32
11947,31
11948,35
11949,70
11950,40
11951,72
11952,59
11953,44
11954,27
11955,31
11956,29
11957,25
11958,22
11959,21
11960,27
11961,32
11962,26
11963,30
11964,25
11965,26
11966,20
11967,16
11968,18
11969,22
11970,27
11971,40
11972,29
11973,58
11974,50
11975,39
11976,46
11977,53
11978,55
11979,50
11980,58
11981,63
11982,58
11983,34
11984,18
11985,16
11986,16
11987,15
11988,83
11989,21
11990,16
11991,8
11992,18
11993,27
11994,48
11995,57
11996,50
11997,45
11998,44
11999,40
12000,53
12001,68
12002,42
12003,37
12004,37
12005,43
12006,40
12007,55
12008,65
12009,66
12010,64
12011,71
12012,69
12013,75
12014,156
12015,70
12016,24
12017,19
12018,24
12019,40
12020,35
12021,45
12022,41
12023,40
12024,42
12025,45
12026,52
12027,57
12028,62
12029,80
12030,134
12031,107
12032,105
12033,140
12034,147
12035,153
12036,138
12037,149
12038,160
12039,159
12040,158
12041,155
12042,174
12043,184
12044,206
12045,217
12046,236
12047,237
12048,250
12049,264
12050,251
12051,255
12052,206
12053,204
12054,213
12055,219
12056,227
12057,212
12058,205
12059,209
12060,215
12061,217
12062,237
12063,226
12064,236
12065,221
12066,222
12067,205
12068,75
12069,32
12070,27
12071,23
12072,19
12073,7
12074,6
12075,7
12076,6
12077,6
12078,5
12079,6
12080,10
12081,11
12082,11
12083,8
12084,7
12085,9
12086,13
12087,14
12088,16
12089,15
12090,19
12091,11
12092,15
12093,20
12094,29
12095,27
12096,27
12097,28
12098,33
12099,35
12100,26
12101,20
12102,23
12103,46
12104,17
12105,14
12106,18
12107,16
12108,10
12109,11
12110,12
12111,7
12112,19
12113,180
12114,69
12115,47
12116,31
12117,51
12118,32
12119,22
12120,27
12121,26
12122,34
12123,39
12124,44
12125,56
12126,52
12127,47
12128,41
12129,54
12130,52
12131,55
12132,53
12133,91
12134,25
12135,15
12136,34
12137,43
12138,16
12139,9
12140,30
12141,51
12142,55
12143,29
12144,56
12145,36
12146,40
12147,55
12148,47
12149,53
12150,58
12151,74
12152,122
12153,115
12154,67
12155,114
12156,69
12157,76
12158,55
12159,25
12160,24
12161,21
12162,24
12163,31
12164,116
12165,118
12166,89
12167,49
12168,83
12169,73
12170,69
12171,66
12172,77
12173,78
12174,81
12175,89
12176,123
12177,149
12178,155
12179,168
12180,200
12181,187
12182,152
12183,123
12184,114
12185,120
12186,109
12187,90
12188,70
12189,61
12190,47
12191,46
12192,41
12193,53
12194,49
12195,58
12196,57
12197,59
12198,63
12199,71
12200,81
12201,86
12202,100
12203,106
12204,109
12205,102
12206,107
12207,77
12208,57
12209,63
12210,50
12211,46
12212,35
12213,67
12214,53
12215,59
12216,53
12217,78
12218,46
12219,45
12220,51
12221,58
12222,58
12223,56
12224,66
12225,72
12226,80
12227,79
12228,69
12229,73
12230,66
12231,62
12232,66
12233,61
12234,55
12235,55
12236,51
12237,47
12238,48
12239,62
12240,57
12241,88
12242,96
12243,97
12244,95
12245,100
12246,100
12247,112
12248,115
12249,116
12250,116
12251,110
12252,110
12253,109
12254,109
12255,108
12256,108
12257,107
12258,107
12259,106
12260,106
12261,106
12262,105
12263,105
12264,104
12265,104
12266,104
12267,103
12268,103
12269,102
12270,102
12271,101
12272,101
12273,100
12274,100
12275,100
12276,99
12277,99
12278,98
12279,98
12280,97
12281,97
12282,82
12283,73
12284,96
12285,107
12286,122
12287,137
12288,132
12289,153
12290,160
12291,177
12292,190
12293,186
12294,195
12295,153
12296,184
12297,171
12298,154
12299,253
12300,140
12301,113
12302,122
12303,119
12304,124
12305,105
12306,106
12307,104
12308,112
12309,109
12310,110
12311,100
12312,100
12313,99
12314,101
12315,100
12316,99
12317,97
12318,100
12319,95
12320,90
12321,99
12322,105
12323,112
12324,109
12325,116
12326,118
12327,112
12328,104
12329,112
12330,117
12331,139
12332,146
12333,150
12334,114
12335,61
12336,92
12337,96
12338,107
12339,82
12340,71
12341,58
12342,55
12343,62
12344,56
12345,52
12346,99
12347,65
12348,72
12349,85
12350,85
12351,44
12352,67
12353,26
12354,26
12355,28
12356,39
12357,49
12358,15
12359,12
12360,18
12361,29
12362,13
12363,14
12364,15
12365,17
12366,10
12367,10
12368,9
12369,9
12370,9
12371,8
12372,8
12373,9
12374,11
12375,13
12376,14
12377,12
12378,16
12379,10
12380,24
12381,19
12382,14
12383,20
12384,10
12385,12
12386,17
12387,12
12388,16
12389,8
12390,11
12391,17
12392,8
12393,16
12394,15
12395,15
12396,13
12397,20
12398,9
12399,10
12400,11
12401,17
12402,18
12403,28
12404,28
12405,28
12406,29
12407,33
12408,29
12409,33
12410,33
12411,31
12412,36
12413,45
12414,48
12415,57
12416,81
12417,98
12418,99
12419,143
12420,105
12421,83
12422,81
12423,128
12424,127
12425,64
12426,60
12427,100
12428,92
12429,116
12430,74
12431,64
12432,73
12433,69
12434,68
12435,37
12436,37
12437,32
12438,23
12439,18
12440,25
12441,34
12442,9
12443,12
12444,28
12445,9
12446,9
12447,11
12448,11
12449,8
12450,56
12451,15
12452,15
12453,48
12454,56
12455,45
12456,48
12457,53
12458,53
12459,70
12460,48
12461,58
12462,68
12463,57
12464,44
12465,42
12466,39
12467,37
12468,35
12469,32
12470,30
12471,44
12472,37
12473,40
12474,45
12475,21
12476,18
12477,25
12478,27
12479,24
12480,22
12481,28
12482,40
12483,63
12484,78
12485,100
12486,109
12487,124
12488,125
12489,133
12490,133
12491,126
12492,142
12493,109
12494,43
12495,57
12496,90
12497,83
12498,60
12499,67
12500,67
12501,59
12502,64
12503,69
12504,67
12505,75
12506,65
12507,50
12508,41
12509,44
12510,74
12511,92
12512,103
12513,99
12514,95
12515,91
12516,87
12517,85
12518,100
12519,100
12520,93
12521,86
12522,91
12523,99
12524,114
12525,123
12526,145
12527,163
12528,170
12529,163
12530,166
12531,167
12532,201
12533,201
12534,204
12535,217
12536,206
12537,241
12538,237
12539,231
12540,177
12541,160
12542,152
12543,102
12544,66
12545,69
12546,69
12547,82
12548,37
12549,47
12550,55
12551,58
12552,59
12553,66
12554,61
12555,35
12556,9
12557,7
12558,6
12559,7
12560,7
12561,20
12562,13
12563,27
12564,24
12565,14
12566,22
12567,33
12568,49
12569,26
12570,22
12571,27
12572,28
12573,40
12574,29
12575,33
12576,47
12577,53
12578,86
12579,151
12580,210
12581,188
12582,176
12583,184
12584,190
12585,196
12586,189
12587,165
12588,152
12589,126
12590,111
12591,112
12592,106
12593,76
12594,67
12595,92
12596,62
12597,75
12598,96
12599,123
12600,119
12601,121
12602,121
12603,121
12604,108
12605,117
12606,176
12607,199
12608,185
12609,173
12610,172
12611,141
12612,130
12613,132
12614,117
12615,91
12616,83
12617,71
12618,80
12619,92
12620,80
12621,48
12622,64
12623,74
12624,84
12625,96
12626,122
12627,53
12628,52
12629,57
12630,87
12631,95
12632,109
12633,96
12634,91
12635,82
12636,73
12637,81
12638,67
12639,74
12640,85
12641,29
12642,25
12643,39
12644,27
12645,33
12646,43
12647,55
12648,48
12649,20
12650,16
12651,18
12652,14
12653,12
12654,18
12655,10
12656,19
12657,15
12658,12
12659,11
12660,10
12661,11
12662,13
12663,22
12664,15
12665,14
12666,17
12667,46
12668,48
12669,49
12670,39
12671,34
12672,45
12673,52
12674,63
12675,79
12676,85
12677,95
12678,96
12679,98
12680,117
12681,119
12682,103
12683,98
12684,96
12685,98
12686,95
12687,88
12688,83
12689,69
12690,65
12691,63
12692,45
12693,70
12694,63
12695,116
12696,127
12697,132
12698,147
12699,156
12700,125
12701,100
12702,93
12703,94
12704,94
12705,133
12706,153
12707,187
12708,195
12709,205
12710,234
12711,236
12712,231
12713,220
12714,175
12715,146
12716,151
12717,141
12718,142
12719,123
12720,78
12721,54
12722,71
12723,106
12724,128
12725,124
12726,135
12727,167
12728,165
12729,171
12730,170
12731,156
12732,167
12733,175
12734,164
12735,153
12736,152
12737,158
12738,144
12739,142
12740,135
12741,165
12742,198
12743,195
12744,138
12745,154
12746,192
12747,177
12748,120
12749,96
12750,80
12751,91
12752,76
12753,69
12754,69
12755,80
12756,95
12757,95
12758,97
12759,124
12760,140
12761,123
12762,139
12763,144
12764,135
12765,137
12766,113
12767,117
12768,114
12769,115
12770,134
12771,134
12772,125
12773,106
12774,121
12775,110
12776,115
12777,102
12778,88
12779,87
12780,85
12781,88
12782,85
12783,80
12784,67
12785,66
12786,69
12787,79
12788,89
12789,87
12790,104
12791,135
12792,142
12793,151
12794,179
12795,190
12796,194
12797,212
12798,257
12799,244
12800,257
12801,227
12802,198
12803,180
12804,154
12805,132
12806,106
12807,95
12808,101
12809,110
12810,99
12811,113
12812,147
12813,269
12814,285
12815,245
12816,237
12817,221
12818,221
12819,201
12820,195
12821,205
12822,242
12823,235
12824,209
12825,199
12826,198
12827,205
12828,207
12829,201
12830,182
12831,167
12832,161
12833,167
12834,155
12835,149
12836,158
12837,203
12838,209
12839,206
12840,217
12841,222
12842,236
12843,207
12844,254
12845,205
12846,230
12847,214
12848,187
12849,192
12850,184
12851,174
12852,185
12853,173
12854,158
12855,165
12856,134
12857,104
12858,120
12859,111
12860,139
12861,173
12862,192
12863,181
12864,183
12865,199
12866,183
12867,158
12868,160
12869,161
12870,171
12871,176
12872,176
12873,172
12874,169
12875,178
12876,149
12877,164
12878,117
12879,120
12880,109
12881,106
12882,137
12883,91
12884,91
12885,101
12886,116
12887,145
12888,164
12889,166
12890,156
12891,146
12892,137
12893,145
12894,146
12895,204
12896,231
12897,217
12898,187
12899,194
12900,204
12901,251
12902,337
12903,402
12904,432
12905,442
12906,459
12907,445
12908,352
12909,399
12910,132
12911,99
12912,136
12913,139
12914,145
12915,152
12916,150
12917,152
12918,185
12919,166
12920,169
12921,182
12922,166
12923,160
12924,169
12925,185
12926,184
12927,182
12928,163
12929,179
12930,194
12931,133
12932,51
12933,44
12934,34
12935,36
12936,29
12937,49
12938,54
12939,22
12940,25
12941,11
12942,25
12943,18
12944,9
12945,8
12946,11
12947,16
12948,22
12949,18
12950,25
12951,20
12952,23
12953,25
12954,27
12955,34
12956,36
12957,35
12958,45
12959,48
12960,41
12961,51
12962,43
12963,50
12964,31
12965,34
12966,31
12967,22
12968,20
12969,22
12970,29
12971,23
12972,29
12973,30
12974,27
12975,18
12976,19
12977,22
12978,25
12979,25
12980,26
12981,40
12982,43
12983,62
12984,77
12985,102
12986,87
12987,91
12988,109
12989,134
12990,87
12991,56
12992,52
12993,52
12994,41
12995,29
12996,24
12997,16
12998,19
12999,16
13000,21
13001,20
13002,21
13003,24
13004,23
13005,27
13006,75
13007,64
13008,62
13009,72
13010,74
13011,49
13012,47
13013,57
13014,49
13015,81
13016,125
13017,127
13018,79
13019,59
13020,36
13021,26
13022,30
13023,16
13024,31
13025,39
13026,40
13027,51
13028,53
13029,58
13030,55
13031,56
13032,93
13033,108
13034,94
13035,112
13036,118
13037,121
13038,119
13039,127
13040,123
13041,125
13042,127
13043,205
13044,149
13045,162
13046,173
13047,202
13048,185
13049,166
13050,152
13051,137
13052,156
13053,132
13054,116
13055,113
13056,141
13057,177
13058,199
13059,226
13060,229
13061,242
13062,244
13063,265
13064,266
13065,259
13066,274
13067,275
13068,242
13069,232
13070,208
13071,204
13072,190
13073,223
13074,228
13075,243
13076,229
13077,224
13078,206
13079,226
13080,256
13081,266
13082,242
13083,255
13084,238
13085,229
13086,231
13087,219
13088,145
13089,35
13090,38
13091,37
13092,33
13093,48
13094,48
13095,47
13096,52
13097,58
13098,75
13099,113
13100,150
13101,213
13102,213
13103,218
13104,233
13105,245
13106,254
13107,232
13108,220
13109,222
13110,230
13111,226
13112,221
13113,206
13114,82
13115,29
13116,39
13117,61
13118,77
13119,93
13120,109
13121,94
13122,81
13123,91
13124,117
13125,121
13126,112
13127,108
13128,118
13129,133
13130,141
13131,150
13132,170
13133,165
13134,179
13135,153
13136,166
13137,165
13138,160
13139,176
13140,162
13141,144
13142,128
13143,140
13144,133
13145,122
13146,164
13147,155
13148,170
13149,164
13150,187
13151,187
13152,198
13153,202
13154,215
13155,195
13156,195
13157,245
13158,224
13159,220
13160,244
13161,238
13162,140
13163,72
13164,47
13165,30
13166,26
13167,25
13168,19
13169,26
13170,23
13171,30
13172,44
13173,46
13174,44
13175,46
13176,56
13177,72
13178,96
13179,108
13180,104
13181,74
13182,85
13183,55
13184,48
13185,46
13186,47
13187,36
13188,42
13189,36
13190,37
13191,40
13192,52
13193,71
13194,63
13195,88
13196,96
13197,73
13198,63
13199,61
13200,57
13201,65
13202,82
13203,86
13204,89
13205,67
13206,79
13207,95
13208,112
13209,105
13210,119
13211,134
13212,133
13213,144
13214,165
13215,153
13216,142
13217,141
13218,139
13219,152
13220,160
13221,145
13222,132
13223,141
13224,145
13225,152
13226,173
13227,199
13228,193
13229,193
13230,185
13231,184
13232,178
13233,145
13234,142
13235,158
13236,173
13237,164
13238,180
13239,181
13240,172
13241,171
13242,167
13243,170
13244,174
13245,171
13246,188
13247,179
13248,121
13249,66
13250,54
13251,56
13252,87
13253,48
13254,42
13255,44
13256,31
13257,12
13258,10
13259,11
13260,11
13261,16
13262,9
13263,16
13264,17
13265,16
13266,12
13267,21
13268,20
13269,22
13270,19
13271,23
13272,28
13273,21
13274,22
13275,31
13276,37
13277,38
13278,32
13279,27
13280,40
13281,37
13282,32
13283,26
13284,25
13285,18
13286,23
13287,14
13288,12
13289,16
13290,7
13291,9
13292,12
13293,16
13294,17
13295,17
13296,28
13297,18
13298,22
13299,34
13300,41
13301,21
13302,28
13303,25
13304,19
13305,14
13306,23
13307,18
13308,18
13309,12
13310,17
13311,14
13312,23
13313,18
13314,19
13315,21
13316,18
13317,23
13318,25
13319,29
13320,28
13321,42
13322,53
13323,57
13324,62
13325,80
13326,100
13327,93
13328,82
13329,79
13330,83
13331,75
13332,88
13333,90
13334,90
13335,79
13336,89
13337,87
13338,91
13339,73
13340,66
13341,72
13342,117
13343,111
13344,125
13345,146
13346,171
13347,185
13348,296
13349,275
13350,288
13351,298
13352,274
13353,281
13354,280
13355,249
13356,239
13357,218
13358,197
13359,154
13360,130
13361,122
13362,125
13363,118
13364,153
13365,132
13366,91
13367,102
13368,113
13369,112
13370,96
13371,107
13372,118
13373,105
13374,104
13375,107
13376,127
13377,128
13378,111
13379,126
13380,109
13381,108
13382,122
13383,112
13384,112
13385,100
13386,109
13387,99
13388,92
13389,113
13390,117
13391,117
13392,112
13393,120
13394,116
13395,87
13396,95
13397,92
13398,89
13399,102
13400,99
13401,97
13402,92
13403,91
13404,95
13405,95
13406,102
13407,103
13408,101
13409,89
13410,87
13411,84
13412,91
13413,91
13414,97
13415,93
13416,81
13417,80
13418,77
13419,80
13420,82
13421,85
13422,78
13423,90
13424,86
13425,94
13426,95
13427,125
13428,131
13429,135
13430,144
13431,144
13432,133
13433,132
13434,137
13435,141
13436,133
13437,94
13438,83
13439,71
13440,62
13441,44
13442,39
13443,42
13444,58
13445,59
13446,57
13447,59
13448,52
13449,64
13450,70
13451,66
13452,66
13453,70
13454,83
13455,103
13456,109
13457,91
13458,90
13459,88
13460,97
13461,107
13462,94
13463,74
13464,100
13465,72
13466,78
13467,80
13468,77
13469,86
13470,108
13471,90
13472,73
13473,71
13474,54
13475,52
13476,55
13477,69
13478,70
13479,87
13480,75
13481,84
13482,91
13483,90
13484,92
13485,96
13486,84
13487,37
13488,47
13489,48
13490,63
13491,67
13492,69
13493,71
13494,80
13495,82
13496,93
13497,97
13498,121
13499,137
13500,147
13501,166
13502,181
13503,186
13504,200
13505,75
13506,77
13507,87
13508,61
13509,75
13510,87
13511,93
13512,88
13513,117
13514,77
13515,61
13516,58
13517,54
13518,69
13519,62
13520,64
13521,74
13522,74
13523,69
13524,76
13525,101
13526,119
13527,127
13528,128
13529,128
13530,144
13531,142
13532,134
13533,149
13534,151
13535,160
13536,157
13537,165
13538,181
13539,174
13540,140
13541,126
13542,121
13543,130
13544,131
13545,140
13546,150
13547,117
13548,105
13549,66
13550,62
13551,68
13552,75
13553,73
13554,72
13555,65
13556,79
13557,83
13558,50
13559,44
13560,45
13561,51
13562,57
13563,53
13564,27
13565,21
13566,28
13567,16
13568,10
13569,13
13570,14
13571,11
13572,26
13573,24
13574,21
13575,14
13576,47
13577,58
13578,61
13579,65
13580,56
13581,63
13582,80
13583,84
13584,116
13585,100
13586,107
13587,86
13588,87
13589,89
13590,83
13591,77
13592,65
13593,83
13594,103
13595,90
13596,92
13597,95
13598,111
13599,112
13600,87
13601,88
13602,88
13603,86
13604,78
13605,75
13606,91
13607,91
13608,106
13609,94
13610,118
13611,129
13612,116
13613,119
13614,118
13615,65
13616,59
13617,74
13618,111
13619,146
13620,155
13621,161
13622,170
13623,189
13624,196
13625,203
13626,211
13627,230
13628,256
13629,271
13630,291
13631,271
13632,273
13633,261
13634,296
13635,321
13636,290
13637,288
13638,293
13639,307
13640,335
13641,330
13642,334
13643,334
13644,336
13645,302
13646,308
13647,299
13648,293
13649,269
13650,206
13651,223
13652,235
13653,244
13654,237
13655,277
13656,300
13657,361
13658,325
13659,330
13660,354
13661,321
13662,383
13663,355
13664,354
13665,375
13666,390
13667,376
13668,356
13669,375
13670,337
13671,310
13672,127
13673,38
13674,62
13675,49
13676,59
13677,53
13678,51
13679,23
13680,19
13681,20
13682,32
13683,31
13684,40
13685,41
13686,38
13687,31
13688,38
13689,57
13690,58
13691,64
13692,56
13693,48
13694,41
13695,27
13696,34
13697,29
13698,34
13699,40
13700,40
13701,63
13702,111
13703,118
13704,84
13705,85
13706,100
13707,102
13708,80
13709,73
13710,47
13711,38
13712,39
13713,25
13714,24
13715,22
13716,24
13717,23
13718,30
13719,36
13720,45
13721,42
13722,33
13723,35
13724,55
13725,60
13726,60
13727,56
13728,70
13729,32
13730,37
13731,39
13732,61
13733,53
13734,48
13735,40
13736,37
13737,42
13738,51
13739,68
13740,77
13741,88
13742,72
13743,65
13744,67
13745,55
13746,62
13747,73
13748,84
13749,90
13750,102
13751,93
13752,99
13753,116
13754,151
13755,171
13756,179
13757,183
13758,190
13759,202
13760,209
13761,226
13762,220
13763,218
13764,201
13765,201
13766,213
13767,210
13768,233
13769,215
13770,184
13771,186
13772,187
13773,209
13774,238
13775,259
13776,269
13777,286
13778,311
13779,306
13780,307
13781,313
13782,300
13783,284
13784,273
13785,264
13786,88
13787,50
13788,49
13789,42
13790,43
13791,32
13792,54
13793,66
13794,50
13795,38
13796,43
13797,56
13798,49
13799,37
13800,41
13801,39
13802,36
13803,41
13804,35
13805,40
13806,36
13807,39
13808,32
13809,27
13810,35
13811,38
13812,35
13813,18
13814,33
13815,30
13816,37
13817,51
13818,54
13819,48
13820,44
13821,56
13822,57
13823,62
13824,58
13825,61
13826,77
13827,78
13828,86
13829,102
13830,87
13831,72
13832,73
13833,59
13834,64
13835,51
13836,29
13837,38
13838,46
13839,37
13840,20
13841,41
13842,47
13843,82
13844,88
13845,104
13846,103
13847,103
13848,102
13849,101
13850,100
13851,100
13852,99
13853,98
13854,98
13855,97
13856,96
13857,96
13858,95
13859,94
13860,94
13861,93
13862,92
13863,91
13864,91
13865,90
13866,89
13867,88
13868,88
13869,87
13870,86
13871,86
13872,85
13873,84
13874,84
13875,83
13876,82
13877,82
13878,81
13879,80
13880,79
13881,79
13882,78
13883,77
13884,77
13885,76
13886,75
13887,74
13888,74
13889,73
13890,72
13891,72
13892,71
13893,70
13894,70
13895,69
13896,68
13897,67
13898,67
13899,66
13900,65
13901,65
13902,64
13903,63
13904,62
13905,62
13906,61
13907,60
13908,60
13909,59
13910,46
13911,49
13912,46
13913,49
13914,50
13915,66
13916,68
13917,74
13918,75
13919,81
13920,70
13921,85
13922,77
13923,86
13924,101
13925,98
13926,91
13927,108
13928,110
13929,109
13930,119
13931,113
13932,114
13933,106
13934,103
13935,109
13936,114
13937,101
13938,100
13939,117
13940,115
13941,117
13942,109
13943,101
13944,107
13945,118
13946,138
13947,166
13948,144
13949,146
13950,154
13951,166
13952,190
13953,205
13954,200
13955,178
13956,134
13957,134
13958,144
13959,142
13960,140
13961,132
13962,143
13963,144
13964,175
13965,154
13966,142
13967,119
13968,104
13969,114
13970,112
13971,112
13972,111
13973,111
13974,111
13975,110
13976,110
13977,110
13978,110
13979,109
13980,109
13981,109
13982,108
13983,108
13984,108
13985,107
13986,107
13987,107
13988,106
13989,106
13990,106
13991,106
13992,105
13993,105
13994,105
13995,106
13996,106
13997,106
13998,107
13999,107
14000,107
14001,108
14002,108
14003,108
14004,109
14005,109
14006,109
14007,110
14008,110
14009,110
14010,111
14011,111
14012,111
14013,112
14014,112
14015,112
14016,113
14017,113
14018,113
14019,114
14020,114
14021,114
14022,115
14023,115
14024,107
14025,135
14026,109
14027,98
14028,90
14029,91
14030,84
14031,87
14032,75
14033,102
14034,104
14035,92
14036,97
14037,94
14038,92
14039,98
14040,139
14041,166
14042,194
14043,209
14044,208
14045,211
14046,201
14047,226
14048,214
14049,212
14050,227
14051,217
14052,212
14053,230
14054,202
14055,195
14056,221
14057,201
14058,202
14059,102
14060,34
14061,30
14062,36
14063,42
14064,43
14065,43
14066,44
14067,45
14068,46
14069,46
14070,47
14071,48
14072,48
14073,49
14074,50
14075,50
14076,51
14077,52
14078,52
14079,53
14080,54
14081,54
14082,55
14083,56
14084,57
14085,57
14086,58
14087,54
14088,70
14089,74
14090,64
14091,82
14092,119
14093,146
14094,121
14095,64
14096,51
14097,61
14098,83
14099,96
14100,80
14101,87
14102,91
14103,95
14104,99
14105,103
14106,101
14107,111
14108,108
14109,113
14110,130
14111,133
14112,161
14113,123
14114,115
14115,111
14116,105
14117,111
14118,103
14119,107
14120,125
14121,128
14122,141
14123,112
14124,118
14125,132
14126,153
14127,159
14128,151
14129,161
14130,148
14131,138
14132,171
14133,174
14134,154
14135,140
14136,130
14137,113
14138,100
14139,98
14140,91
14141,86
14142,96
14143,92
14144,99
14145,116
14146,110
14147,132
14148,137
14149,135
14150,125
14151,148
14152,134
14153,134
14154,147
14155,141
14156,142
14157,130
14158,123
14159,131
14160,135
14161,125
14162,138
14163,153
14164,31
14165,47
14166,56
14167,46
14168,33
14169,40
14170,41
14171,65
14172,110
14173,108
14174,93
14175,107
14176,100
14177,97
14178,120
14179,122
14180,128
14181,158
14182,206
14183,221
14184,156
14185,165
14186,160
14187,175
14188,158
14189,137
14190,128
14191,126
14192,124
14193,109
14194,107
14195,99
14196,143
14197,118
14198,116
14199,109
14200,109
14201,109
14202,87
14203,100
14204,117
14205,107
14206,110
14207,107
14208,38
14209,10
14210,7
14211,6
14212,9
14213,8
14214,8
14215,17
14216,21
14217,16
14218,17
14219,13
14220,7
14221,7
14222,11
14223,7
14224,4
14225,4
14226,8
14227,17
14228,24
14229,35
14230,32
14231,37
14232,45
14233,45
14234,51
14235,67
14236,68
14237,66
14238,63
14239,74
14240,74
14241,69
14242,59
14243,69
14244,88
14245,88
14246,67
14247,48
14248,37
14249,37
14250,22
14251,16
14252,29
14253,31
14254,25
14255,19
14256,17
14257,16
14258,16
14259,18
14260,7
14261,3
14262,2
14263,5
14264,10
14265,12
14266,11
14267,10
14268,8
14269,9
14270,18
14271,22
14272,29
14273,23
14274,21
14275,29
14276,37
14277,37
14278,49
14279,44
14280,47
14281,48
14282,55
14283,61
14284,56
14285,51
14286,62
14287,63
14288,60
14289,75
14290,77
14291,67
14292,87
14293,81
14294,59
14295,48
14296,54
14297,48
14298,42
14299,34
14300,48
14301,54
14302,50
14303,51
14304,69
14305,67
14306,68
14307,85
14308,76
14309,81
14310,82
14311,96
14312,89
14313,120
14314,124
14315,106
14316,79
14317,85
14318,92
14319,99
14320,97
14321,74
14322,54
14323,47
14324,45
14325,44
14326,54
14327,45
14328,57
14329,60
14330,61
14331,73
14332,90
14333,92
14334,105
14335,102
14336,110
14337,118
14338,107
14339,92
14340,85
14341,91
14342,100
14343,79
14344,48
14345,52
14346,69
14347,71
14348,72
14349,77
14350,92
14351,96
14352,100
14353,104
14354,106
14355,120
14356,127
14357,145
14358,134
14359,139
14360,81
14361,53
14362,97
14363,94
14364,99
14365,110
14366,117
14367,114
14368,92
14369,74
14370,81
14371,98
14372,120
14373,113
14374,104
14375,113
14376,121
14377,130
14378,128
14379,127
14380,125
14381,124
14382,122
14383,120
14384,119
14385,117
14386,116
14387,114
14388,113
14389,111
14390,109
14391,108
14392,106
14393,105
14394,103
14395,102
14396,100
14397,98
14398,97
14399,95
14400,94
14401,92
14402,96
14403,101
14404,106
14405,110
14406,114
14407,119
14408,124
14409,128
14410,132
14411,137
14412,132
14413,134
14414,129
14415,109
14416,93
14417,87
14418,88
14419,94
14420,70
14421,88
14422,113
14423,115
14424,96
14425,87
14426,93
14427,98
14428,97
14429,97
14430,103
14431,111
14432,110
14433,117
14434,125
14435,106
14436,91
14437,80
14438,97
14439,98
14440,92
14441,93
14442,85
14443,95
14444,93
14445,96
14446,92
14447,109
14448,118
14449,121
14450,108
14451,121
14452,126
14453,114
14454,116
14455,120
14456,126
14457,35
14458,32
14459,31
14460,57
14461,69
14462,70
14463,82
14464,75
14465,80
14466,71
14467,80
14468,95
14469,108
14470,118
14471,118
14472,111
14473,118
14474,111
14475,111
14476,103
14477,92
14478,111
14479,124
14480,112
14481,120
14482,115
14483,95
14484,110
14485,109
14486,71
14487,80
14488,64
14489,87
14490,58
14491,69
14492,56
14493,55
14494,52
14495,62
14496,78
14497,78
14498,86
14499,102
14500,98
14501,122
14502,100
14503,103
14504,97
14505,101
14506,98
14507,84
14508,84
14509,77
14510,83
14511,89
14512,86
14513,84
14514,63
14515,75
14516,72
14517,75
14518,69
14519,75
14520,69
14521,65
14522,76
14523,98
14524,114
14525,124
14526,143
14527,129
14528,150
14529,151
14530,146
14531,160
14532,129
14533,104
14534,102
14535,90
14536,92
14537,93
14538,93
14539,100
14540,104
14541,117
14542,135
14543,179
14544,188
14545,202
14546,184
14547,195
14548,203
14549,191
14550,178
14551,171
14552,171
14553,166
14554,172
14555,169
14556,174
14557,152
14558,143
14559,141
14560,134
14561,136
14562,141
14563,147
14564,161
14565,152
14566,148
14567,155
14568,172
14569,193
14570,205
14571,203
14572,211
14573,204
14574,201
14575,206
14576,205
14577,204
14578,205
14579,210
14580,201
14581,213
14582,204
14583,233
14584,233
14585,266
14586,240
14587,269
14588,272
14589,316
14590,309
14591,300
14592,341
14593,280
14594,96
14595,36
14596,41
14597,52
14598,25
14599,16
14600,13
14601,14
14602,16
14603,27
14604,22
14605,27
14606,23
14607,19
14608,22
14609,12
14610,23
14611,20
14612,24
14613,31
14614,32
14615,32
14616,31
14617,39
14618,32
14619,40
14620,36
14621,43
14622,58
14623,82
14624,83
14625,81
14626,88
14627,78
14628,52
14629,40
14630,39
14631,37
14632,31
14633,57
14634,59
14635,49
14636,57
14637,51
14638,71
14639,72
14640,50
14641,47
14642,39
14643,49
14644,60
14645,82
14646,78
14647,79
14648,102
14649,96
14650,103
14651,99
14652,107
14653,89
14654,69
14655,78
14656,61
14657,69
14658,69
14659,81
14660,105
14661,107
14662,102
14663,121
14664,137
14665,169
14666,191
14667,191
14668,189
14669,160
14670,159
14671,112
14672,111
14673,83
14674,65
14675,66
14676,76
14677,79
14678,63
14679,58
14680,56
14681,62
14682,58
14683,52
14684,35
14685,36
14686,39
14687,37
14688,48
14689,73
14690,78
14691,90
14692,81
14693,93
14694,83
14695,78
14696,85
14697,96
14698,146
14699,163
14700,161
14701,151
14702,105
14703,101
14704,92
14705,118
14706,96
14707,51
14708,38
14709,58
14710,55
14711,41
14712,36
14713,49
14714,50
14715,51
14716,60
14717,73
14718,86
14719,157
14720,100
14721,109
14722,117
14723,95
14724,85
14725,103
14726,127
14727,108
14728,85
14729,98
14730,125
14731,155
14732,143
14733,160
14734,164
14735,200
14736,194
14737,195
14738,206
14739,221
14740,217
14741,218
14742,230
14743,228
14744,249
14745,256
14746,264
14747,256
14748,277
14749,287
14750,202
14751,116
14752,50
14753,35
14754,30
14755,43
14756,46
14757,70
14758,66
14759,79
14760,76
14761,80
14762,69
14763,64
14764,17
14765,14
14766,13
14767,11
14768,10
14769,21
14770,17
14771,27
14772,26
14773,23
14774,24
14775,51
14776,40
14777,45
14778,57
14779,57
14780,58
14781,58
14782,44
14783,43
14784,48
14785,43
14786,58
14787,54
14788,48
14789,34
14790,26
14791,5
14792,6
14793,11
14794,13
14795,7
14796,3
14797,16
14798,9
14799,8
14800,7
14801,10
14802,12
14803,14
14804,23
14805,32
14806,32
14807,19
14808,21
14809,48
14810,31
14811,31
14812,25
14813,23
14814,22
14815,11
14816,10
14817,11
14818,12
14819,10
14820,22
14821,8
14822,19
14823,20
14824,14
14825,24
14826,17
14827,15
14828,29
14829,27
14830,31
14831,31
14832,28
14833,35
14834,27
14835,28
14836,28
14837,30
14838,28
14839,28
14840,27
14841,39
14842,38
14843,36
14844,37
14845,33
14846,56
14847,58
14848,67
14849,71
14850,61
14851,47
14852,56
14853,52
14854,51
14855,56
14856,54
14857,68
14858,71
14859,75
14860,83
14861,78
14862,77
14863,100
14864,94
14865,118
14866,124
14867,128
14868,131
14869,149
14870,114
14871,142
14872,168
14873,163
14874,154
14875,176
14876,180
14877,179
14878,135
14879,85
14880,102
14881,108
14882,113
14883,116
14884,113
14885,117
14886,117
14887,117
14888,113
14889,117
14890,124
14891,134
14892,120
14893,126
14894,117
14895,117
14896,132
14897,118
14898,102
14899,102
14900,128
14901,140
14902,134
14903,136
14904,120
14905,142
14906,146
14907,164
14908,163
14909,180
14910,172
14911,170
14912,178
14913,188
14914,177
14915,188
14916,186
14917,196
14918,155
14919,133
14920,145
14921,147
14922,113
14923,99
14924,96
14925,131
14926,146
14927,155
14928,172
14929,204
14930,188
14931,180
14932,186
14933,182
14934,187
14935,203
14936,173
14937,183
14938,195
14939,174
14940,168
14941,160
14942,168
14943,164
14944,164
14945,145
14946,123
14947,102
14948,105
14949,124
14950,108
14951,70
14952,92
14953,36
14954,31
14955,24
14956,17
14957,25
14958,22
14959,26
14960,28
14961,33
14962,26
14963,22
14964,21
14965,11
14966,12
14967,19
14968,23
14969,12
14970,16
14971,16
14972,25
14973,26
14974,28
14975,26
14976,31
14977,25
14978,26
14979,24
14980,10
14981,21
14982,5
14983,8
14984,9
14985,10
14986,18
14987,12
14988,12
14989,11
14990,6
14991,4
14992,7
14993,7
14994,7
14995,21
14996,20
14997,26
14998,35
14999,47
15000,59
15001,49
15002,35
15003,28
15004,28
15005,29
15006,32
15007,31
15008,44
15009,17
15010,14
15011,9
15012,17
15013,5
15014,8
15015,11
15016,8
15017,8
15018,9
15019,8
15020,21
15021,26
15022,28
15023,24
15024,27
15025,48
15026,48
15027,64
15028,41
15029,21
15030,25
15031,28
15032,41
15033,29
15034,22
15035,23
15036,15
15037,12
15038,10
15039,11
15040,13
15041,22
15042,12
15043,18
15044,55
15045,22
15046,29
15047,37
15048,43
15049,64
15050,78
15051,78
15052,76
15053,59
15054,23
15055,25
15056,27
15057,49
15058,38
15059,39
15060,42
15061,24
15062,26
15063,16
15064,12
15065,7
15066,7
15067,32
15068,26
15069,28
15070,49
15071,39
15072,24
15073,57
15074,47
15075,60
15076,66
15077,37
15078,45
15079,57
15080,58
15081,45
15082,30
15083,38
15084,31
15085,18
15086,14
15087,18
15088,21
15089,18
15090,19
15091,28
15092,37
15093,36
15094,50
15095,50
15096,68
15097,92
15098,87
15099,66
15100,59
15101,40
15102,42
15103,36
15104,32
15105,32
15106,46
15107,28
15108,40
15109,33
15110,16
15111,15
15112,14
15113,21
15114,26
15115,31
15116,56
15117,74
15118,60
15119,133
15120,125
15121,164
15122,140
15123,138
15124,137
15125,114
15126,58
15127,57
15128,84
15129,94
15130,74
15131,76
15132,94
15133,106
15134,104
15135,100
15136,100
15137,104
15138,113
15139,90
15140,115
15141,120
15142,179
15143,208
15144,225
15145,227
15146,197
15147,162
15148,152
15149,130
15150,125
15151,119
15152,139
15153,122
15154,132
15155,137
15156,150
15157,134
15158,125
15159,127
15160,135
15161,153
15162,141
15163,139
15164,140
15165,158
15166,163
15167,176
15168,177
15169,181
15170,209
15171,252
15172,247
15173,253
15174,240
15175,231
15176,240
15177,273
15178,275
15179,274
15180,271
15181,284
15182,280
15183,277
15184,260
15185,256
15186,256
15187,269
15188,259
15189,255
15190,289
15191,316
15192,301
15193,299
15194,307
15195,299
15196,295
15197,298
15198,316
15199,279
15200,247
15201,256
15202,290
15203,282
15204,309
15205,286
15206,263
15207,156
15208,108
15209,107
15210,118
15211,130
15212,112
15213,112
15214,129
15215,139
15216,153
15217,159
15218,200
15219,219
15220,226
15221,218
15222,251
15223,250
15224,253
15225,282
15226,290
15227,294
15228,288
15229,281
15230,247
15231,199
15232,132
15233,130
15234,140
15235,155
15236,161
15237,167
15238,242
15239,235
15240,178
15241,177
15242,204
15243,221
15244,239
15245,246
15246,244
15247,280
15248,277
15249,278
15250,273
15251,286
15252,282
15253,291
15254,302
15255,283
15256,288
15257,300
15258,326
15259,338
15260,349
15261,346
15262,373
15263,386
15264,350
15265,339
15266,328
15267,241
15268,80
15269,28
15270,18
15271,15
15272,25
15273,15
15274,15
15275,14
15276,26
15277,26
15278,19
15279,25
15280,19
15281,18
15282,14
15283,13
15284,25
15285,24
15286,33
15287,23
15288,27
15289,19
15290,20
15291,19
15292,11
15293,26
15294,20
15295,16
15296,20
15297,19
15298,18
15299,20
15300,21
15301,18
15302,13
15303,18
15304,21
15305,28
15306,35
15307,37
15308,26
15309,41
15310,35
15311,50
15312,49
15313,62
15314,72
15315,85
15316,72
15317,59
15318,50
15319,31
15320,59
15321,60
15322,39
15323,10
15324,15
15325,4
15326,23
15327,11
15328,18
15329,6
15330,27
15331,26
15332,60
15333,53
15334,79
15335,51
15336,24
15337,19
15338,24
15339,20
15340,22
15341,47
15342,36
15343,22
15344,19
15345,8
15346,23
15347,18
15348,19
15349,22
15350,13
15351,11
15352,11
15353,8
15354,9
15355,22
15356,23
15357,29
15358,35
15359,53
15360,55
15361,63
15362,67
15363,61
15364,32
15365,37
15366,36
15367,28
15368,50
15369,40
15370,36
15371,24
15372,26
15373,14
15374,16
15375,17
15376,18
15377,20
15378,21
15379,23
15380,24
15381,26
15382,27
15383,29
15384,30
15385,32
15386,33
15387,35
15388,36
15389,38
15390,39
15391,41
15392,42
15393,44
15394,45
15395,47
15396,48
15397,50
15398,51
15399,52
15400,54
15401,55
15402,57
15403,58
15404,60
15405,61
15406,63
15407,64
15408,66
15409,67
15410,69
15411,70
15412,72
15413,73
15414,75
15415,76
15416,78
15417,79
15418,81
15419,82
15420,84
15421,85
15422,86
15423,88
15424,90
15425,91
15426,92
15427,94
15428,95
15429,97
15430,98
15431,100
15432,101
15433,103
15434,104
15435,106
15436,107
15437,109
15438,110
15439,112
15440,113
15441,115
15442,116
15443,118
15444,119
15445,121
15446,122
15447,124
15448,125
15449,126
15450,128
15451,129
15452,131
15453,132
15454,134
15455,135
15456,137
15457,138
15458,140
15459,141
15460,143
15461,144
15462,146
15463,147
15464,149
15465,150
15466,152
15467,153
15468,155
15469,156
15470,158
15471,159
15472,160
15473,162
15474,139
15475,104
15476,144
15477,146
15478,162
15479,168
15480,145
15481,164
15482,146
15483,122
15484,103
15485,125
15486,138
15487,144
15488,150
15489,164
15490,113
15491,110
15492,111
15493,111
15494,150
15495,160
15496,181
15497,230
15498,250
15499,258
15500,293
15501,325
15502,324
15503,329
15504,347
15505,351
15506,354
15507,314
15508,349
15509,341
15510,324
15511,274
15512,269
15513,284
15514,312
15515,360
15516,404
15517,378
15518,318
15519,297
15520,271
15521,303
15522,335
15523,340
15524,435
15525,562
15526,514
15527,485
15528,453
15529,283
15530,153
15531,105
15532,66
15533,71
15534,63
15535,54
15536,69
15537,69
15538,75
15539,75
15540,64
15541,49
15542,69
15543,89
15544,56
15545,67
15546,63
15547,62
15548,69
15549,64
15550,65
15551,65
15552,59
15553,42
15554,38
15555,35
15556,39
15557,41
15558,64
15559,90
15560,102
15561,86
15562,89
15563,81
15564,87
15565,93
15566,109
15567,139
15568,139
15569,132
15570,151
15571,155
15572,179
15573,188
15574,198
15575,197
15576,199
15577,212
15578,212
15579,221
15580,234
15581,235
15582,221
15583,205
15584,211
15585,216
15586,216
15587,220
15588,238
15589,266
15590,307
15591,313
15592,296
15593,241
15594,186
15595,149
15596,205
15597,246
15598,239
15599,196
15600,225
15601,225
15602,236
15603,248
15604,259
15605,279
15606,280
15607,258
15608,108
15609,36
15610,8
15611,11
15612,13
15613,17
15614,21
15615,26
15616,36
15617,43
15618,33
15619,40
15620,52
15621,46
15622,57
15623,30
15624,39
15625,23
15626,23
15627,32
15628,21
15629,24
15630,15
15631,9
15632,6
15633,4
15634,3
15635,6
15636,9
15637,5
15638,7
15639,13
15640,11
15641,10
15642,11
15643,16
15644,17
15645,16
15646,17
15647,10
15648,9
15649,9
15650,11
15651,14
15652,16
15653,15
15654,21
15655,23
15656,16
15657,32
15658,23
15659,15
15660,11
15661,8
15662,10
15663,14
15664,9
15665,9
15666,9
15667,7
15668,8
15669,20
15670,13
15671,11
15672,20
15673,16
15674,16
15675,9
15676,9
15677,35
15678,29
15679,22
15680,16
15681,20
15682,12
15683,10
15684,8
15685,8
15686,8
15687,7
15688,7
15689,4
15690,3
15691,6
15692,10
15693,33
15694,54
15695,26
15696,14
15697,23
15698,20
15699,28
15700,31
15701,28
15702,22
15703,17
15704,23
15705,22
15706,12
15707,11
15708,18
15709,9
15710,22
15711,16
15712,19
15713,21
15714,22
15715,30
15716,43
15717,65
15718,76
15719,73
15720,78
15721,83
15722,78
15723,96
15724,96
15725,102
15726,102
15727,93
15728,78
15729,72
15730,60
15731,69
15732,75
15733,83
15734,86
15735,91
15736,86
15737,82
15738,72
15739,87
15740,98
15741,123
15742,122
15743,123
15744,129
15745,141
15746,163
15747,154
15748,150
15749,100
15750,103
15751,100
15752,96
15753,96
15754,99
15755,88
15756,103
15757,133
15758,157
15759,170
15760,187
15761,190
15762,209
15763,253
15764,254
15765,275
15766,292
15767,315
15768,294
15769,280
15770,270
15771,255
15772,243
15773,258
15774,269
15775,263
15776,258
15777,269
15778,278
15779,296
15780,339
15781,332
15782,304
15783,293
15784,284
15785,293
15786,302
15787,300
15788,298
15789,299
15790,300
15791,308
15792,302
15793,298
15794,266
15795,285
15796,282
15797,273
15798,275
15799,248
15800,227
15801,251
15802,249
15803,202
15804,190
15805,175
15806,204
15807,224
15808,231
15809,233
15810,222
15811,254
15812,269
15813,285
15814,298
15815,306
15816,313
15817,318
15818,311
15819,267
15820,261
15821,248
15822,227
15823,212
15824,215
15825,239
15826,259
15827,270
15828,285
15829,287
15830,297
15831,318
15832,347
15833,370
15834,401
15835,416
15836,399
15837,389
15838,408
15839,395
15840,402
15841,430
15842,414
15843,418
15844,408
15845,414
15846,418
15847,409
15848,420
15849,407
15850,390
15851,291
15852,26
15853,19
15854,12
15855,11
15856,8
15857,16
15858,12
15859,13
15860,13
15861,18
15862,17
15863,16
15864,9
15865,7
15866,6
15867,6
15868,8
15869,9
15870,15
15871,15
15872,12
15873,11
15874,18
15875,16
15876,8
15877,6
15878,7
15879,16
15880,9
15881,9
15882,24
15883,35
15884,48
15885,60
15886,38
15887,45
15888,9
15889,8
15890,8
15891,8
15892,19
15893,19
15894,18
15895,38
15896,35
15897,27
15898,15
15899,16
15900,21
15901,27
15902,26
15903,27
15904,25
15905,40
15906,55
15907,65
15908,76
15909,86
15910,96
15911,106
15912,117
15913,127
15914,131
15915,158
15916,163
15917,138
15918,114
15919,102
15920,98
15921,80
15922,80
15923,80
15924,101
15925,110
15926,110
15927,110
15928,110
15929,280
15930,276
15931,272
15932,268
15933,264
15934,260
15935,256
15936,252
15937,248
15938,244
15939,240
15940,235
15941,231
15942,227
15943,223
15944,219
15945,215
15946,211
15947,207
15948,203
15949,199
15950,242
15951,237
15952,207
15953,176
15954,145
15955,137
15956,184
15957,208
15958,224
15959,235
15960,273
15961,267
15962,261
15963,242
15964,186
15965,187
15966,180
15967,166
15968,141
15969,125
15970,109
15971,92
15972,82
15973,92
15974,118
15975,118
15976,106
15977,129
15978,146
15979,162
15980,214
15981,227
15982,259
15983,280
15984,301
15985,336
15986,342
15987,316
15988,285
15989,218
15990,148
15991,139
15992,135
15993,146
15994,161
15995,215
15996,248
15997,283
15998,302
15999,282
16000,226
16001,207
16002,216
16003,170
16004,167
16005,193
16006,220
16007,267
16008,332
16009,350
16010,329
16011,306
16012,302
16013,297
16014,288
16015,293
16016,275
16017,257
16018,248
16019,291
16020,354
16021,387
16022,420
16023,460
16024,270
16025,181
16026,211
16027,206
16028,224
16029,217
16030,207
16031,233
16032,253
16033,257
16034,258
16035,255
16036,258
16037,257
16038,257
16039,257
16040,256
16041,264
16042,264
16043,268
16044,269
16045,263
16046,214
16047,205
16048,202
16049,208
16050,214
16051,227
16052,245
16053,252
16054,248
16055,248
16056,264
16057,266
16058,253
16059,245
16060,246
16061,254
16062,259
16063,252
16064,256
16065,283
16066,284
16067,297
16068,302
16069,307
16070,312
16071,343
16072,339
16073,288
16074,102
16075,48
16076,43
16077,44
16078,57
16079,32
16080,38
16081,38
16082,44
16083,45
16084,34
16085,30
16086,33
16087,29
16088,44
16089,32
16090,17
16091,25
16092,26
16093,20
16094,27
16095,32
16096,35
16097,33
16098,55
16099,66
16100,63
16101,70
16102,86
16103,67
16104,42
16105,27
16106,24
16107,27
16108,46
16109,34
16110,59
16111,61
16112,60
16113,72
16114,79
16115,64
16116,68
16117,71
16118,62
16119,54
16120,54
16121,79
16122,85
16123,80
16124,81
16125,100
16126,94
16127,108
16128,123
16129,102
16130,89
16131,78
16132,76
16133,108
16134,107
16135,91
16136,90
16137,87
16138,90
16139,85
16140,87
16141,96
16142,102
16143,103
16144,113
16145,106
16146,107
16147,121
16148,121
16149,143
16150,123
16151,102
16152,55
16153,38
16154,14
16155,27
16156,24
16157,18
16158,23
16159,11
16160,15
16161,27
16162,31
16163,37
16164,37
16165,33
16166,32
16167,33
16168,28
16169,35
16170,26
16171,23
16172,28
16173,38
16174,37
16175,41
16176,61
16177,85
16178,77
16179,66
16180,69
16181,76
16182,78
16183,49
16184,59
16185,48
16186,35
16187,39
16188,36
16189,45
16190,45
16191,47
16192,45
16193,46
16194,46
16195,60
16196,79
16197,97
16198,114
16199,102
16200,121
16201,111
16202,129
16203,87
16204,63
16205,43
16206,44
16207,32
16208,39
16209,34
16210,27
16211,31
16212,36
16213,40
16214,36
16215,37
16216,37
16217,46
16218,49
16219,56
16220,68
16221,71
16222,79
16223,90
16224,94
16225,127
16226,122
16227,157
16228,144
16229,91
16230,68
16231,56
16232,42
16233,47
16234,33
16235,27
16236,27
16237,25
16238,8
16239,16
16240,11
16241,17
16242,19
16243,21
16244,31
16245,45
16246,56
16247,62
16248,77
16249,65
16250,61
16251,54
16252,33
16253,33
16254,27
16255,22
16256,24
16257,32
16258,23
16259,21
16260,28
16261,23
16262,24
16263,23
16264,23
16265,21
16266,25
16267,30
16268,44
16269,43
16270,66
16271,69
16272,79
16273,84
16274,115
16275,113
16276,91
16277,56
16278,42
16279,29
16280,34
16281,40
16282,44
16283,43
16284,50
16285,47
16286,42
16287,48
16288,45
16289,59
16290,54
16291,55
16292,63
16293,84
16294,92
16295,113
16296,139
16297,135
16298,161
16299,145
16300,154
16301,139
16302,153
16303,105
16304,115
16305,102
16306,78
16307,83
16308,90
16309,96
16310,96
16311,114
16312,153
16313,152
16314,179
16315,208
16316,255
16317,197
16318,211
16319,228
16320,252
16321,277
16322,208
16323,73
16324,43
16325,19
16326,16
16327,21
16328,30
16329,38
16330,43
16331,39
16332,43
16333,34
16334,42
16335,41
16336,46
16337,41
16338,45
16339,50
16340,47
16341,65
16342,75
16343,23
16344,17
16345,21
16346,15
16347,7
16348,6
16349,6
16350,7
16351,8
16352,9
16353,10
16354,9
16355,12
16356,12
16357,18
16358,9
16359,18
16360,19
16361,17
16362,19
16363,34
16364,58
16365,74
16366,89
16367,88
16368,78
16369,93
16370,126
16371,145
16372,141
16373,144
16374,127
16375,124
16376,134
16377,114
16378,84
16379,88
16380,118
16381,113
16382,110
16383,129
16384,124
16385,128
16386,150
16387,178
16388,178
16389,204
16390,242
16391,235
16392,204
16393,314
16394,333
16395,285
16396,289
16397,225
16398,183
16399,190
16400,185
16401,188
16402,172
16403,185
16404,185
16405,194
16406,195
16407,173
16408,158
16409,165
16410,168
16411,184
16412,206
16413,205
16414,185
16415,225
16416,206
16417,206
16418,187
16419,195
16420,202
16421,184
16422,186
16423,177
16424,193
16425,193
16426,149
16427,154
16428,173
16429,191
16430,210
16431,224
16432,271
16433,306
16434,342
16435,358
16436,380
16437,336
16438,166
16439,132
16440,128
16441,127
16442,100
16443,93
16444,103
16445,113
16446,111
16447,111
16448,113
16449,126
16450,121
16451,127
16452,119
16453,99
16454,107
16455,114
16456,119
16457,153
16458,160
16459,109
16460,112
16461,166
16462,144
16463,136
16464,128
16465,139
16466,141
16467,157
16468,142
16469,127
16470,95
16471,85
16472,97
16473,89
16474,78
16475,54
16476,56
16477,60
16478,59
16479,53
16480,40
16481,43
16482,70
16483,55
16484,70
16485,77
16486,91
16487,91
16488,99
16489,90
16490,82
16491,72
16492,71
16493,34
16494,13
16495,7
16496,3
16497,9
16498,13
16499,15
16500,9
16501,16
16502,13
16503,15
16504,10
16505,6
16506,7
16507,8
16508,10
16509,18
16510,12
16511,22
16512,9
16513,9
16514,10
16515,12
16516,16
16517,17
16518,25
16519,20
16520,29
16521,19
16522,21
16523,30
16524,42
16525,58
16526,53
16527,55
16528,55
16529,47
16530,48
16531,45
16532,52
16533,77
16534,113
16535,172
16536,249
16537,226
16538,191
16539,154
16540,123
16541,106
16542,102
16543,80
16544,71
16545,91
16546,81
16547,73
16548,89
16549,99
16550,99
16551,115
16552,132
16553,135
16554,165
16555,163
16556,172
16557,190
16558,196
16559,210
16560,239
16561,380
16562,358
16563,364
16564,363
16565,322
16566,315
16567,271
16568,227
16569,197
16570,194
16571,198
16572,223
16573,241
16574,208
16575,55
16576,12
16577,17
16578,7
16579,7
16580,9
16581,10
16582,7
16583,9
16584,19
16585,6
16586,7
16587,9
16588,10
16589,10
16590,10
16591,8
16592,9
16593,12
16594,13
16595,14
16596,14
16597,14
16598,11
16599,10
16600,15
16601,13
16602,13
16603,18
16604,28
16605,40
16606,48
16607,63
16608,72
16609,91
16610,98
16611,99
16612,100
16613,118
16614,135
16615,134
16616,121
16617,96
16618,90
16619,96
16620,114
16621,135
16622,151
16623,180
16624,211
16625,251
16626,278
16627,266
16628,273
16629,282
16630,290
16631,323
16632,333
16633,305
16634,280
16635,260
16636,207
16637,232
16638,155
16639,128
16640,105
16641,120
16642,121
16643,126
16644,145
16645,163
16646,206
16647,227
16648,196
16649,193
16650,229
16651,259
16652,256
16653,258
16654,274
16655,332
16656,343
16657,337
16658,311
16659,292
16660,227
16661,222
16662,229
16663,222
16664,233
16665,234
16666,223
16667,203
16668,223
16669,209
16670,193
16671,200
16672,200
16673,210
16674,222
16675,250
16676,271
16677,300
16678,292
16679,305
16680,322
16681,330
16682,326
16683,306
16684,295
16685,302
16686,237
16687,176
16688,143
16689,135
16690,133
16691,115
16692,115
16693,106
16694,86
16695,102
16696,140
16697,178
16698,216
16699,243
16700,277
16701,313
16702,350
16703,404
16704,391
16705,362
16706,289
16707,257
16708,222
16709,177
16710,174
16711,148
16712,140
16713,124
16714,127
16715,143
16716,138
16717,96
16718,34
16719,131
16720,180
16721,143
16722,100
16723,93
16724,64
16725,48
16726,50
16727,48
16728,39
16729,40
16730,48
16731,47
16732,50
16733,49
16734,50
16735,52
16736,45
16737,40
16738,31
16739,34
16740,42
16741,45
16742,39
16743,51
16744,48
16745,63
16746,73
16747,78
16748,97
16749,90
16750,115
16751,145
16752,155
16753,127
16754,112
16755,119
16756,174
16757,238
16758,229
16759,208
16760,163
16761,146
16762,43
16763,21
16764,20
16765,20
16766,32
16767,33
16768,25
16769,31
16770,40
16771,40
16772,70
16773,97
16774,100
16775,111
16776,99
16777,125
16778,149
16779,174
16780,224
16781,215
16782,186
16783,107
16784,73
16785,87
16786,82
16787,53
16788,69
16789,75
16790,92
16791,116
16792,160
16793,271
16794,301
16795,238
16796,183
16797,209
16798,187
16799,198
16800,219
16801,243
16802,287
16803,303
16804,282
16805,284
16806,290
16807,296
16808,306
16809,309
16810,301
16811,265
16812,293
16813,289
16814,254
16815,279
16816,278
16817,281
16818,295
16819,307
16820,365
16821,431
16822,494
16823,490
16824,473
16825,473
16826,477
16827,301
16828,288
16829,96
16830,17
16831,26
16832,37
16833,36
16834,34
16835,34
16836,27
16837,29
16838,29
16839,32
16840,35
16841,39
16842,42
16843,99
16844,137
16845,168
16846,177
16847,184
16848,195
16849,193
16850,187
16851,178
16852,206
16853,260
16854,276
16855,250
16856,203
16857,222
16858,113
16859,54
16860,63
16861,65
16862,100
16863,126
16864,221
16865,406
16866,472
16867,498
16868,522
16869,469
16870,412
16871,372
16872,355
16873,365
16874,392
16875,324
16876,386
16877,397
16878,416
16879,395
16880,370
16881,296
16882,275
16883,282
16884,270
16885,283
16886,269
16887,248
16888,268
16889,306
16890,270
16891,332
16892,335
16893,324
16894,318
16895,304
16896,266
16897,226
16898,252
16899,247
16900,247
16901,237
16902,229
16903,225
16904,231
16905,211
16906,181
16907,210
16908,211
16909,209
16910,215
16911,215
16912,201
16913,193
16914,189
16915,187
16916,240
16917,232
16918,279
16919,456
16920,420
16921,340
16922,306
16923,286
16924,284
16925,287
16926,281
16927,265
16928,232
16929,218
16930,202
16931,146
16932,27
16933,28
16934,17
16935,18
16936,17
16937,18
16938,15
16939,16
16940,13
16941,12
16942,11
16943,12
16944,11
16945,12
16946,11
16947,8
16948,9
16949,11
16950,8
16951,8
16952,16
16953,10
16954,16
16955,12
16956,11
16957,11
16958,17
16959,9
16960,10
16961,12
16962,14
16963,15
16964,15
16965,9
16966,7
16967,7
16968,7
16969,7
16970,17
16971,17
16972,18
16973,13
16974,13
16975,14
16976,12
16977,22
16978,32
16979,26
16980,25
16981,19
16982,19
16983,18
16984,16
16985,17
16986,18
16987,18
16988,20
16989,29
16990,17
16991,19
16992,11
16993,18
16994,11
16995,16
16996,17
16997,14
16998,15
16999,13
17000,15
17001,15
17002,21
17003,22
17004,27
17005,23
17006,21
17007,16
17008,15
17009,12
17010,63
17011,74
17012,77
17013,80
17014,85
17015,77
17016,76
17017,73
17018,82
17019,87
17020,100
17021,113
17022,135
17023,148
17024,153
17025,187
17026,180
17027,176
17028,70
17029,46
17030,30
17031,24
17032,28
17033,30
17034,33
17035,49
17036,47
17037,55
17038,59
17039,79
17040,48
17041,50
17042,62
17043,61
17044,46
17045,35
17046,25
17047,17
17048,16
17049,20
17050,25
17051,29
17052,26
17053,43
17054,31
17055,38
17056,61
17057,65
17058,57
17059,82
17060,91
17061,79
17062,62
17063,62
17064,71
17065,82
17066,81
17067,90
17068,100
17069,88
17070,79
17071,87
17072,90
17073,83
17074,93
17075,121
17076,147
17077,175
17078,181
17079,186
17080,200
17081,223
17082,238
17083,247
17084,279
17085,304
17086,320
17087,282
17088,56
17089,16
17090,15
17091,14
17092,14
17093,13
17094,10
17095,10
17096,11
17097,11
17098,13
17099,16
17100,18
17101,19
17102,13
17103,17
17104,14
17105,11
17106,10
17107,16
17108,17
17109,20
17110,14
17111,12
17112,23
17113,16
17114,16
17115,15
17116,16
17117,22
17118,21
17119,19
17120,28
17121,11
17122,13
17123,19
17124,15
17125,19
17126,12
17127,16
17128,15
17129,7
17130,11
17131,11
17132,7
17133,9
17134,10
17135,11
17136,10
17137,15
17138,11
17139,10
17140,9
17141,8
17142,8
17143,7
17144,10
17145,14
17146,17
17147,13
17148,12
17149,15
17150,16
17151,20
17152,17
17153,17
17154,18
17155,19
17156,36
17157,53
17158,49
17159,74
17160,85
17161,96
17162,123
17163,122
17164,140
17165,114
17166,109
17167,92
17168,68
17169,55
17170,58
17171,57
17172,69
17173,75
17174,77
17175,77
17176,129
17177,107
17178,156
17179,108
17180,109
17181,128
17182,170
17183,151
17184,177
17185,111
17186,50
17187,39
17188,28
17189,14
17190,13
17191,19
17192,19
17193,15
17194,22
17195,33
17196,40
17197,35
17198,38
17199,40
17200,44
17201,45
17202,67
17203,88
17204,111
17205,107
17206,99
17207,116
17208,105
17209,64
17210,31
17211,27
17212,26
17213,23
17214,18
17215,13
17216,21
17217,18
17218,30
17219,30
17220,36
17221,38
17222,39
17223,29
17224,34
17225,42
17226,51
17227,58
17228,150
17229,152
17230,161
17231,153
17232,142
17233,185
17234,191
17235,188
17236,123
17237,72
17238,69
17239,35
17240,36
17241,31
17242,42
17243,48
17244,66
17245,66
17246,62
17247,65
17248,85
17249,112
17250,94
17251,105
17252,62
17253,47
17254,103
17255,100
17256,123
17257,100
17258,74
17259,81
17260,30
17261,21
17262,11
17263,13
17264,13
17265,17
17266,12
17267,18
17268,17
17269,18
17270,18
17271,19
17272,14
17273,14
17274,13
17275,10
17276,9
17277,12
17278,18
17279,14
17280,16
17281,19
17282,13
17283,14
17284,14
17285,13
17286,12
17287,12
17288,13
17289,18
17290,24
17291,31
17292,27
17293,19
17294,14
17295,16
17296,15
17297,22
17298,27
17299,38
17300,40
17301,51
17302,64
17303,68
17304,70
17305,95
17306,118
17307,117
17308,119
17309,106
17310,98
17311,73
17312,76
17313,87
17314,98
17315,90
17316,70
17317,63
17318,33
17319,15
17320,18
17321,16
17322,18
17323,8
17324,16
17325,17
17326,15
17327,16
17328,13
17329,11
17330,10
17331,11
17332,11
17333,16
17334,14
17335,13
17336,21
17337,20
17338,19
17339,21
17340,27
17341,22
17342,27
17343,38
17344,30
17345,22
17346,21
17347,53
17348,90
17349,102
17350,90
17351,126
17352,131
17353,105
17354,103
17355,99
17356,79
17357,64
17358,37
17359,54
17360,45
17361,38
17362,37
17363,48
17364,48
17365,66
17366,65
17367,63
17368,56
17369,61
17370,70
17371,90
17372,136
17373,165
17374,193
17375,214
17376,147
17377,77
17378,69
17379,79
17380,146
17381,139
17382,124
17383,134
17384,95
17385,79
17386,58
17387,49
17388,60
17389,56
17390,57
17391,67
17392,92
17393,121
17394,151
17395,183
17396,221
17397,268
17398,307
17399,302
17400,316
17401,327
17402,286
17403,249
17404,187
17405,146
17406,150
17407,121
17408,116
17409,122
17410,122
17411,132
17412,142
17413,146
17414,161
17415,157
17416,162
17417,161
17418,183
17419,204
17420,250
17421,271
17422,292
17423,324
17424,356
17425,333
17426,262
17427,199
17428,169
17429,154
17430,145
17431,163
17432,184
17433,187
17434,132
17435,134
17436,108
17437,115
17438,101
17439,63
17440,99
17441,137
17442,200
17443,316
17444,437
17445,228
17446,104
17447,87
17448,66
17449,62
17450,61
17451,47
17452,52
17453,50
17454,42
17455,33
17456,41
17457,36
17458,40
17459,46
17460,57
17461,64
17462,68
17463,72
17464,73
17465,78
17466,79
17467,82
17468,87
17469,91
17470,79
17471,64
17472,69
17473,71
17474,67
17475,64
17476,64
17477,70
17478,71
17479,79
17480,80
17481,81
17482,91
17483,101
17484,112
17485,123
17486,141
17487,150
17488,170
17489,190
17490,201
17491,211
17492,218
17493,222
17494,207
17495,208
17496,195
17497,163
17498,196
17499,175
17500,144
17501,137
17502,128
17503,135
17504,157
17505,164
17506,155
17507,159
17508,130
17509,98
17510,82
17511,71
17512,66
17513,72
17514,192
17515,209
17516,209
17517,217
17518,223
17519,251
17520,283
17521,275
17522,303
17523,215
17524,222
17525,85
17526,38
17527,23
17528,19
17529,14
17530,16
17531,21
17532,22
17533,22
17534,17
17535,22
17536,29
17537,39
17538,42
17539,55
17540,55
17541,72
17542,81
17543,80
17544,128
17545,114
17546,97
17547,79
17548,88
17549,87
17550,98
17551,99
17552,100
17553,104
17554,131
17555,134
17556,169
17557,133
17558,39
17559,12
17560,19
17561,14
17562,13
17563,13
17564,16
17565,8
17566,10
17567,27
17568,18
17569,14
17570,16
17571,17
17572,11
17573,11
17574,12
17575,15
17576,17
17577,14
17578,16
17579,18
17580,24
17581,16
17582,18
17583,13
17584,23
17585,13
17586,11
17587,8
17588,19
17589,11
17590,12
17591,10
17592,16
17593,14
17594,13
17595,10
17596,11
17597,18
17598,13
17599,13
17600,15
17601,20
17602,19
17603,16
17604,17
17605,12
17606,25
17607,16
17608,15
17609,21
17610,37
17611,42
17612,55
17613,74
17614,87
17615,86
17616,87
17617,90
17618,89
17619,91
17620,99
17621,150
17622,143
17623,130
17624,102
17625,96
17626,72
17627,60
17628,70
17629,76
17630,69
17631,53
17632,53
17633,65
17634,86
17635,115
17636,179
17637,235
17638,241
17639,189
17640,161
17641,189
17642,161
17643,161
17644,159
17645,197
17646,183
17647,172
17648,170
17649,179
17650,194
17651,183
17652,150
17653,87
17654,93
17655,91
17656,67
17657,54
17658,62
17659,56
17660,58
17661,54
17662,51
17663,52
17664,45
17665,45
17666,49
17667,47
17668,40
17669,46
17670,51
17671,49
17672,60
17673,69
17674,66
17675,68
17676,83
17677,132
17678,175
17679,170
17680,172
17681,169
17682,176
17683,175
17684,172
17685,166
17686,171
17687,164
17688,191
17689,171
17690,184
17691,191
17692,169
17693,156
17694,151
17695,120
17696,116
17697,109
17698,111
17699,124
17700,125
17701,151
17702,149
17703,153
17704,152
17705,144
17706,197
17707,181
17708,197
17709,201
17710,211
17711,235
17712,275
17713,289
17714,284
17715,205
17716,146
17717,127
17718,79
17719,63
17720,79
17721,126
17722,100
17723,96
17724,74
17725,77
17726,85
17727,204
17728,184
17729,177
17730,175
17731,149
17732,180
17733,267
17734,314
17735,350
17736,335
17737,366
17738,358
17739,388
17740,433
17741,524
17742,534
17743,501
17744,513
17745,491
17746,502
17747,484
17748,494
17749,155
17750,21
17751,21
17752,19
17753,17
17754,13
17755,15
17756,11
17757,12
17758,12
17759,10
17760,18
17761,17
17762,14
17763,17
17764,13
17765,14
17766,24
17767,25
17768,32
17769,29
17770,53
17771,31
17772,33
17773,47
17774,57
17775,47
17776,46
17777,65
17778,71
17779,68
17780,71
17781,93
17782,120
17783,112
17784,123
17785,138
17786,147
17787,156
17788,169
17789,156
17790,148
17791,137
17792,146
17793,130
17794,123
17795,126
17796,130
17797,136
17798,149
17799,196
17800,162
17801,160
17802,160
17803,174
17804,144
17805,171
17806,156
17807,230
17808,182
17809,100
17810,60
17811,50
17812,52
17813,57
17814,41
17815,47
17816,44
17817,37
17818,52
17819,46
17820,43
17821,45
17822,45
17823,61
17824,69
17825,66
17826,39
17827,57
17828,72
17829,73
17830,73
17831,91
17832,101
17833,137
17834,133
17835,130
17836,125
17837,125
17838,98
17839,58
17840,42
17841,39
17842,33
17843,36
17844,39
17845,42
17846,45
17847,48
17848,51
17849,54
17850,57
17851,60
17852,62
17853,65
17854,68
17855,71
17856,74
17857,77
17858,80
17859,83
17860,86
17861,89
17862,92
17863,95
17864,98
17865,101
17866,104
17867,107
17868,110
17869,113
17870,116
17871,118
17872,121
17873,124
17874,127
17875,130
17876,133
17877,136
17878,139
17879,142
17880,145
17881,148
17882,151
17883,154
17884,157
17885,160
17886,163
17887,166
17888,168
17889,172
17890,174
17891,177
17892,180
17893,183
17894,186
17895,189
17896,192
17897,195
17898,198
17899,201
17900,204
17901,207
17902,210
17903,213
17904,216
17905,219
17906,222
17907,224
17908,228
17909,230
17910,233
17911,236
17912,239
17913,242
17914,245
17915,248
17916,251
17917,254
17918,281
17919,301
17920,285
17921,304
17922,309
17923,308
17924,338
17925,416
17926,398
17927,385
17928,348
17929,332
17930,339
17931,344
17932,353
17933,385
17934,394
17935,401
17936,393
17937,381
17938,384
17939,372
17940,370
17941,345
17942,359
17943,382
17944,412
17945,440
17946,436
17947,450
17948,456
17949,469
17950,450
17951,458
17952,446
17953,437
17954,460
17955,503
17956,558
17957,486
17958,441
17959,388
17960,351
17961,348
17962,390
17963,405
17964,380
17965,373
17966,379
17967,387
17968,378
17969,399
17970,414
17971,419
17972,436
17973,436
17974,459
17975,494
17976,522
17977,479
17978,315
17979,121
17980,49
17981,52
17982,47
17983,29
17984,17
17985,15
17986,24
17987,22
17988,21
17989,20
17990,22
17991,21
17992,12
17993,13
17994,13
17995,22
17996,16
17997,22
17998,17
17999,21
18000,18
18001,17
18002,10
18003,10
18004,11
18005,11
18006,9
18007,7
18008,10
18009,12
18010,16
18011,21
18012,17
18013,18
18014,20
18015,20
18016,17
18017,13
18018,20
18019,15
18020,14
18021,22
18022,28
18023,20
18024,13
18025,21
18026,29
18027,19
18028,14
18029,11
18030,15
18031,16
18032,16
18033,19
18034,16
18035,21
18036,21
18037,22
18038,20
18039,18
18040,23
18041,35
18042,51
18043,54
18044,68
18045,108
18046,193
18047,182
18048,161
18049,225
18050,994
18051,972
18052,430
18053,296
18054,284
18055,285
18056,223
18057,141
18058,66
18059,33
18060,36
18061,27
18062,27
18063,20
18064,32
18065,24
18066,13
18067,24
18068,88
18069,103
18070,200
18071,157
18072,97
18073,79
18074,14
18075,12
18076,10
18077,8
18078,6
18079,8
18080,11
18081,9
18082,7
18083,10
18084,12
18085,13
18086,13
18087,11
18088,16
18089,15
18090,12
18091,9
18092,18
18093,25
18094,37
18095,85
18096,73
18097,33
18098,45
18099,61
18100,66
18101,50
18102,37
18103,42
18104,43
18105,48
18106,44
18107,50
18108,52
18109,51
18110,47
18111,51
18112,47
18113,43
18114,39
18115,60
18116,69
18117,93
18118,127
18119,122
18120,156
18121,176
18122,169
18123,166
18124,151
18125,113
18126,77
18127,80
18128,80
18129,62
18130,47
18131,55
18132,70
18133,79
18134,66
18135,67
18136,77
18137,84
18138,87
18139,115
18140,111
18141,125
18142,158
18143,227
18144,192
18145,113
18146,51
18147,25
18148,18
18149,40
18150,139
18151,162
18152,95
18153,8
18154,21
18155,20
18156,29
18157,24
18158,23
18159,36
18160,76
18161,84
18162,75
18163,93
18164,103
18165,128
18166,158
18167,124
18168,122
18169,74
18170,51
18171,58
18172,59
18173,69
18174,67
18175,69
18176,63
18177,60
18178,72
18179,75
18180,79
18181,82
18182,79
18183,76
18184,87
18185,91
18186,88
18187,96
18188,103
18189,129
18190,132
18191,159
18192,164
18193,170
18194,165
18195,68
18196,44
18197,25
18198,15
18199,14
18200,14
18201,13
18202,12
18203,23
18204,19
18205,18
18206,20
18207,20
18208,31
18209,35
18210,46
18211,38
18212,49
18213,47
18214,69
18215,76
18216,87
18217,91
18218,73
18219,77
18220,109
18221,81
18222,89
18223,91
18224,91
18225,84
18226,99
18227,112
18228,127
18229,133
18230,133
18231,129
18232,134
18233,135
18234,138
18235,155
18236,157
18237,147
18238,151
18239,152
18240,142
18241,132
18242,139
18243,150
18244,150
18245,143
18246,144
18247,154
18248,152
18249,147
18250,141
18251,135
18252,58
18253,14
18254,19
18255,22
18256,23
18257,18
18258,17
18259,14
18260,13
18261,13
18262,18
18263,8
18264,9
18265,15
18266,14
18267,13
18268,9
18269,11
18270,12
18271,11
18272,13
18273,13
18274,13
18275,14
18276,14
18277,14
18278,12
18279,13
18280,16
18281,16
18282,17
18283,23
18284,25
18285,39
18286,52
18287,42
18288,24
18289,24
18290,30
18291,13
18292,10
18293,8
18294,7
18295,6
18296,9
18297,11
18298,16
18299,13
18300,16
18301,14
18302,17
18303,14
18304,13
18305,18
18306,24
18307,39
18308,57
18309,69
18310,75
18311,82
18312,92
18313,64
18314,61
18315,40
18316,60
18317,68
18318,68
18319,63
18320,63
18321,60
18322,52
18323,49
18324,59
18325,60
18326,52
18327,50
18328,76
18329,66
18330,72
18331,82
18332,100
18333,129
18334,147
18335,114
18336,50
18337,14
18338,16
18339,9
18340,9
18341,8
18342,9
18343,9
18344,9
18345,17
18346,21
18347,19
18348,19
18349,20
18350,22
18351,29
18352,40
18353,69
18354,70
18355,62
18356,60
18357,61
18358,72
18359,82
18360,100
18361,118
18362,126
18363,140
18364,132
18365,119
18366,100
18367,92
18368,90
18369,109
18370,103
18371,81
18372,82
18373,100
18374,103
18375,116
18376,108
18377,113
18378,127
18379,132
18380,128
18381,132
18382,201
18383,265
18384,252
18385,254
18386,262
18387,251
18388,278
18389,263
18390,183
18391,18
18392,20
18393,19
18394,12
18395,11
18396,10
18397,12
18398,19
18399,22
18400,23
18401,13
18402,12
18403,10
18404,27
18405,32
18406,42
18407,66
18408,56
18409,163
18410,17
18411,7
18412,7
18413,7
18414,9
18415,9
18416,7
18417,9
18418,13
18419,22
18420,15
18421,13
18422,18
18423,14
18424,12
18425,12
18426,13
18427,12
18428,12
18429,12
18430,12
18431,9
18432,9
18433,11
18434,9
18435,10
18436,10
18437,11
18438,10
18439,8
18440,9
18441,12
18442,16
18443,11
18444,27
18445,21
18446,16
18447,11
18448,11
18449,17
18450,17
18451,12
18452,20
18453,21
18454,26
18455,18
18456,22
18457,18
18458,39
18459,36
18460,28
18461,28
18462,33
18463,33
18464,38
18465,77
18466,84
18467,84
18468,63
18469,52
18470,40
18471,36
18472,37
18473,45
18474,51
18475,55
18476,66
18477,64
18478,56
18479,57
18480,21
18481,6
18482,4
18483,6
18484,8
18485,7
18486,9
18487,11
18488,13
18489,21
18490,29
18491,19
18492,36
18493,23
18494,23
18495,18
18496,19
18497,27
18498,36
18499,23
18500,34
18501,46
18502,54
18503,63
18504,82
18505,74
18506,95
18507,102
18508,114
18509,121
18510,117
18511,112
18512,123
18513,126
18514,129
18515,121
18516,111
18517,73
18518,49
18519,40
18520,39
18521,40
18522,34
18523,29
18524,44
18525,74
18526,87
18527,106
18528,147
18529,175
18530,107
18531,99
18532,86
18533,74
18534,78
18535,75
18536,70
18537,70
18538,77
18539,90
18540,113
18541,97
18542,111
18543,104
18544,106
18545,105
18546,105
18547,112
18548,120
18549,134
18550,143
18551,157
18552,149
18553,170
18554,183
18555,175
18556,154
18557,145
18558,144
18559,163
18560,172
18561,170
18562,182
18563,138
18564,149
18565,163
18566,165
18567,192
18568,226
18569,221
18570,224
18571,228
18572,254
18573,288
18574,295
18575,332
18576,352
18577,376
18578,380
18579,327
18580,306
18581,248
18582,235
18583,236
18584,151
18585,14
18586,13
18587,16
18588,16
18589,15
18590,22
18591,25
18592,26
18593,23
18594,24
18595,25
18596,22
18597,38
18598,57
18599,41
18600,71
18601,80
18602,129
18603,149
18604,132
18605,97
18606,83
18607,78
18608,92
18609,95
18610,92
18611,87
18612,96
18613,113
18614,138
18615,167
18616,134
18617,112
18618,118
18619,114
18620,126
18621,133
18622,145
18623,163
18624,16
18625,4
18626,5
18627,8
18628,12
18629,11
18630,10
18631,11
18632,9
18633,12
18634,17
18635,15
18636,24
18637,17
18638,11
18639,15
18640,18
18641,18
18642,16
18643,14
18644,16
18645,13
18646,15
18647,15
18648,20
18649,7
18650,8
18651,9
18652,11
18653,12
18654,11
18655,9
18656,10
18657,16
18658,17
18659,15
18660,18
18661,19
18662,26
18663,16
18664,24
18665,15
18666,13
18667,9
18668,8
18669,11
18670,10
18671,18
18672,18
18673,14
18674,16
18675,12
18676,9
18677,8
18678,10
18679,8
18680,17
18681,17
18682,30
18683,27
18684,23
18685,27
18686,19
18687,26
18688,45
18689,40
18690,52
18691,50
18692,53
18693,52
18694,59
18695,74
18696,90
18697,109
18698,105
18699,98
18700,91
18701,99
18702,98
18703,91
18704,87
18705,84
18706,89
18707,87
18708,80
18709,73
18710,52
18711,38
18712,33
18713,33
18714,25
18715,32
18716,41
18717,52
18718,64
18719,64
18720,56
18721,65
18722,81
18723,113
18724,163
18725,162
18726,152
18727,129
18728,105
18729,99
18730,94
18731,85
18732,110
18733,139
18734,139
18735,127
18736,129
18737,135
18738,145
18739,184
18740,236
18741,254
18742,260
18743,216
18744,160
18745,93
18746,75
18747,73
18748,68
18749,69
18750,82
18751,83
18752,99
18753,117
18754,125
18755,95
18756,103
18757,123
18758,117
18759,140
18760,151
18761,143
18762,148
18763,162
18764,134
18765,138
18766,155
18767,172
18768,151
18769,141
18770,153
18771,141
18772,158
18773,153
18774,164
18775,173
18776,174
18777,183
18778,178
18779,193
18780,203
18781,206
18782,203
18783,208
18784,219
18785,235
18786,240
18787,241
18788,248
18789,154
18790,25
18791,16
18792,18
18793,16
18794,11
18795,11
18796,16
18797,8
18798,9
18799,11
18800,14
18801,16
18802,15
18803,20
18804,20
18805,18
18806,15
18807,19
18808,20
18809,20
18810,18
18811,18
18812,27
18813,33
18814,57
18815,70
18816,81
18817,84
18818,78
18819,74
18820,79
18821,99
18822,99
18823,108
18824,103
18825,98
18826,98
18827,102
18828,125
18829,126
18830,122
18831,129
18832,119
18833,134
18834,142
18835,153
18836,149
18837,48
18838,11
18839,15
18840,10
18841,9
18842,10
18843,10
18844,6
18845,17
18846,19
18847,13
18848,16
18849,14
18850,21
18851,21
18852,21
18853,14
18854,21
18855,25
18856,18
18857,20
18858,25
18859,30
18860,42
18861,41
18862,36
18863,44
18864,49
18865,62
18866,70
18867,78
18868,108
18869,139
18870,73
18871,34
18872,29
18873,35
18874,37
18875,46
18876,30
18877,24
18878,25
18879,22
18880,33
18881,41
18882,47
18883,46
18884,42
18885,59
18886,83
18887,111
18888,140
18889,139
18890,161
18891,153
18892,133
18893,127
18894,134
18895,155
18896,172
18897,191
18898,201
18899,216
18900,233
18901,228
18902,230
18903,212
18904,188
18905,193
18906,173
18907,176
18908,179
18909,190
18910,211
18911,278
18912,286
18913,267
18914,278
18915,290
18916,287
18917,276
18918,274
18919,264
18920,245
18921,259
18922,264
18923,299
18924,308
18925,281
18926,192
18927,154
18928,140
18929,112
18930,101
18931,99
18932,106
18933,109
18934,111
18935,129
18936,161
18937,175
18938,173
18939,185
18940,190
18941,202
18942,200
18943,190
18944,184
18945,193
18946,176
18947,184
18948,191
18949,199
18950,206
18951,214
18952,221
18953,229
18954,203
18955,214
18956,253
18957,285
18958,286
18959,318
18960,324
18961,322
18962,293
18963,290
18964,270
18965,249
18966,230
18967,227
18968,220
18969,222
18970,209
18971,231
18972,262
18973,326
18974,347
18975,314
18976,268
18977,203
18978,192
18979,200
18980,208
18981,213
18982,235
18983,267
18984,278
18985,269
18986,165
18987,154
18988,112
18989,126
18990,113
18991,119
18992,132
18993,136
18994,121
18995,111
18996,120
18997,121
18998,110
18999,110
19000,113
19001,110
19002,110
19003,100
19004,83
19005,75
19006,132
19007,159
19008,151
19009,130
19010,93
19011,79
19012,79
19013,66
19014,77
19015,73
19016,72
19017,76
19018,101
19019,91
19020,81
19021,91
19022,98
19023,96
19024,94
19025,108
19026,107
19027,108
19028,117
19029,98
19030,112
19031,104
19032,106
19033,108
19034,107
19035,106
19036,113
19037,131
19038,170
19039,132
19040,122
19041,127
19042,114
19043,121
19044,149
19045,149
19046,143
19047,142
19048,124
19049,93
19050,104
19051,104
19052,97
19053,111
19054,143
19055,170
19056,189
19057,201
19058,200
19059,220
19060,229
19061,213
19062,172
19063,183
19064,179
19065,181
19066,182
19067,185
19068,176
19069,176
19070,166
19071,145
19072,130
19073,137
19074,148
19075,154
19076,150
19077,162
19078,177
19079,180
19080,97
19081,28
19082,24
19083,19
19084,20
19085,13
19086,12
19087,12
19088,16
19089,15
19090,20
19091,27
19092,17
19093,13
19094,17
19095,13
19096,14
19097,18
19098,14
19099,13
19100,18
19101,40
19102,42
19103,35
19104,50
19105,47
19106,33
19107,34
19108,38
19109,26
19110,14
19111,14
19112,11
19113,10
19114,21
19115,18
19116,17
19117,19
19118,20
19119,22
19120,23
19121,17
19122,18
19123,16
19124,14
19125,14
19126,13
19127,12
19128,11
19129,12
19130,13
19131,11
19132,12
19133,11
19134,12
19135,14
19136,13
19137,13
19138,16
19139,21
19140,20
19141,18
19142,18
19143,19
19144,12
19145,19
19146,16
19147,17
19148,17
19149,18
19150,31
19151,37
19152,26
19153,18
19154,73
19155,102
19156,112
19157,93
19158,89
19159,93
19160,120
19161,119
19162,112
19163,127
19164,133
19165,140
19166,112
19167,82
19168,73
19169,77
19170,73
19171,68
19172,67
19173,69
19174,67
19175,67
19176,77
19177,89
19178,90
19179,93
19180,103
19181,89
19182,93
19183,85
19184,32
19185,28
19186,26
19187,24
19188,18
19189,21
19190,27
19191,22
19192,20
19193,14
19194,20
19195,10
19196,10
19197,9
19198,7
19199,7
19200,5
19201,4
19202,7
19203,6
19204,7
19205,17
19206,12
19207,11
19208,18
19209,12
19210,29
19211,18
19212,18
19213,13
19214,14
19215,16
19216,17
19217,20
19218,18
19219,26
19220,30
19221,30
19222,45
19223,50
19224,64
19225,72
19226,77
19227,84
19228,81
19229,86
19230,78
19231,79
19232,69
19233,95
19234,49
19235,46
19236,47
19237,28
19238,33
19239,41
19240,79
19241,64
19242,78
19243,86
19244,81
19245,83
19246,89
19247,96
19248,106
19249,106
19250,111
19251,123
19252,135
19253,142
19254,175
19255,175
19256,172
19257,180
19258,156
19259,160
19260,157
19261,170
19262,147
19263,127
19264,96
19265,75
19266,68
19267,63
19268,62
19269,81
19270,75
19271,26
19272,13
19273,10
19274,8
19275,12
19276,11
19277,9
19278,7
19279,7
19280,9
19281,17
19282,26
19283,24
19284,15
19285,19
19286,16
19287,26
19288,23
19289,50
19290,77
19291,52
19292,70
19293,72
19294,65
19295,59
19296,55
19297,71
19298,62
19299,68
19300,54
19301,46
19302,54
19303,59
19304,60
19305,89
19306,65
19307,75
19308,76
19309,85
19310,84
19311,74
19312,68
19313,114
19314,137
19315,135
19316,148
19317,165
19318,170
19319,183
19320,176
19321,180
19322,187
19323,180
19324,181
19325,183
19326,186
19327,196
19328,222
19329,232
19330,263
19331,286
19332,293
19333,328
19334,335
19335,345
19336,360
19337,320
19338,272
19339,315
19340,318
19341,346
19342,334
19343,302
19344,310
19345,280
19346,250
19347,283
19348,268
19349,214
19350,201
19351,210
19352,185
19353,188
19354,175
19355,182
19356,191
19357,173
19358,184
19359,182
19360,181
19361,195
19362,245
19363,204
19364,211
19365,219
19366,185
19367,137
19368,120
19369,113
19370,107
19371,30
19372,21
19373,18
19374,25
19375,21
19376,17
19377,17
19378,16
19379,15
19380,15
19381,21
19382,26
19383,26
19384,39
19385,43
19386,39
19387,65
19388,76
19389,80
19390,86
19391,74
19392,68
19393,69
19394,64
19395,69
19396,75
19397,87
19398,100
19399,97
19400,102
19401,76
19402,66
19403,86
19404,114
19405,150
19406,143
19407,154
19408,128
19409,114
19410,101
19411,91
19412,100
19413,100
19414,100
19415,95
19416,106
19417,125
19418,137
19419,134
19420,142
19421,172
19422,166
19423,164
19424,162
19425,159
19426,155
19427,166
19428,158
19429,107
19430,101
19431,129
19432,143
19433,104
19434,90
19435,79
19436,82
19437,94
19438,126
19439,133
19440,163
19441,187
19442,202
19443,201
19444,188
19445,193
19446,180
19447,193
19448,217
19449,252
19450,252
19451,262
19452,280
19453,308
19454,327
19455,336
19456,259
19457,241
19458,338
19459,338
19460,347
19461,355
19462,356
19463,393
19464,398
19465,407
19466,378
19467,246
19468,260
19469,354
19470,269
19471,306
19472,306
19473,282
19474,212
19475,116
19476,107
19477,94
19478,77
19479,78
19480,64
19481,69
19482,107
19483,106
19484,91
19485,71
19486,57
19487,50
19488,39
19489,37
19490,41
19491,37
19492,40
19493,50
19494,54
19495,56
19496,67
19497,81
19498,79
19499,18
19500,22
19501,18
19502,28
19503,15
19504,15
19505,11
19506,8
19507,10
19508,9
19509,10
19510,24
19511,20
19512,16
19513,14
19514,18
19515,26
19516,27
19517,27
19518,16
19519,12
19520,15
19521,15
19522,13
19523,19
19524,16
19525,20
19526,12
19527,12
19528,12
19529,10
19530,17
19531,8
19532,11
19533,17
19534,21
19535,46
19536,45
19537,31
19538,40
19539,11
19540,13
19541,15
19542,13
19543,16
19544,25
19545,22
19546,21
19547,22
19548,20
19549,21
19550,27
19551,33
19552,35
19553,35
19554,37
19555,50
19556,68
19557,83
19558,93
19559,115
19560,124
19561,118
19562,130
19563,118
19564,126
19565,128
19566,136
19567,152
19568,156
19569,148
19570,129
19571,131
19572,131
19573,133
19574,138
19575,144
19576,148
19577,147
19578,135
19579,134
19580,146
19581,204
19582,238
19583,237
19584,280
19585,280
19586,283
19587,250
19588,261
19589,235
19590,161
19591,139
19592,131
19593,152
19594,119
19595,87
19596,72
19597,49
19598,27
19599,26
19600,32
19601,31
19602,34
19603,42
19604,41
19605,56
19606,72
19607,95
19608,131
19609,117
19610,26
19611,16
19612,18
19613,3
19614,5
19615,40
19616,78
19617,97
19618,96
19619,62
19620,61
19621,58
19622,51
19623,59
19624,57
19625,48
19626,48
19627,41
19628,37
19629,32
19630,38
19631,47
19632,45
19633,47
19634,54
19635,66
19636,60
19637,69
19638,77
19639,80
19640,77
19641,77
19642,79
19643,87
19644,78
19645,64
19646,50
19647,36
19648,30
19649,23
19650,17
19651,16
19652,13
19653,10
19654,8
19655,10
19656,18
19657,15
19658,10
19659,7
19660,10
19661,7
19662,5
19663,7
19664,8
19665,10
19666,11
19667,13
19668,20
19669,22
19670,13
19671,16
19672,8
19673,12
19674,19
19675,13
19676,20
19677,30
19678,32
19679,34
19680,37
19681,40
19682,42
19683,42
19684,33
19685,11
19686,10
19687,10
19688,11
19689,10
19690,17
19691,18
19692,14
19693,21
19694,20
19695,21
19696,24
19697,29
19698,26
19699,27
19700,24
19701,27
19702,54
19703,54
19704,52
19705,39
19706,57
19707,55
19708,71
19709,65
19710,57
19711,54
19712,53
19713,82
19714,90
19715,78
19716,76
19717,79
19718,63
19719,56
19720,49
19721,40
19722,43
19723,38
19724,36
19725,43
19726,47
19727,54
19728,44
19729,28
19730,41
19731,31
19732,35
19733,45
19734,36
19735,28
19736,35
19737,38
19738,49
19739,46
19740,60
19741,52
19742,48
19743,52
19744,55
19745,64
19746,58
19747,55
19748,61
19749,63
19750,12
19751,11
19752,11
19753,11
19754,10
19755,8
19756,7
19757,8
19758,15
19759,17
19760,32
19761,20
19762,24
19763,26
19764,28
19765,34
19766,24
19767,39
19768,35
19769,32
19770,27
19771,10
19772,18
19773,19
19774,15
19775,27
19776,25
19777,18
19778,25
19779,25
19780,9
19781,9
19782,30
19783,19
19784,10
19785,11
19786,32
19787,22
19788,21
19789,21
19790,14
19791,18
19792,22
19793,18
19794,10
19795,11
19796,11
19797,10
19798,11
19799,11
19800,11
19801,19
19802,22
19803,23
19804,11
19805,9
19806,11
19807,12
19808,8
19809,17
19810,14
19811,13
19812,13
19813,31
19814,22
19815,25
19816,13
19817,17
19818,17
19819,13
19820,16
19821,12
19822,13
19823,27
19824,15
19825,15
19826,20
19827,20
19828,17
19829,24
19830,36
19831,37
19832,38
19833,44
19834,51
19835,49
19836,37
19837,37
19838,35
19839,28
19840,24
19841,21
19842,20
19843,32
19844,36
19845,28
19846,18
19847,21
19848,23
19849,18
19850,14
19851,27
19852,42
19853,46
19854,53
19855,52
19856,58
19857,53
19858,56
19859,53
19860,54
19861,63
19862,80
19863,92
19864,81
19865,76
19866,95
19867,87
19868,83
19869,124
19870,171
19871,151
19872,147
19873,160
19874,154
19875,123
19876,93
19877,92
19878,49
19879,42
19880,35
19881,33
19882,24
19883,91
19884,42
19885,20
19886,18
19887,23
19888,23
19889,22
19890,66
19891,17
19892,16
19893,27
19894,31
19895,47
19896,49
19897,63
19898,79
19899,80
19900,100
19901,111
19902,148
19903,150
19904,164
19905,164
19906,181
19907,183
19908,170
19909,171
19910,160
19911,163
19912,138
19913,119
19914,99
19915,108
19916,90
19917,70
19918,73
19919,79
19920,91
19921,81
19922,80
19923,91
19924,101
19925,107
19926,104
19927,94
19928,72
19929,68
19930,41
19931,45
19932,50
19933,62
19934,60
19935,54
19936,56
19937,56
19938,50
19939,49
19940,38
19941,32
19942,32
19943,51
19944,55
19945,37
19946,38
19947,13
19948,12
19949,9
19950,6
19951,7
19952,8
19953,10
19954,10
19955,29
19956,15
19957,14
19958,14
19959,14
19960,18
19961,15
19962,9
19963,8
19964,43
19965,22
19966,32
19967,40
19968,39
19969,45
19970,52
19971,51
19972,33
19973,49
19974,46
19975,57
19976,68
19977,47
19978,13
19979,40
19980,22
19981,16
19982,22
19983,13
19984,22
19985,24
19986,18
19987,17
19988,10
19989,19
19990,29
19991,28
19992,33
19993,51
19994,56
19995,84
19996,80
19997,77
19998,89
19999,63
20000,90
20001,91
20002,91
20003,86
20004,85
20005,58
20006,46
20007,29
20008,25
20009,22
20010,14
20011,22
20012,19
20013,20
20014,24
20015,34
20016,47
20017,50
20018,44
20019,56
20020,56
20021,63
20022,72
20023,76
20024,92
20025,101
20026,112
20027,111
20028,89
20029,51
20030,49
20031,29
20032,34
20033,36
20034,31
20035,22
20036,22
20037,34
20038,51
20039,63
20040,69
20041,79
20042,86
20043,84
20044,80
20045,83
20046,106
20047,114
20048,119
20049,139
20050,112
20051,84
20052,52
20053,35
20054,29
20055,27
20056,28
20057,24
20058,16
20059,115
20060,93
20061,75
20062,66
20063,68
20064,73
20065,56
20066,60
20067,20
20068,9
20069,8
20070,7
20071,22
20072,17
20073,15
20074,22
20075,22
20076,22
20077,21
20078,23
20079,23
20080,23
20081,40
20082,47
20083,38
20084,48
20085,56
20086,56
20087,63
20088,61
20089,70
20090,64
20091,73
20092,80
20093,86
20094,90
20095,90
20096,95
20097,101
20098,108
20099,130
20100,127
20101,128
20102,138
20103,121
20104,235
20105,168
20106,136
20107,163
20108,184
20109,164
20110,127
20111,116
20112,108
20113,105
20114,113
20115,121
20116,136
20117,138
20118,140
20119,141
20120,140
20121,144
20122,142
20123,145
20124,155
20125,160
20126,174
20127,178
20128,202
20129,213
20130,222
20131,219
20132,221
20133,225
20134,229
20135,73
20136,51
20137,50
20138,59
20139,70
20140,59
20141,61
20142,69
20143,77
20144,85
20145,97
20146,100
20147,109
20148,102
20149,102
20150,122
20151,125
20152,139
20153,154
20154,156
20155,158
20156,152
20157,148
20158,151
20159,157
20160,159
20161,164
20162,170
20163,174
20164,169
20165,183
20166,176
20167,183
20168,185
20169,149
20170,143
20171,157
20172,172
20173,194
20174,205
20175,177
20176,149
20177,90
20178,65
20179,89
20180,110
20181,118
20182,98
20183,82
20184,100
20185,129
20186,142
20187,148
20188,151
20189,147
20190,167
20191,185
20192,184
20193,154
20194,155
20195,168
20196,155
20197,181
20198,206
20199,202
20200,185
20201,156
20202,149
20203,159
20204,185
20205,200
20206,192
20207,161
20208,147
20209,150
20210,157
20211,143
20212,131
20213,116
20214,115
20215,116
20216,113
20217,115
20218,132
20219,144
20220,160
20221,167
20222,167
20223,162
20224,172
20225,160
20226,195
20227,201
20228,216
20229,235
20230,247
20231,257
20232,245
20233,217
20234,199
20235,203
20236,191
20237,188
20238,190
20239,222
20240,235
20241,230
20242,248
20243,258
20244,266
20245,281
20246,279
20247,278
20248,268
20249,272
20250,277
20251,280
20252,288
20253,303
20254,298
20255,307
20256,268
20257,157
20258,183
20259,208
20260,207
20261,195
20262,174
20263,173
20264,179
20265,187
20266,132
20267,60
20268,40
20269,34
20270,44
20271,48
20272,37
20273,38
20274,35
20275,45
20276,41
20277,43
20278,46
20279,29
20280,14
20281,13
20282,11
20283,9
20284,9
20285,12
20286,11
20287,11
20288,11
20289,10
20290,11
20291,18
20292,16
20293,15
20294,17
20295,13
20296,15
20297,12
20298,11
20299,8
20300,4
20301,6
20302,37
20303,69
20304,120
20305,45
20306,34
20307,28
20308,35
20309,62
20310,81
20311,75
20312,50
20313,51
20314,48
20315,53
20316,65
20317,88
20318,83
20319,76
20320,76
20321,62
20322,53
20323,65
20324,72
20325,78
20326,144
20327,163
20328,176
20329,143
20330,152
20331,160
20332,148
20333,134
20334,112
20335,108
20336,114
20337,107
20338,126
20339,99
20340,55
20341,55
20342,41
20343,21
20344,25
20345,29
20346,27
20347,30
20348,27
20349,30
20350,28
20351,30
20352,39
20353,41
20354,46
20355,72
20356,107
20357,141
20358,135
20359,108
20360,108
20361,98
20362,90
20363,79
20364,70
20365,83
20366,90
20367,106
20368,136
20369,114
20370,98
20371,97
20372,113
20373,160
20374,188
20375,183
20376,182
20377,203
20378,201
20379,195
20380,190
20381,194
20382,184
20383,224
20384,198
20385,198
20386,205
20387,205
20388,220
20389,200
20390,190
20391,166
20392,142
20393,141
20394,127
20395,120
20396,130
20397,176
20398,162
20399,170
20400,168
20401,121
20402,112
20403,107
20404,108
20405,111
20406,115
20407,122
20408,144
20409,166
20410,312
20411,174
20412,183
20413,179
20414,184
20415,168
20416,151
20417,155
20418,162
20419,189
20420,204
20421,227
20422,247
20423,256
20424,286
20425,267
20426,257
20427,259
20428,243
20429,210
20430,204
20431,215
20432,227
20433,186
20434,173
20435,163
20436,192
20437,280
20438,298
20439,199
20440,199
20441,156
20442,137
20443,78
20444,85
20445,112
20446,121
20447,78
20448,80
20449,74
20450,75
20451,72
20452,78
20453,91
20454,100
20455,115
20456,119
20457,120
20458,119
20459,124
20460,127
20461,118
20462,91
20463,85
20464,106
20465,90
20466,72
20467,68
20468,98
20469,90
20470,98
20471,114
20472,119
20473,126
20474,146
20475,139
20476,140
20477,112
20478,85
20479,80
20480,58
20481,61
20482,70
20483,57
20484,64
20485,57
20486,60
20487,46
20488,49
20489,45
20490,9
20491,18
20492,26
20493,19
20494,49
20495,91
20496,101
20497,99
20498,106
20499,123
20500,128
20501,132
20502,128
20503,90
20504,84
20505,82
20506,134
20507,133
20508,130
20509,145
20510,152
20511,137
20512,126
20513,126
20514,103
20515,80
20516,98
20517,116
20518,217
20519,116
20520,45
20521,50
20522,77
20523,150
20524,76
20525,69
20526,85
20527,94
20528,89
20529,108
20530,72
20531,107
20532,32
20533,98
20534,87
20535,39
20536,47
20537,212
20538,286
20539,205
20540,121
20541,46
20542,43
20543,50
20544,66
20545,68
20546,61
20547,62
20548,70
20549,80
20550,79
20551,104
20552,90
20553,102
20554,100
20555,118
20556,132
20557,110
20558,284
20559,96
20560,113
20561,142
20562,180
20563,141
20564,136
20565,95
20566,79
20567,48
20568,58
20569,57
20570,57
20571,64
20572,61
20573,73
20574,98
20575,76
20576,78
20577,84
20578,84
20579,76
20580,64
20581,87
20582,75
20583,76
20584,97
20585,105
20586,96
20587,110
20588,146
20589,134
20590,113
20591,98
20592,84
20593,71
20594,65
20595,59
20596,77
20597,78
20598,76
20599,99
20600,91
20601,135
20602,120
20603,112
20604,109
20605,100
20606,81
20607,83
20608,73
20609,73
20610,71
20611,71
20612,57
20613,69
20614,80
20615,84
20616,77
20617,71
20618,95
20619,136
20620,105
20621,99
20622,105
20623,108
20624,125
20625,166
20626,154
20627,124
20628,146
20629,146
20630,99
20631,75
20632,65
20633,124
20634,102
20635,79
20636,82
20637,91
20638,96
20639,131
20640,125
20641,148
20642,142
20643,153
20644,163
20645,166
20646,184
20647,312
20648,195
20649,168
20650,166
20651,164
20652,160
20653,166
20654,177
20655,165
20656,171
20657,172
20658,164
20659,161
20660,164
20661,152
20662,204
20663,209
20664,228
20665,247
20666,265
20667,263
20668,207
20669,153
20670,152
20671,141
20672,144
20673,153
20674,137
20675,128
20676,126
20677,123
20678,116
20679,122
20680,142
20681,143
20682,144
20683,152
20684,153
20685,148
20686,149
20687,137
20688,138
20689,138
20690,152
20691,143
20692,139
20693,124
20694,123
20695,131
20696,128
20697,141
20698,149
20699,153
20700,135
20701,56
20702,51
20703,38
20704,28
20705,29
20706,78
20707,87
20708,80
20709,83
20710,85
20711,124
20712,122
20713,130
20714,121
20715,138
20716,157
20717,164
20718,170
20719,189
20720,186
20721,185
20722,193
20723,212
20724,191
20725,194
20726,124
20727,103
20728,100
20729,66
20730,55
20731,84
20732,78
20733,84
20734,164
20735,94
20736,99
20737,96
20738,83
20739,70
20740,70
20741,69
20742,69
20743,71
20744,61
20745,31
20746,26
20747,52
20748,53
20749,52
20750,50
20751,37
20752,33
20753,30
20754,16
20755,15
20756,14
20757,15
20758,26
20759,37
20760,37
20761,43
20762,44
20763,36
20764,47
20765,46
20766,51
20767,51
20768,41
20769,37
20770,33
20771,38
20772,42
20773,27
20774,38
20775,37
20776,28
20777,16
20778,22
20779,16
20780,19
20781,12
20782,22
20783,36
20784,31
20785,40
20786,51
20787,32
20788,43
20789,44
20790,18
20791,15
20792,15
20793,19
20794,25
20795,20
20796,22
20797,18
20798,24
20799,22
20800,30
20801,28
20802,33
20803,25
20804,27
20805,32
20806,38
20807,32
20808,28
20809,38
20810,40
20811,36
20812,44
20813,58
20814,50
20815,47
20816,58
20817,73
20818,73
20819,87
20820,102
20821,79
20822,92
20823,66
20824,67
20825,85
20826,54
20827,50
20828,42
20829,25
20830,27
20831,27
20832,27
20833,34
20834,32
20835,28
20836,35
20837,45
20838,52
20839,55
20840,67
20841,69
20842,72
20843,85
20844,107
20845,106
20846,136
20847,134
20848,127
20849,125
20850,108
20851,122
20852,130
20853,138
20854,129
20855,136
20856,140
20857,146
20858,137
20859,139
20860,123
20861,136
20862,140
20863,150
20864,160
20865,151
20866,156
20867,159
20868,298
20869,164
20870,164
20871,162
20872,163
20873,154
20874,147
20875,136
20876,128
20877,128
20878,128
20879,129
20880,129
20881,129
20882,129
20883,130
20884,130
20885,130
20886,130
20887,130
20888,131
20889,131
20890,131
20891,131
20892,132
20893,132
20894,132
20895,132
20896,132
20897,133
20898,133
20899,133
20900,133
20901,134
20902,134
20903,134
20904,134
20905,134
20906,135
20907,135
20908,135
20909,135
20910,136
20911,136
20912,136
20913,136
20914,136
20915,137
20916,137
20917,137
20918,157
20919,164
20920,167
20921,165
20922,136
20923,123
20924,116
20925,119
20926,135
20927,155
20928,168
20929,170
20930,145
20931,93
20932,86
20933,75
20934,90
20935,102
20936,98
20937,94
20938,90
20939,86
20940,81
20941,77
20942,73
20943,69
20944,65
20945,61
20946,50
20947,61
20948,58
20949,68
20950,72
20951,117
20952,129
20953,132
20954,107
20955,85
20956,52
20957,19
20958,15
20959,17
20960,13
20961,13
20962,12
20963,10
20964,15
20965,12
20966,11
20967,17
20968,16
20969,15
20970,19
20971,23
20972,34
20973,30
20974,35
20975,40
20976,49
20977,51
20978,47
20979,51
20980,65
20981,80
20982,63
20983,52
20984,48
20985,33
20986,57
20987,33
20988,25
20989,18
20990,10
20991,6
20992,8
20993,6
20994,6
20995,19
20996,17
20997,16
20998,19
20999,31
21000,56
21001,69
21002,91
21003,84
21004,70
21005,48
21006,48
21007,30
21008,15
21009,22
21010,22
21011,39
21012,48
21013,49
21014,72
21015,73
21016,66
21017,63
21018,27
21019,31
21020,39
21021,42
21022,63
21023,83
21024,98
21025,99
21026,98
21027,98
21028,93
21029,95
21030,138
21031,144
21032,146
21033,156
21034,129
21035,122
21036,104
21037,75
21038,67
21039,46
21040,27
21041,39
21042,32
21043,31
21044,31
21045,36
21046,28
21047,43
21048,56
21049,54
21050,53
21051,58
21052,63
21053,77
21054,79
21055,80
21056,84
21057,101
21058,104
21059,105
21060,134
21061,162
21062,147
21063,133
21064,136
21065,144
21066,149
21067,151
21068,140
21069,138
21070,152
21071,158
21072,139
21073,124
21074,120
21075,133
21076,135
21077,125
21078,137
21079,146
21080,137
21081,131
21082,125
21083,130
21084,136
21085,143
21086,149
21087,152
21088,144
21089,105
21090,87
21091,82
21092,104
21093,125
21094,138
21095,150
21096,134
21097,94
21098,89
21099,97
21100,94
21101,96
21102,101
21103,86
21104,94
21105,102
21106,96
21107,99
21108,104
21109,99
21110,93
21111,105
21112,76
21113,33
21114,26
21115,18
21116,15
21117,15
21118,22
21119,26
21120,15
21121,11
21122,8
21123,16
21124,12
21125,18
21126,14
21127,14
21128,9
21129,6
21130,5
21131,5
21132,6
21133,6
21134,8
21135,11
21136,10
21137,12
21138,14
21139,15
21140,9
21141,16
21142,27
21143,29
21144,43
21145,68
21146,67
21147,60
21148,71
21149,80
21150,122
21151,115
21152,103
21153,82
21154,88
21155,80
21156,87
21157,68
21158,53
21159,37
21160,38
21161,43
21162,51
21163,37
21164,46
21165,43
21166,48
21167,50
21168,40
21169,50
21170,51
21171,55
21172,63
21173,57
21174,58
21175,65
21176,55
21177,53
21178,54
21179,55
21180,55
21181,55
21182,55
21183,52
21184,66
21185,71
21186,83
21187,108
21188,115
21189,121
21190,138
21191,152
21192,151
21193,143
21194,144
21195,149
21196,143
21197,141
21198,145
21199,155
21200,189
21201,180
21202,185
21203,168
21204,158
21205,143
21206,108
21207,69
21208,63
21209,62
21210,63
21211,67
21212,71
21213,95
21214,117
21215,130
21216,146
21217,159
21218,168
21219,178
21220,175
21221,207
21222,233
21223,248
21224,244
21225,237
21226,239
21227,242
21228,246
21229,238
21230,206
21231,216
21232,261
21233,59
21234,39
21235,41
21236,57
21237,63
21238,92
21239,84
21240,80
21241,95
21242,120
21243,135
21244,140
21245,139
21246,141
21247,146
21248,161
21249,167
21250,164
21251,148
21252,135
21253,141
21254,143
21255,154
21256,118
21257,75
21258,66
21259,62
21260,74
21261,61
21262,52
21263,47
21264,56
21265,69
21266,70
21267,72
21268,86
21269,109
21270,97
21271,88
21272,87
21273,76
21274,42
21275,15
21276,13
21277,6
21278,5
21279,8
21280,8
21281,20
21282,47
21283,52
21284,54
21285,46
21286,57
21287,135
21288,166
21289,199
21290,237
21291,219
21292,148
21293,141
21294,122
21295,130
21296,148
21297,167
21298,194
21299,193
21300,191
21301,189
21302,205
21303,203
21304,204
21305,212
21306,168
21307,46
21308,49
21309,45
21310,50
21311,59
21312,56
21313,48
21314,50
21315,43
21316,49
21317,56
21318,50
21319,49
21320,45
21321,38
21322,44
21323,48
21324,50
21325,53
21326,55
21327,61
21328,87
21329,91
21330,101
21331,98
21332,87
21333,80
21334,108
21335,129
21336,29
21337,17
21338,23
21339,101
21340,99
21341,85
21342,90
21343,81
21344,82
21345,103
21346,107
21347,121
21348,111
21349,98
21350,82
21351,63
21352,56
21353,56
21354,33
21355,36
21356,46
21357,58
21358,74
21359,69
21360,73
21361,71
21362,82
21363,75
21364,93
21365,110
21366,161
21367,197
21368,189
21369,186
21370,192
21371,178
21372,181
21373,177
21374,178
21375,140
21376,116
21377,104
21378,66
21379,23
21380,29
21381,33
21382,32
21383,38
21384,34
21385,47
21386,33
21387,24
21388,8
21389,8
21390,7
21391,8
21392,10
21393,8
21394,13
21395,14
21396,9
21397,6
21398,7
21399,10
21400,10
21401,6
21402,2
21403,1
21404,7
21405,18
21406,18
21407,20
21408,21
21409,26
21410,27
21411,30
21412,33
21413,34
21414,37
21415,33
21416,54
21417,52
21418,38
21419,31
21420,13
21421,8
21422,15
21423,12
21424,16
21425,9
21426,13
21427,12
21428,12
21429,12
21430,22
21431,68
21432,75
21433,60
21434,75
21435,81
21436,71
21437,44
21438,23
21439,23
21440,24
21441,13
21442,11
21443,7
21444,4
21445,3
21446,4
21447,6
21448,7
21449,6
21450,5
21451,3
21452,15
21453,23
21454,10
21455,11
21456,7
21457,11
21458,10
21459,15
21460,29
21461,58
21462,73
21463,96
21464,112
21465,130
21466,135
21467,152
21468,148
21469,80
21470,86
21471,99
21472,62
21473,65
21474,61
21475,54
21476,48
21477,60
21478,40
21479,36
21480,17
21481,17
21482,15
21483,12
21484,11
21485,13
21486,13
21487,16
21488,10
21489,14
21490,8
21491,5
21492,6
21493,7
21494,17
21495,8
21496,8
21497,7
21498,5
21499,6
21500,11
21501,10
21502,8
21503,7
21504,7
21505,11
21506,11
21507,21
21508,15
21509,9
21510,14
21511,16
21512,11
21513,12
21514,9
21515,6
21516,4
21517,12
21518,16
21519,6
21520,6
21521,6
21522,9
21523,10
21524,11
21525,12
21526,13
21527,14
21528,15
21529,16
21530,11
21531,31
21532,34
21533,31
21534,76
21535,37
21536,25
21537,16
21538,15
21539,15
21540,12
21541,11
21542,12
21543,12
21544,16
21545,17
21546,16
21547,21
21548,25
21549,29
21550,37
21551,38
21552,30
21553,35
21554,53
21555,58
21556,49
21557,43
21558,42
21559,38
21560,46
21561,49
21562,54
21563,65
21564,87
21565,111
21566,104
21567,127
21568,113
21569,103
21570,96
21571,96
21572,93
21573,96
21574,86
21575,79
21576,99
21577,101
21578,113
21579,111
21580,118
21581,116
21582,126
21583,133
21584,154
21585,144
21586,145
21587,151
21588,153
21589,155
21590,154
21591,160
21592,164
21593,202
21594,216
21595,232
21596,254
21597,255
21598,257
21599,305
21600,266
21601,259
21602,236
21603,219
21604,185
21605,164
21606,147
21607,139
21608,132
21609,140
21610,150
21611,135
21612,157
21613,159
21614,161
21615,166
21616,208
21617,275
21618,259
21619,225
21620,204
21621,228
21622,139
21623,117
21624,160
21625,277
21626,296
21627,287
21628,338
21629,289
21630,237
21631,186
21632,135
21633,111
21634,94
21635,82
21636,72
21637,83
21638,92
21639,101
21640,113
21641,130
21642,226
21643,306
21644,164
21645,175
21646,175
21647,171
21648,202
21649,185
21650,209
21651,214
21652,192
21653,191
21654,203
21655,293
21656,284
21657,193
21658,183
21659,165
21660,166
21661,153
21662,154
21663,153
21664,158
21665,163
21666,182
21667,230
21668,210
21669,183
21670,191
21671,60
21672,52
21673,58
21674,65
21675,71
21676,83
21677,84
21678,88
21679,86
21680,87
21681,85
21682,80
21683,61
21684,85
21685,110
21686,125
21687,156
21688,160
21689,165
21690,145
21691,148
21692,109
21693,98
21694,105
21695,111
21696,111
21697,127
21698,138
21699,146
21700,164
21701,173
21702,181
21703,187
21704,182
21705,159
21706,140
21707,136
21708,138
21709,142
21710,152
21711,165
21712,167
21713,173
21714,178
21715,190
21716,189
21717,205
21718,218
21719,224
21720,101
21721,186
21722,249
21723,244
21724,238
21725,229
21726,215
21727,170
21728,166
21729,162
21730,145
21731,127
21732,132
21733,143
21734,163
21735,168
21736,130
21737,140
21738,162
21739,196
21740,143
21741,140
21742,144
21743,144
21744,69
21745,75
21746,71
21747,70
21748,61
21749,73
21750,75
21751,86
21752,98
21753,94
21754,90
21755,76
21756,80
21757,91
21758,95
21759,101
21760,118
21761,135
21762,147
21763,131
21764,128
21765,88
21766,60
21767,62
21768,73
21769,64
21770,132
21771,138
21772,131
21773,131
21774,134
21775,127
21776,116
21777,120
21778,111
21779,108
21780,107
21781,115
21782,118
21783,121
21784,150
21785,149
21786,131
21787,126
21788,100
21789,59
21790,57
21791,47
21792,44
21793,48
21794,51
21795,66
21796,77
21797,110
21798,127
21799,130
21800,139
21801,111
21802,96
21803,62
21804,51
21805,44
21806,58
21807,63
21808,70
21809,72
21810,46
21811,31
21812,36
21813,39
21814,51
21815,41
21816,34
21817,34
21818,43
21819,51
21820,59
21821,59
21822,53
21823,52
21824,63
21825,60
21826,74
21827,86
21828,89
21829,84
21830,106
21831,128
21832,174
21833,208
21834,194
21835,218
21836,202
21837,178
21838,174
21839,175
21840,151
21841,129
21842,119
21843,109
21844,104
21845,118
21846,105
21847,91
21848,90
21849,72
21850,75
21851,74
21852,63
21853,61
21854,61
21855,59
21856,67
21857,69
21858,73
21859,72
21860,73
21861,81
21862,83
21863,98
21864,106
21865,110
21866,98
21867,104
21868,105
21869,97
21870,127
21871,128
21872,128
21873,100
21874,78
21875,70
21876,50
21877,36
21878,30
21879,24
21880,21
21881,27
21882,40
21883,40
21884,27
21885,42
21886,71
21887,69
21888,69
21889,77
21890,77
21891,90
21892,104
21893,112
21894,126
21895,131
21896,134
21897,135
21898,145
21899,138
21900,140
21901,137
21902,129
21903,131
21904,133
21905,140
21906,121
21907,122
21908,121
21909,120
21910,192
21911,199
21912,205
21913,200
21914,178
21915,104
21916,84
21917,61
21918,38
21919,27
21920,17
21921,17
21922,19
21923,12
21924,9
21925,13
21926,13
21927,12
21928,19
21929,18
21930,16
21931,22
21932,21
21933,24
21934,27
21935,22
21936,23
21937,33
21938,45
21939,48
21940,51
21941,45
21942,48
21943,35
21944,32
21945,29
21946,21
21947,20
21948,16
21949,18
21950,18
21951,15
21952,26
21953,22
21954,20
21955,24
21956,22
21957,24
21958,33
21959,42
21960,103
21961,115
21962,60
21963,45
21964,60
21965,69
21966,87
21967,91
21968,114
21969,96
21970,97
21971,81
21972,81
21973,83
21974,88
21975,85
21976,95
21977,114
21978,110
21979,106
21980,105
21981,98
21982,89
21983,83
21984,68
21985,77
21986,75
21987,78
21988,86
21989,94
21990,93
21991,85
21992,77
21993,73
21994,105
21995,89
21996,93
21997,97
21998,92
21999,96
22000,109
22001,109
22002,110
22003,132
22004,149
22005,133
22006,124
22007,122
22008,32
22009,34
22010,46
22011,47
22012,53
22013,55
22014,52
22015,52
22016,56
22017,59
22018,90
22019,112
22020,123
22021,133
22022,155
22023,153
22024,159
22025,168
22026,179
22027,199
22028,184
22029,194
22030,188
22031,189
22032,179
22033,184
22034,177
22035,180
22036,180
22037,183
22038,187
22039,177
22040,179
22041,183
22042,173
22043,175
22044,168
22045,178
22046,157
22047,110
22048,97
22049,90
22050,103
22051,105
22052,134
22053,210
22054,232
22055,167
22056,163
22057,171
22058,152
22059,136
22060,149
22061,163
22062,169
22063,177
22064,184
22065,186
22066,185
22067,174
22068,152
22069,145
22070,135
22071,120
22072,130
22073,139
22074,113
22075,113
22076,119
22077,122
22078,125
22079,115
22080,109
22081,115
22082,103
22083,101
22084,95
22085,95
22086,92
22087,110
22088,122
22089,127
22090,122
22091,110
22092,104
22093,103
22094,107
22095,106
22096,89
22097,96
22098,90
22099,92
22100,94
22101,73
22102,72
22103,47
22104,60
22105,62
22106,66
22107,73
22108,61
22109,52
22110,48
22111,47
22112,52
22113,42
22114,33
22115,35
22116,35
22117,36
22118,30
22119,46
22120,53
22121,63
22122,67
22123,56
22124,56
22125,22
22126,20
22127,33
22128,43
22129,25
22130,33
22131,45
22132,54
22133,49
22134,47
22135,61
22136,79
22137,86
22138,101
22139,96
22140,95
22141,87
22142,65
22143,76
22144,80
22145,87
22146,88
22147,94
22148,61
22149,47
22150,29
22151,24
22152,28
22153,28
22154,20
22155,19
22156,25
22157,19
22158,27
22159,19
22160,24
22161,20
22162,20
22163,55
22164,57
22165,35
22166,35
22167,20
22168,13
22169,9
22170,9
22171,16
22172,14
22173,15
22174,16
22175,17
22176,16
22177,29
22178,26
22179,18
22180,17
22181,31
22182,25
22183,33
22184,25
22185,22
22186,15
22187,10
22188,8
22189,7
22190,11
22191,14
22192,17
22193,28
22194,34
22195,33
22196,36
22197,38
22198,41
22199,42
22200,38
22201,46
22202,47
22203,61
22204,57
22205,54
22206,48
22207,38
22208,25
22209,23
22210,21
22211,19
22212,17
22213,16
22214,14
22215,15
22216,15
22217,19
22218,15
22219,19
22220,33
22221,34
22222,31
22223,39
22224,53
22225,63
22226,60
22227,63
22228,59
22229,48
22230,52
22231,54
22232,50
22233,32
22234,29
22235,31
22236,29
22237,32
22238,29
22239,25
22240,25
22241,26
22242,25
22243,27
22244,32
22245,38
22246,41
22247,53
22248,58
22249,60
22250,84
22251,84
22252,86
22253,63
22254,68
22255,99
22256,130
22257,131
22258,126
22259,112
22260,90
22261,85
22262,76
22263,71
22264,62
22265,51
22266,45
22267,52
22268,46
22269,50
22270,56
22271,55
22272,53
22273,60
22274,55
22275,61
22276,61
22277,80
22278,114
22279,110
22280,94
22281,108
22282,95
22283,92
22284,85
22285,79
22286,77
22287,76
22288,80
22289,83
22290,75
22291,79
22292,79
22293,107
22294,64
22295,72
22296,80
22297,89
22298,94
22299,99
22300,99
22301,79
22302,51
22303,54
22304,54
22305,65
22306,76
22307,81
22308,90
22309,96
22310,99
22311,104
22312,103
22313,95
22314,98
22315,88
22316,105
22317,106
22318,100
22319,100
22320,80
22321,82
22322,83
22323,92
22324,105
22325,120
22326,124
22327,123
22328,116
22329,126
22330,132
22331,136
22332,128
22333,130
22334,116
22335,115
22336,120
22337,126
22338,142
22339,138
22340,133
22341,124
22342,138
22343,132
22344,146
22345,160
22346,173
22347,167
22348,179
22349,187
22350,195
22351,197
22352,202
22353,206
22354,205
22355,212
22356,222
22357,226
22358,259
22359,220
22360,189
22361,197
22362,181
22363,188
22364,192
22365,189
22366,194
22367,206
22368,219
22369,240
22370,239
22371,246
22372,227
22373,198
22374,174
22375,185
22376,192
22377,233
22378,256
22379,278
22380,283
22381,293
22382,318
22383,299
22384,164
22385,31
22386,46
22387,95
22388,23
22389,29
22390,21
22391,26
22392,23
22393,28
22394,23
22395,13
22396,12
22397,11
22398,12
22399,12
22400,24
22401,24
22402,11
22403,10
22404,9
22405,8
22406,10
22407,9
22408,9
22409,12
22410,8
22411,17
22412,15
22413,21
22414,39
22415,27
22416,20
22417,27
22418,14
22419,17
22420,12
22421,20
22422,17
22423,12
22424,12
22425,17
22426,10
22427,13
22428,20
22429,30
22430,25
22431,41
22432,70
22433,69
22434,90
22435,63
22436,56
22437,51
22438,30
22439,28
22440,23
22441,27
22442,24
22443,49
22444,59
22445,64
22446,55
22447,53
22448,56
22449,66
22450,70
22451,75
22452,76
22453,71
22454,80
22455,69
22456,63
22457,75
22458,65
22459,65
22460,76
22461,83
22462,81
22463,89
22464,103
22465,109
22466,103
22467,102
22468,90
22469,60
22470,56
22471,88
22472,90
22473,95
22474,102
22475,122
22476,130
22477,121
22478,108
22479,70
22480,60
22481,62
22482,79
22483,75
22484,68
22485,61
22486,56
22487,54
22488,62
22489,73
22490,70
22491,77
22492,75
22493,78
22494,69
22495,57
22496,54
22497,68
22498,77
22499,70
22500,61
22501,46
22502,61
22503,40
22504,29
22505,30
22506,46
22507,48
22508,49
22509,48
22510,39
22511,51
22512,56
22513,60
22514,63
22515,53
22516,59
22517,54
22518,82
22519,79
22520,77
22521,80
22522,86
22523,101
22524,99
22525,91
22526,94
22527,99
22528,89
22529,86
22530,90
22531,94
22532,93
22533,105
22534,108
22535,109
22536,37
22537,51
22538,83
22539,86
22540,88
22541,89
22542,98
22543,96
22544,94
22545,116
22546,130
22547,126
22548,128
22549,111
22550,108
22551,103
22552,110
22553,124
22554,122
22555,120
22556,118
22557,116
22558,114
22559,112
22560,110
22561,108
22562,106
22563,104
22564,102
22565,100
22566,98
22567,96
22568,94
22569,92
22570,90
22571,88
22572,86
22573,84
22574,82
22575,80
22576,78
22577,76
22578,75
22579,73
22580,71
22581,69
22582,67
22583,65
22584,63
22585,61
22586,59
22587,57
22588,55
22589,53
22590,51
22591,49
22592,47
22593,45
22594,43
22595,41
22596,39
22597,37
22598,35
22599,45
22600,48
22601,49
22602,49
22603,58
22604,80
22605,76
22606,66
22607,67
22608,47
22609,38
22610,38
22611,37
22612,35
22613,35
22614,39
22615,44
22616,29
22617,25
22618,21
22619,16
22620,17
22621,14
22622,17
22623,15
22624,22
22625,20
22626,24
22627,21
22628,22
22629,27
22630,26
22631,26
22632,22
22633,9
22634,14
22635,9
22636,9
22637,17
22638,11
22639,14
22640,17
22641,22
22642,18
22643,8
22644,8
22645,16
22646,19
22647,13
22648,10
22649,6
22650,7
22651,9
22652,13
22653,9
22654,16
22655,17
22656,11
22657,18
22658,16
22659,13
22660,18
22661,11
22662,16
22663,15
22664,15
22665,9
22666,14
22667,10
22668,16
22669,14
22670,9
22671,17
22672,15
22673,17
22674,21
22675,18
22676,22
22677,30
22678,33
22679,33
22680,55
22681,69
22682,77
22683,64
22684,61
22685,50
22686,48
22687,54
22688,60
22689,77
22690,93
22691,74
22692,76
22693,81
22694,54
22695,38
22696,42
22697,46
22698,50
22699,51
22700,51
22701,49
22702,33
22703,31
22704,31
22705,28
22706,23
22707,30
22708,28
22709,29
22710,39
22711,36
22712,36
22713,30
22714,19
22715,16
22716,18
22717,18
22718,17
22719,6
22720,22
22721,15
22722,24
22723,20
22724,24
22725,31
22726,25
22727,44
22728,29
22729,32
22730,43
22731,54
22732,46
22733,47
22734,44
22735,52
22736,53
22737,49
22738,51
22739,56
22740,53
22741,28
22742,22
22743,29
22744,39
22745,29
22746,23
22747,24
22748,53
22749,69
22750,69
22751,84
22752,79
22753,73
22754,67
22755,74
22756,82
22757,83
22758,95
22759,95
22760,82
22761,85
22762,81
22763,78
22764,73
22765,61
22766,63
22767,55
22768,50
22769,46
22770,46
22771,47
22772,44
22773,37
22774,44
22775,38
22776,45
22777,57
22778,52
22779,59
22780,67
22781,67
22782,75
22783,73
22784,79
22785,74
22786,67
22787,56
22788,66
22789,63
22790,67
22791,63
22792,58
22793,57
22794,55
22795,61
22796,68
22797,73
22798,85
22799,79
22800,89
22801,89
22802,88
22803,101
22804,106
22805,119
22806,116
22807,127
22808,136
22809,120
22810,109
22811,106
22812,84
22813,75
22814,80
22815,76
22816,79
22817,33
22818,25
22819,25
22820,29
22821,28
22822,35
22823,37
22824,33
22825,31
22826,43
22827,37
22828,21
22829,15
22830,10
22831,21
22832,23
22833,40
22834,46
22835,49
22836,52
22837,46
22838,45
22839,48
22840,52
22841,56
22842,57
22843,39
22844,32
22845,38
22846,38
22847,34
22848,41
22849,37
22850,43
22851,53
22852,57
22853,72
22854,85
22855,89
22856,94
22857,100
22858,116
22859,120
22860,108
22861,89
22862,70
22863,55
22864,55
22865,58
22866,52
22867,60
22868,72
22869,97
22870,97
22871,94
22872,76
22873,85
22874,93
22875,89
22876,105
22877,108
22878,114
22879,116
22880,118
22881,112
22882,124
22883,136
22884,137
22885,138
22886,127
22887,88
22888,79
22889,67
22890,66
22891,64
22892,63
22893,62
22894,61
22895,60
22896,58
22897,57
22898,56
22899,54
22900,53
22901,52
22902,51
22903,49
22904,48
22905,47
22906,46
22907,44
22908,43
22909,42
22910,41
22911,39
22912,38
22913,37
22914,36
22915,34
22916,33
22917,32
22918,31
22919,29
22920,28
22921,27
22922,26
22923,24
22924,23
22925,22
22926,20
22927,19
22928,18
22929,17
22930,16
22931,14
22932,13
22933,13
22934,13
22935,14
22936,14
22937,15
22938,21
22939,26
22940,32
22941,33
22942,38
22943,46
22944,47
22945,48
22946,50
22947,67
22948,71
22949,72
22950,68
22951,66
22952,71
22953,73
22954,84
22955,104
22956,76
22957,47
22958,42
22959,27
22960,37
22961,42
22962,52
22963,50
22964,27
22965,31
22966,33
22967,42
22968,40
22969,48
22970,57
22971,59
22972,68
22973,69
22974,67
22975,73
22976,71
22977,70
22978,72
22979,63
22980,59
22981,45
22982,26
22983,14
22984,16
22985,25
22986,20
22987,23
22988,31
22989,45
22990,80
22991,67
22992,89
22993,91
22994,90
22995,96
22996,88
22997,86
22998,65
22999,83
23000,97
23001,108
23002,96
23003,102
23004,78
23005,60
23006,52
23007,53
23008,49
23009,45
23010,41
23011,64
23012,67
23013,64
23014,53
23015,73
23016,77
23017,70
23018,67
23019,64
23020,77
23021,78
23022,96
23023,112
23024,119
23025,123
23026,129
23027,143
23028,146
23029,146
23030,139
23031,118
23032,124
23033,130
23034,144
23035,147
23036,161
23037,148
23038,145
23039,166
23040,185
23041,206
23042,192
23043,202
23044,198
23045,186
23046,153
23047,140
23048,153
23049,182
23050,182
23051,190
23052,188
23053,185
23054,182
23055,180
23056,178
23057,175
23058,172
23059,170
23060,168
23061,165
23062,163
23063,160
23064,158
23065,155
23066,153
23067,150
23068,148
23069,145
23070,143
23071,140
23072,138
23073,135
23074,133
23075,130
23076,128
23077,125
23078,123
23079,120
23080,118
23081,115
23082,113
23083,110
23084,108
23085,105
23086,103
23087,100
23088,98
23089,95
23090,93
23091,90
23092,88
23093,85
23094,83
23095,80
23096,78
23097,75
23098,73
23099,70
23100,68
23101,65
23102,63
23103,60
23104,58
23105,55
23106,53
23107,50
23108,48
23109,45
23110,43
23111,40
23112,38
23113,35
23114,33
23115,30
23116,28
23117,25
23118,23
23119,20
23120,18
23121,16
23122,13
23123,10
23124,8
23125,6
23126,3
23127,5
23128,8
23129,8
23130,12
23131,5
23132,20
23133,23
23134,28
23135,25
23136,29
23137,36
23138,42
23139,24
23140,10
23141,9
23142,13
23143,15
23144,21
23145,21
23146,13
23147,13
23148,9
23149,6
23150,8
23151,11
23152,17
23153,22
23154,24
23155,22
23156,23
23157,17
23158,29
23159,35
23160,36
23161,40
23162,47
23163,63
23164,67
23165,81
23166,87
23167,82
23168,84
23169,91
23170,98
23171,100
23172,105
23173,110
23174,97
23175,88
23176,70
23177,65
23178,77
23179,76
23180,69
23181,65
23182,66
23183,62
23184,63
23185,66
23186,71
23187,73
23188,81
23189,88
23190,101
23191,110
23192,110
23193,124
23194,143
23195,156
23196,125
23197,65
23198,66
23199,62
23200,59
23201,52
23202,56
23203,50
23204,59
23205,71
23206,80
23207,84
23208,103
23209,90
23210,104
23211,104
23212,102
23213,108
23214,117
23215,143
23216,143
23217,149
23218,146
23219,154
23220,151
23221,149
23222,126
23223,128
23224,120
23225,118
23226,117
23227,123
23228,131
23229,127
23230,121
23231,113
23232,114
23233,120
23234,133
23235,140
23236,151
23237,178
23238,174
23239,180
23240,185
23241,180
23242,169
23243,153
23244,158
23245,160
23246,161
23247,159
23248,146
23249,145
23250,156
23251,166
23252,172
23253,149
23254,140
23255,134
23256,128
23257,125
23258,102
23259,93
23260,93
23261,93
23262,71
23263,74
23264,81
23265,80
23266,73
23267,56
23268,48
23269,46
23270,47
23271,48
23272,44
23273,62
23274,59
23275,56
23276,56
23277,43
23278,49
23279,54
23280,55
23281,68
23282,64
23283,68
23284,72
23285,80
23286,83
23287,83
23288,83
23289,92
23290,83
23291,76
23292,88
23293,80
23294,78
23295,64
23296,57
23297,55
23298,56
23299,75
23300,105
23301,115
23302,118
23303,128
23304,145
23305,154
23306,157
23307,161
23308,143
23309,153
23310,149
23311,115
23312,64
23313,61
23314,42
23315,41
23316,35
23317,29
23318,26
23319,29
23320,24
23321,38
23322,63
23323,115
23324,123
23325,160
23326,175
23327,205
23328,229
23329,245
23330,260
23331,268
23332,266
23333,281
23334,286
23335,301
23336,302
23337,277
23338,252
23339,242
23340,231
23341,232
23342,239
23343,233
23344,197
23345,195
23346,170
23347,176
23348,213
23349,224
23350,229
23351,215
23352,204
23353,194
23354,188
23355,197
23356,206
23357,207
23358,212
23359,232
23360,240
23361,245
23362,242
23363,230
23364,179
23365,159
23366,142
23367,142
23368,145
23369,135
23370,143
23371,150
23372,166
23373,160
23374,169
23375,180
23376,188
23377,196
23378,205
23379,196
23380,192
23381,183
23382,186
23383,203
23384,204
23385,206
23386,202
23387,207
23388,179
23389,173
23390,166
23391,141
23392,114
23393,124
23394,126
23395,110
23396,113
23397,111
23398,106
23399,106
23400,108
23401,109
23402,103
23403,124
23404,127
23405,123
23406,10
23407,7
23408,6
23409,5
23410,8
23411,9
23412,9
23413,10
23414,13
23415,14
23416,12
23417,13
23418,16
23419,15
23420,17
23421,18
23422,16
23423,18
23424,13
23425,7
23426,5
23427,6
23428,5
23429,5
23430,6
23431,6
23432,8
23433,13
23434,17
23435,11
23436,9
23437,10
23438,12
23439,11
23440,10
23441,11
23442,12
23443,13
23444,11
23445,8
23446,9
23447,11
23448,11
23449,10
23450,12
23451,14
23452,8
23453,9
23454,12
23455,10
23456,17
23457,12
23458,15
23459,6
23460,7
23461,7
23462,9
23463,12
23464,13
23465,9
23466,10
23467,15
23468,19
23469,15
23470,24
23471,26
23472,27
23473,34
23474,37
23475,30
23476,30
23477,31
23478,25
23479,21
23480,21
23481,19
23482,24
23483,22
23484,21
23485,31
23486,50
23487,50
23488,35
23489,52
23490,34
23491,25
23492,29
23493,37
23494,41
23495,42
23496,34
23497,39
23498,40
23499,47
23500,55
23501,58
23502,62
23503,74
23504,72
23505,70
23506,63
23507,67
23508,84
23509,90
23510,101
23511,97
23512,98
23513,86
23514,98
23515,126
23516,142
23517,150
23518,154
23519,152
23520,144
23521,143
23522,141
23523,151
23524,140
23525,139
23526,135
23527,135
23528,134
23529,134
23530,129
23531,115
23532,99
23533,81
23534,60
23535,50
23536,38
23537,29
23538,32
23539,27
23540,23
23541,26
23542,33
23543,31
23544,31
23545,44
23546,53
23547,47
23548,40
23549,42
23550,50
23551,43
23552,40
23553,34
23554,35
23555,39
23556,36
23557,34
23558,40
23559,48
23560,52
23561,60
23562,64
23563,60
23564,58
23565,61
23566,61
23567,69
23568,73
23569,84
23570,80
23571,87
23572,95
23573,113
23574,124
23575,132
23576,125
23577,130
23578,145
23579,153
23580,138
23581,133
23582,134
23583,103
23584,87
23585,93
23586,85
23587,80
23588,90
23589,90
23590,106
23591,118
23592,126
23593,126
23594,129
23595,129
23596,145
23597,143
23598,145
23599,160
23600,159
23601,173
23602,180
23603,179
23604,176
23605,161
23606,149
23607,134
23608,116
23609,106
23610,99
23611,91
23612,78
23613,80
23614,86
23615,96
23616,109
23617,108
23618,116
23619,123
23620,133
23621,121
23622,115
23623,123
23624,134
23625,160
23626,138
23627,150
23628,174
23629,132
23630,92
23631,79
23632,78
23633,83
23634,78
23635,75
23636,92
23637,99
23638,88
23639,34
23640,48
23641,62
23642,64
23643,68
23644,70
23645,37
23646,6
23647,6
23648,7
23649,10
23650,6
23651,7
23652,7
23653,5
23654,9
23655,7
23656,7
23657,10
23658,9
23659,16
23660,13
23661,14
23662,21
23663,16
23664,14
23665,10
23666,6
23667,11
23668,10
23669,13
23670,16
23671,20
23672,30
23673,27
23674,16
23675,15
23676,10
23677,10
23678,13
23679,13
23680,15
23681,15
23682,17
23683,17
23684,10
23685,16
23686,14
23687,15
23688,12
23689,11
23690,13
23691,15
23692,14
23693,26
23694,24
23695,20
23696,17
23697,20
23698,25
23699,14
23700,12
23701,12
23702,8
23703,6
23704,7
23705,10
23706,8
23707,7
23708,27
23709,25
23710,28
23711,29
23712,30
23713,23
23714,53
23715,70
23716,56
23717,28
23718,20
23719,24
23720,20
23721,24
23722,29
23723,29
23724,24
23725,26
23726,26
23727,29
23728,32
23729,26
23730,26
23731,24
23732,28
23733,37
23734,43
23735,45
23736,52
23737,68
23738,77
23739,79
23740,78
23741,77
23742,59
23743,41
23744,45
23745,43
23746,47
23747,57
23748,69
23749,66
23750,62
23751,66
23752,41
23753,43
23754,37
23755,42
23756,46
23757,45
23758,47
23759,42
23760,58
23761,64
23762,81
23763,61
23764,60
23765,47
23766,40
23767,55
23768,50
23769,46
23770,33
23771,33
23772,32
23773,23
23774,15
23775,16
23776,15
23777,16
23778,18
23779,23
23780,40
23781,49
23782,61
23783,66
23784,74
23785,59
23786,77
23787,69
23788,36
23789,38
23790,43
23791,45
23792,31
23793,27
23794,28
23795,33
23796,29
23797,31
23798,23
23799,8
23800,7
23801,11
23802,13
23803,16
23804,29
23805,33
23806,34
23807,34
23808,33
23809,29
23810,32
23811,46
23812,62
23813,36
23814,27
23815,19
23816,31
23817,27
23818,25
23819,26
23820,26
23821,22
23822,17
23823,20
23824,30
23825,58
23826,66
23827,77
23828,89
23829,93
23830,124
23831,125
23832,136
23833,159
23834,165
23835,134
23836,129
23837,116
23838,69
23839,65
23840,57
23841,65
23842,71
23843,102
23844,128
23845,130
23846,137
23847,123
23848,96
23849,94
23850,108
23851,96
23852,101
23853,124
23854,127
23855,146
23856,156
23857,166
23858,174
23859,166
23860,168
23861,170
23862,174
23863,183
23864,188
23865,205
23866,193
23867,226
23868,231
23869,238
23870,196
23871,183
23872,97
23873,101
23874,92
23875,109
23876,134
23877,92
23878,71
23879,56
23880,50
23881,50
23882,50
23883,54
23884,54
23885,53
23886,136
23887,164
23888,169
23889,157
23890,154
23891,180
23892,146
23893,121
23894,116
23895,107
23896,96
23897,78
23898,70
23899,75
23900,82
23901,89
23902,97
23903,127
23904,129
23905,128
23906,137
23907,129
23908,91
23909,131
23910,143
23911,125
23912,98
23913,90
23914,88
23915,85
23916,94
23917,91
23918,93
23919,95
23920,83
23921,83
23922,82
23923,104
23924,119
23925,121
23926,159
23927,128
23928,101
23929,58
23930,58
23931,71
23932,52
23933,40
23934,32
23935,32
23936,34
23937,40
23938,53
23939,56
23940,61
23941,79
23942,99
23943,96
23944,101
23945,93
23946,81
23947,84
23948,76
23949,72
23950,63
23951,49
23952,47
23953,46
23954,55
23955,58
23956,59
23957,68
23958,68
23959,81
23960,83
23961,82
23962,89
23963,87
23964,88
23965,88
23966,109
23967,99
23968,110
23969,96
23970,51
23971,19
23972,23
23973,15
23974,12
23975,13
23976,13
23977,18
23978,26
23979,25
23980,19
23981,19
23982,19
23983,19
23984,18
23985,27
23986,30
23987,32
23988,31
23989,27
23990,17
23991,11
23992,11
23993,9
23994,9
23995,14
23996,31
23997,41
23998,59
23999,55
24000,56
24001,49
24002,51
24003,90
24004,72
24005,57
24006,50
24007,49
24008,47
24009,62
24010,95
24011,92
24012,88
24013,85
24014,82
24015,10
24016,10
24017,8
24018,5
24019,8
24020,16
24021,24
24022,9
24023,9
24024,7
24025,3
24026,3
24027,3
24028,2
24029,5
24030,4
24031,2
24032,2
24033,4
24034,3
24035,0
24036,4
24037,4
24038,5
24039,2
24040,0
24041,1
24042,1
24043,2
24044,3
24045,5
24046,5
24047,5
24048,3
24049,2
24050,7
24051,8
24052,7
24053,10
24054,6
24055,6
24056,5
24057,9
24058,14
24059,7
24060,2
24061,5
24062,7
24063,6
24064,4
24065,5
24066,5
24067,12
24068,21
24069,30
24070,62
24071,53
24072,48
24073,21
24074,4
24075,2
24076,1
24077,19
24078,22
24079,17
24080,29
24081,12
24082,17
24083,11
24084,8
24085,11
24086,9
24087,6
24088,4
24089,3
24090,4
24091,8
24092,25
24093,32
24094,29
24095,29
24096,28
24097,41
24098,60
24099,65
24100,64
24101,59
24102,31
24103,23
24104,28
24105,25
24106,22
24107,26
24108,23
24109,25
24110,32
24111,37
24112,37
24113,42
24114,51
24115,59
24116,72
24117,92
24118,104
24119,104
24120,108
24121,97
24122,100
24123,108
24124,115
24125,103
24126,79
24127,70
24128,63
24129,72
24130,87
24131,142
24132,140
24133,145
24134,145
24135,164
24136,169
24137,162
24138,165
24139,181
24140,202
24141,244
24142,248
24143,274
24144,289
24145,269
24146,259
24147,259
24148,256
24149,252
24150,235
24151,24
24152,16
24153,13
24154,11
24155,10
24156,9
24157,10
24158,8
24159,9
24160,12
24161,9
24162,10
24163,15
24164,20
24165,16
24166,17
24167,10
24168,8
24169,9
24170,10
24171,8
24172,8
24173,7
24174,11
24175,11
24176,13
24177,13
24178,13
24179,13
24180,10
24181,8
24182,11
24183,12
24184,13
24185,13
24186,19
24187,19
24188,16
24189,19
24190,16
24191,16
24192,19
24193,27
24194,37
24195,20
24196,17
24197,16
24198,19
24199,17
24200,27
24201,24
24202,30
24203,19
24204,23
24205,18
24206,14
24207,16
24208,16
24209,23
24210,43
24211,48
24212,68
24213,90
24214,126
24215,151
24216,161
24217,189
24218,196
24219,193
24220,173
24221,171
24222,147
24223,95
24224,77
24225,68
24226,61
24227,43
24228,28
24229,36
24230,28
24231,29
24232,28
24233,20
24234,37
24235,80
24236,109
24237,110
24238,114
24239,131
24240,138
24241,145
24242,151
24243,144
24244,130
24245,129
24246,136
24247,95
24248,89
24249,67
24250,76
24251,85
24252,89
24253,110
24254,137
24255,167
24256,147
24257,108
24258,104
24259,112
24260,122
24261,149
24262,170
24263,176
24264,189
24265,189
24266,194
24267,207
24268,220
24269,259
24270,262
24271,235
24272,215
24273,206
24274,206
24275,203
24276,209
24277,220
24278,237
24279,264
24280,263
24281,227
24282,235
24283,276
24284,308
24285,338
24286,343
24287,347
24288,398
24289,446
24290,436
24291,407
24292,390
24293,331
24294,239
24295,161
24296,145
24297,160
24298,128
24299,25
24300,14
24301,9
24302,11
24303,11
24304,9
24305,11
24306,9
24307,6
24308,10
24309,10
24310,8
24311,8
24312,5
24313,2
24314,9
24315,7
24316,9
24317,7
24318,12
24319,12
24320,9
24321,26
24322,20
24323,12
24324,14
24325,10
24326,8
24327,5
24328,5
24329,5
24330,10
24331,15
24332,19
24333,26
24334,43
24335,51
24336,63
24337,80
24338,111
24339,134
24340,133
24341,103
24342,98
24343,84
24344,73
24345,82
24346,90
24347,114
24348,194
24349,185
24350,139
24351,130
24352,131
24353,113
24354,121
24355,118
24356,131
24357,158
24358,168
24359,176
24360,191
24361,177
24362,146
24363,143
24364,134
24365,177
24366,182
24367,173
24368,145
24369,125
24370,123
24371,146
24372,152
24373,137
24374,132
24375,143
24376,143
24377,149
24378,156
24379,172
24380,194
24381,214
24382,243
24383,248
24384,269
24385,256
24386,220
24387,167
24388,30
24389,10
24390,7
24391,8
24392,9
24393,10
24394,9
24395,10
24396,8
24397,11
24398,8
24399,6
24400,17
24401,11
24402,9
24403,11
24404,13
24405,51
24406,59
24407,55
24408,45
24409,58
24410,62
24411,41
24412,35
24413,29
24414,21
24415,24
24416,21
24417,9
24418,11
24419,18
24420,14
24421,13
24422,22
24423,34
24424,33
24425,29
24426,32
24427,34
24428,56
24429,77
24430,93
24431,105
24432,109
24433,123
24434,122
24435,131
24436,133
24437,123
24438,99
24439,98
24440,82
24441,79
24442,77
24443,80
24444,87
24445,88
24446,98
24447,97
24448,102
24449,103
24450,101
24451,99
24452,116
24453,113
24454,113
24455,111
24456,99
24457,96
24458,95
24459,91
24460,94
24461,88
24462,89
24463,83
24464,71
24465,77
24466,58
24467,19
24468,14
24469,20
24470,25
24471,12
24472,7
24473,7
24474,7
24475,9
24476,11
24477,14
24478,11
24479,8
24480,6
24481,7
24482,8
24483,6
24484,4
24485,5
24486,6
24487,13
24488,15
24489,17
24490,22
24491,23
24492,16
24493,16
24494,17
24495,11
24496,14
24497,13
24498,19
24499,29
24500,45
24501,55
24502,55
24503,59
24504,70
24505,82
24506,85
24507,90
24508,82
24509,90
24510,90
24511,71
24512,56
24513,34
24514,38
24515,47
24516,46
24517,39
24518,27
24519,17
24520,16
24521,18
24522,27
24523,37
24524,48
24525,75
24526,102
24527,110
24528,115
24529,142
24530,130
24531,129
24532,87
24533,78
24534,68
24535,47
24536,60
24537,65
24538,88
24539,119
24540,156
24541,189
24542,185
24543,187
24544,209
24545,206
24546,219
24547,230
24548,271
24549,277
24550,303
24551,334
24552,285
24553,324
24554,308
24555,285
24556,245
24557,233
24558,214
24559,213
24560,222
24561,219
24562,215
24563,215
24564,214
24565,220
24566,176
24567,117
24568,154
24569,176
24570,199
24571,273
24572,341
24573,311
24574,151
24575,56
24576,42
24577,40
24578,43
24579,48
24580,60
24581,66
24582,55
24583,53
24584,48
24585,56
24586,53
24587,54
24588,56
24589,57
24590,56
24591,49
24592,49
24593,44
24594,43
24595,37
24596,40
24597,38
24598,37
24599,39
24600,41
24601,41
24602,43
24603,36
24604,33
24605,33
24606,39
24607,16
24608,12
24609,11
24610,14
24611,10
24612,8
24613,14
24614,9
24615,11
24616,15
24617,10
24618,11
24619,15
24620,32
24621,49
24622,69
24623,58
24624,42
24625,36
24626,34
24627,48
24628,71
24629,87
24630,73
24631,54
24632,33
24633,34
24634,46
24635,50
24636,49
24637,56
24638,59
24639,60
24640,64
24641,69
24642,41
24643,57
24644,83
24645,125
24646,162
24647,167
24648,185
24649,177
24650,154
24651,154
24652,149
24653,132
24654,129
24655,108
24656,123
24657,119
24658,88
24659,77
24660,82
24661,78
24662,52
24663,42
24664,24
24665,31
24666,94
24667,116
24668,120
24669,137
24670,129
24671,122
24672,174
24673,174
24674,178
24675,202
24676,191
24677,89
24678,42
24679,35
24680,50
24681,55
24682,33
24683,67
24684,131
24685,164
24686,230
24687,275
24688,236
24689,220
24690,252
24691,331
24692,338
24693,338
24694,367
24695,301
24696,293
24697,293
24698,249
24699,226
24700,235
24701,237
24702,259
24703,248
24704,240
24705,253
24706,271
24707,283
24708,283
24709,288
24710,288
24711,293
24712,293
24713,296
24714,308
24715,317
24716,329
24717,313
24718,307
24719,309
24720,299
24721,304
24722,297
24723,281
24724,272
24725,275
24726,260
24727,246
24728,241
24729,239
24730,250
24731,248
24732,222
24733,232
24734,166
24735,105
24736,34
24737,27
24738,20
24739,15
24740,20
24741,19
24742,6
24743,12
24744,11
24745,11
24746,7
24747,13
24748,7
24749,11
24750,13
24751,13
24752,13
24753,20
24754,18
24755,9
24756,8
24757,11
24758,16
24759,23
24760,27
24761,26
24762,38
24763,52
24764,57
24765,54
24766,57
24767,46
24768,41
24769,40
24770,39
24771,41
24772,42
24773,43
24774,48
24775,53
24776,55
24777,58
24778,58
24779,68
24780,80
24781,67
24782,65
24783,66
24784,53
24785,9
24786,10
24787,11
24788,11
24789,10
24790,9
24791,8
24792,9
24793,8
24794,11
24795,11
24796,10
24797,12
24798,16
24799,17
24800,25
24801,29
24802,27
24803,24
24804,20
24805,15
24806,49
24807,37
24808,48
24809,40
24810,48
24811,62
24812,68
24813,88
24814,57
24815,10
24816,8
24817,7
24818,5
24819,6
24820,10
24821,13
24822,11
24823,16
24824,28
24825,34
24826,15
24827,16
24828,11
24829,10
24830,12
24831,11
24832,10
24833,13
24834,11
24835,38
24836,65
24837,79
24838,78
24839,76
24840,91
24841,124
24842,135
24843,121
24844,102
24845,78
24846,70
24847,49
24848,26
24849,45
24850,57
24851,99
24852,85
24853,77
24854,93
24855,81
24856,64
24857,77
24858,82
24859,90
24860,115
24861,130
24862,134
24863,173
24864,172
24865,157
24866,141
24867,124
24868,124
24869,126
24870,136
24871,139
24872,144
24873,148
24874,141
24875,123
24876,134
24877,147
24878,170
24879,175
24880,181
24881,164
24882,176
24883,190
24884,204
24885,196
24886,214
24887,208
24888,209
24889,228
24890,212
24891,206
24892,199
24893,210
24894,194
24895,196
24896,194
24897,194
24898,192
24899,199
24900,205
24901,208
24902,207
24903,190
24904,162
24905,156
24906,154
24907,14
24908,12
24909,9
24910,10
24911,7
24912,12
24913,14
24914,11
24915,10
24916,7
24917,6
24918,8
24919,8
24920,11
24921,14
24922,15
24923,27
24924,22
24925,27
24926,29
24927,27
24928,26
24929,23
24930,25
24931,25
24932,30
24933,27
24934,29
24935,22
24936,22
24937,25
24938,21
24939,17
24940,17
24941,15
24942,14
24943,19
24944,16
24945,19
24946,22
24947,26
24948,24
24949,28
24950,34
24951,27
24952,33
24953,36
24954,34
24955,36
24956,36
24957,38
24958,40
24959,32
24960,38
24961,39
24962,42
24963,48
24964,54
24965,51
24966,50
24967,49
24968,54
24969,68
24970,66
24971,65
24972,71
24973,80
24974,77
24975,89
24976,106
24977,106
24978,114
24979,109
24980,102
24981,116
24982,138
24983,135
24984,114
24985,99
24986,114
24987,132
24988,106
24989,82
24990,88
24991,93
24992,91
24993,95
24994,87
24995,85
24996,65
24997,48
24998,49
24999,31
25000,32
25001,40
25002,32
25003,31
25004,39
25005,43
25006,50
25007,43
25008,44
25009,40
25010,35
25011,32
25012,27
25013,24
25014,40
25015,42
25016,38
25017,28
25018,27
25019,38
25020,51
25021,42
25022,29
25023,50
25024,60
25025,60
25026,61
25027,69
25028,79
25029,94
25030,102
25031,106
25032,102
25033,119
25034,114
25035,135
25036,116
25037,107
25038,96
25039,98
25040,104
25041,118
25042,134
25043,128
25044,103
25045,91
25046,95
25047,71
25048,71
25049,44
25050,62
25051,67
25052,105
25053,116
25054,143
25055,160
25056,127
25057,132
25058,116
25059,160
25060,122
25061,122
25062,130
25063,108
25064,112
25065,121
25066,110
25067,108
25068,83
25069,72
25070,62
25071,57
25072,46
25073,48
25074,31
25075,26
25076,22
25077,19
25078,17
25079,12
25080,12
25081,10
25082,12
25083,10
25084,7
25085,9
25086,11
25087,11
25088,11
25089,9
25090,11
25091,12
25092,17
25093,13
25094,17
25095,15
25096,15
25097,13
25098,12
25099,14
25100,11
25101,9
25102,10
25103,11
25104,13
25105,10
25106,12
25107,12
25108,13
25109,12
25110,13
25111,10
25112,14
25113,25
25114,22
25115,18
25116,26
25117,26
25118,26
25119,24
25120,26
25121,22
25122,23
25123,34
25124,43
25125,45
25126,35
25127,8
25128,6
25129,9
25130,12
25131,11
25132,8
25133,14
25134,10
25135,7
25136,7
25137,10
25138,14
25139,17
25140,15
25141,14
25142,11
25143,12
25144,12
25145,8
25146,7
25147,15
25148,11
25149,18
25150,23
25151,24
25152,24
25153,17
25154,17
25155,17
25156,14
25157,12
25158,13
25159,16
25160,15
25161,23
25162,26
25163,25
25164,31
25165,27
25166,18
25167,18
25168,26
25169,19
25170,32
25171,36
25172,49
25173,55
25174,81
25175,130
25176,144
25177,144
25178,117
25179,162
25180,200
25181,171
25182,145
25183,102
25184,85
25185,103
25186,83
25187,112
25188,146
25189,183
25190,191
25191,225
25192,227
25193,145
25194,125
25195,130
25196,122
25197,113
25198,130
25199,137
25200,137
25201,129
25202,126
25203,136
25204,159
25205,159
25206,180
25207,175
25208,170
25209,171
25210,176
25211,206
25212,252
25213,263
25214,256
25215,182
25216,10
25217,13
25218,17
25219,20
25220,25
25221,20
25222,19
25223,23
25224,18
25225,17
25226,20
25227,28
25228,27
25229,35
25230,38
25231,56
25232,57
25233,75
25234,70
25235,50
25236,51
25237,58
25238,56
25239,62
25240,64
25241,72
25242,69
25243,66
25244,57
25245,93
25246,114
25247,135
25248,157
25249,179
25250,171
25251,180
25252,189
25253,219
25254,174
25255,154
25256,167
25257,164
25258,168
25259,179
25260,164
25261,170
25262,157
25263,156
25264,156
25265,153
25266,152
25267,17
25268,13
25269,11
25270,12
25271,8
25272,7
25273,11
25274,7
25275,9
25276,10
25277,6
25278,12
25279,13
25280,14
25281,22
25282,27
25283,20
25284,22
25285,24
25286,23
25287,22
25288,31
25289,36
25290,36
25291,51
25292,67
25293,66
25294,66
25295,66
25296,65
25297,65
25298,64
25299,64
25300,63
25301,63
25302,62
25303,62
25304,61
25305,61
25306,60
25307,60
25308,59
25309,59
25310,58
25311,58
25312,58
25313,57
25314,87
25315,110
25316,132
25317,159
25318,134
25319,141
25320,153
25321,149
25322,163
25323,164
25324,248
25325,334
25326,370
25327,331
25328,293
25329,305
25330,285
25331,280
25332,235
25333,164
25334,183
25335,196
25336,218
25337,237
25338,249
25339,269
25340,277
25341,286
25342,308
25343,338
25344,350
25345,404
25346,410
25347,418
25348,431
25349,359
25350,318
25351,335
25352,236
25353,226
25354,226
25355,190
25356,84
25357,33
25358,38
25359,28
25360,23
25361,19
25362,13
25363,16
25364,13
25365,11
25366,6
25367,6
25368,11
25369,15
25370,16
25371,15
25372,15
25373,12
25374,14
25375,10
25376,21
25377,25
25378,27
25379,23
25380,27
25381,30
25382,29
25383,39
25384,43
25385,44
25386,49
25387,78
25388,85
25389,94
25390,105
25391,100
25392,95
25393,106
25394,116
25395,123
25396,131
25397,155
25398,162
25399,177
25400,148
25401,121
25402,109
25403,90
25404,84
25405,72
25406,83
25407,121
25408,141
25409,118
25410,158
25411,202
25412,204
25413,221
25414,209
25415,246
25416,315
25417,326
25418,358
25419,445
25420,413
25421,345
25422,329
25423,290
25424,248
25425,284
25426,247
25427,246
25428,109
25429,33
25430,20
25431,14
25432,11
25433,8
25434,9
25435,17
25436,20
25437,17
25438,13
25439,22
25440,32
25441,23
25442,11
25443,19
25444,19
25445,16
25446,13
25447,15
25448,15
25449,14
25450,17
25451,16
25452,11
25453,20
25454,17
25455,16
25456,23
25457,28
25458,34
25459,39
25460,34
25461,44
25462,54
25463,69
25464,90
25465,98
25466,120
25467,129
25468,130
25469,142
25470,171
25471,182
25472,184
25473,179
25474,169
25475,181
25476,204
25477,234
25478,230
25479,253
25480,244
25481,241
25482,245
25483,247
25484,276
25485,285
25486,161
25487,68
25488,73
25489,63
25490,63
25491,53
25492,37
25493,14
25494,11
25495,9
25496,9
25497,10
25498,13
25499,23
25500,16
25501,10
25502,11
25503,11
25504,13
25505,12
25506,19
25507,13
25508,18
25509,23
25510,24
25511,36
25512,43
25513,44
25514,45
25515,65
25516,145
25517,131
25518,99
25519,37
25520,97
25521,76
25522,72
25523,58
25524,40
25525,38
25526,40
25527,42
25528,41
25529,46
25530,49
25531,59
25532,80
25533,71
25534,81
25535,79
25536,122
25537,167
25538,152
25539,78
25540,42
25541,31
25542,24
25543,17
25544,13
25545,23
25546,11
25547,21
25548,18
25549,14
25550,16
25551,12
25552,9
25553,16
25554,14
25555,32
25556,19
25557,20
25558,25
25559,45
25560,51
25561,41
25562,46
25563,37
25564,48
25565,43
25566,77
25567,53
25568,57
25569,78
25570,84
25571,101
25572,117
25573,118
25574,107
25575,90
25576,78
25577,76
25578,79
25579,93
25580,97
25581,97
25582,105
25583,112
25584,119
25585,128
25586,129
25587,132
25588,151
25589,163
25590,166
25591,155
25592,185
25593,192
25594,232
25595,253
25596,292
25597,294
25598,266
25599,289
25600,305
25601,332
25602,316
25603,263
25604,277
25605,282
25606,259
25607,268
25608,313
25609,322
25610,318
25611,327
25612,315
25613,36
25614,9
25615,12
25616,12
25617,12
25618,9
25619,14
25620,15
25621,20
25622,18
25623,16
25624,14
25625,15
25626,11
25627,14
25628,20
25629,23
25630,27
25631,38
25632,40
25633,36
25634,54
25635,61
25636,59
25637,71
25638,102
25639,100
25640,99
25641,82
25642,95
25643,71
25644,91
25645,95
25646,109
25647,113
25648,125
25649,138
25650,128
25651,138
25652,149
25653,123
25654,78
25655,50
25656,39
25657,34
25658,35
25659,22
25660,13
25661,9
25662,9
25663,8
25664,7
25665,9
25666,9
25667,9
25668,11
25669,9
25670,15
25671,12
25672,10
25673,7
25674,9
25675,10
25676,9
25677,14
25678,17
25679,25
25680,29
25681,26
25682,44
25683,43
25684,28
25685,47
25686,49
25687,48
25688,39
25689,41
25690,42
25691,99
25692,83
25693,44
25694,44
25695,37
25696,39
25697,54
25698,78
25699,95
25700,106
25701,155
25702,144
25703,137
25704,158
25705,149
25706,149
25707,114
25708,84
25709,61
25710,51
25711,40
25712,31
25713,36
25714,35
25715,44
25716,44
25717,46
25718,50
25719,95
25720,85
25721,97
25722,102
25723,61
25724,16
25725,18
25726,9
25727,9
25728,10
25729,16
25730,13
25731,9
25732,9
25733,8
25734,7
25735,10
25736,11
25737,14
25738,16
25739,16
25740,14
25741,16
25742,14
25743,17
25744,14
25745,14
25746,13
25747,13
25748,14
25749,15
25750,14
25751,13
25752,16
25753,15
25754,17
25755,13
25756,14
25757,10
25758,13
25759,14
25760,16
25761,15
25762,15
25763,19
25764,17
25765,18
25766,21
25767,20
25768,14
25769,16
25770,21
25771,27
25772,28
25773,43
25774,51
25775,48
25776,35
25777,37
25778,30
25779,22
25780,29
25781,21
25782,27
25783,25
25784,38
25785,59
25786,102
25787,78
25788,68
25789,62
25790,75
25791,82
25792,96
25793,92
25794,80
25795,97
25796,104
25797,122
25798,117
25799,120
25800,129
25801,179
25802,165
25803,200
25804,211
25805,146
25806,107
25807,116
25808,125
25809,148
25810,95
25811,101
25812,73
25813,107
25814,114
25815,115
25816,111
25817,122
25818,167
25819,179
25820,146
25821,146
25822,139
25823,126
25824,151
25825,154
25826,142
25827,140
25828,180
25829,205
25830,200
25831,184
25832,172
25833,149
25834,154
25835,121
25836,187
25837,139
25838,111
25839,110
25840,121
25841,284
25842,277
25843,289
25844,281
25845,277
25846,287
25847,290
25848,259
25849,268
25850,274
25851,281
25852,255
25853,243
25854,247
25855,258
25856,259
25857,235
25858,214
25859,203
25860,187
25861,185
25862,186
25863,196
25864,204
25865,208
25866,203
25867,197
25868,202
25869,206
25870,212
25871,205
25872,217
25873,205
25874,203
25875,199
25876,201
25877,184
25878,175
25879,191
25880,196
25881,200
25882,219
25883,241
25884,240
25885,231
25886,213
25887,210
25888,197
25889,204
25890,195
25891,199
25892,207
25893,211
25894,225
25895,232
25896,221
25897,192
25898,256
25899,222
25900,215
25901,209
25902,227
25903,222
25904,197
25905,186
25906,172
25907,226
25908,324
25909,276
25910,305
25911,322
25912,284
25913,271
25914,260
25915,290
25916,323
25917,348
25918,343
25919,309
25920,299
25921,335
25922,284
25923,262
25924,251
25925,243
25926,218
25927,124
25928,96
25929,91
25930,76
25931,71
25932,76
25933,69
25934,70
25935,72
25936,78
25937,85
25938,94
25939,101
25940,112
25941,115
25942,138
25943,155
25944,141
25945,147
25946,138
25947,86
25948,28
25949,19
25950,20
25951,21
25952,20
25953,17
25954,16
25955,14
25956,13
25957,18
25958,19
25959,16
25960,19
25961,22
25962,20
25963,22
25964,22
25965,17
25966,20
25967,24
25968,23
25969,17
25970,18
25971,22
25972,16
25973,18
25974,17
25975,13
25976,21
25977,17
25978,37
25979,24
25980,31
25981,25
25982,29
25983,24
25984,25
25985,35
25986,53
25987,69
25988,62
25989,78
25990,81
25991,90
25992,85
25993,93
25994,114
25995,124
25996,138
25997,166
25998,176
25999,174
26000,199
26001,172
26002,158
26003,142
26004,152
26005,168
26006,186
26007,203
26008,209
26009,215
26010,236
26011,245
26012,258
26013,290
26014,256
26015,290
26016,241
26017,244
26018,244
26019,240
26020,217
26021,244
26022,267
26023,235
26024,240
26025,244
26026,187
26027,169
26028,175
26029,208
26030,244
26031,251
26032,246
26033,273
26034,308
26035,276
26036,229
26037,218
26038,229
26039,259
26040,314
26041,315
26042,380
26043,355
26044,323
26045,303
26046,289
26047,299
26048,280
26049,180
26050,80
26051,35
26052,29
26053,27
26054,18
26055,29
26056,22
26057,19
26058,20
26059,23
26060,24
26061,19
26062,19
26063,15
26064,21
26065,16
26066,17
26067,21
26068,13
26069,22
26070,21
26071,19
26072,25
26073,31
26074,23
26075,22
26076,25
26077,36
26078,38
26079,32
26080,32
26081,34
26082,33
26083,30
26084,23
26085,24
26086,21
26087,15
26088,12
26089,12
26090,10
26091,15
26092,13
26093,9
26094,12
26095,14
26096,15
26097,16
26098,18
26099,20
26100,21
26101,23
26102,24
26103,26
26104,27
26105,29
26106,30
26107,32
26108,33
26109,35
26110,36
26111,38
26112,39
26113,41
26114,42
26115,44
26116,45
26117,47
26118,48
26119,50
26120,51
26121,53
26122,54
26123,56
26124,57
26125,59
26126,60
26127,62
26128,63
26129,65
26130,66
26131,68
26132,69
26133,71
26134,72
26135,74
26136,75
26137,77
26138,78
26139,80
26140,81
26141,83
26142,84
26143,86
26144,87
26145,89
26146,90
26147,92
26148,93
26149,95
26150,96
26151,98
26152,100
26153,101
26154,102
26155,104
26156,106
26157,107
26158,108
26159,110
26160,112
26161,113
26162,114
26163,116
26164,118
26165,119
26166,121
26167,122
26168,124
26169,125
26170,127
26171,128
26172,130
26173,131
26174,133
26175,134
26176,136
26177,137
26178,139
26179,140
26180,142
26181,143
26182,145
26183,146
26184,148
26185,149
26186,151
26187,152
26188,154
26189,155
26190,157
26191,158
26192,160
26193,161
26194,163
26195,164
26196,166
26197,167
26198,169
26199,170
26200,172
26201,173
26202,175
26203,176
26204,178
26205,179
26206,181
26207,182
26208,184
26209,185
26210,187
26211,188
26212,190
26213,191
26214,193
26215,194
26216,196
26217,198
26218,199
26219,200
26220,202
26221,204
26222,205
26223,215
26224,219
26225,217
26226,270
26227,269
26228,254
26229,241
26230,191
26231,249
26232,288
26233,284
26234,248
26235,164
26236,71
26237,16
26238,15
26239,14
26240,16
26241,16
26242,16
26243,17
26244,17
26245,16
26246,15
26247,13
26248,12
26249,11
26250,8
26251,20
26252,14
26253,18
26254,15
26255,13
26256,12
26257,9
26258,11
26259,11
26260,16
26261,11
26262,11
26263,14
26264,14
26265,18
26266,18
26267,16
26268,17
26269,16
26270,16
26271,17
26272,16
26273,16
26274,13
26275,11
26276,19
26277,19
26278,23
26279,26
26280,82
26281,97
26282,95
26283,131
26284,147
26285,153
26286,109
26287,71
26288,65
26289,56
26290,52
26291,53
26292,51
26293,73
26294,90
26295,87
26296,87
26297,54
26298,78
26299,103
26300,104
26301,131
26302,113
26303,45
26304,39
26305,35
26306,31
26307,32
26308,21
26309,16
26310,15
26311,9
26312,9
26313,7
26314,14
26315,11
26316,9
26317,10
26318,16
26319,17
26320,15
26321,13
26322,16
26323,15
26324,20
26325,17
26326,16
26327,19
26328,13
26329,19
26330,15
26331,19
26332,16
26333,17
26334,17
26335,17
26336,15
26337,13
26338,15
26339,15
26340,16
26341,13
26342,19
26343,20
26344,19
26345,19
26346,25
26347,22
26348,25
26349,20
26350,19
26351,21
26352,27
26353,23
26354,21
26355,20
26356,18
26357,20
26358,20
26359,13
26360,13
26361,17
26362,22
26363,29
26364,26
26365,26
26366,18
26367,20
26368,26
26369,24
26370,18
26371,25
26372,34
26373,37
26374,36
26375,42
26376,40
26377,37
26378,33
26379,35
26380,58
26381,56
26382,62
26383,37
26384,37
26385,41
26386,41
26387,39
26388,48
26389,59
26390,63
26391,74
26392,69
26393,79
26394,89
26395,94
26396,113
26397,132
26398,186
26399,205
26400,204
26401,198
26402,176
26403,111
26404,140
26405,78
26406,30
26407,31
26408,34
26409,29
26410,40
26411,43
26412,43
26413,39
26414,38
26415,37
26416,37
26417,36
26418,41
26419,49
26420,69
26421,86
26422,73
26423,64
26424,72
26425,72
26426,49
26427,48
26428,34
26429,40
26430,39
26431,30
26432,32
26433,41
26434,45
26435,61
26436,50
26437,65
26438,70
26439,78
26440,108
26441,142
26442,193
26443,204
26444,266
26445,335
26446,392
26447,413
26448,339
26449,285
26450,236
26451,173
26452,159
26453,128
26454,99
26455,89
26456,88
26457,84
26458,71
26459,76
26460,78
26461,89
26462,102
26463,113
26464,134
26465,33
26466,133
26467,150
26468,164
26469,194
26470,233
26471,250
26472,299
26473,333
26474,357
26475,390
26476,326
26477,402
26478,365
26479,257
26480,135
26481,159
26482,170
26483,36
26484,19
26485,20
26486,18
26487,19
26488,14
26489,11
26490,16
26491,19
26492,18
26493,21
26494,21
26495,17
26496,19
26497,23
26498,29
26499,22
26500,18
26501,24
26502,22
26503,17
26504,27
26505,44
26506,46
26507,35
26508,48
26509,59
26510,69
26511,72
26512,59
26513,57
26514,67
26515,75
26516,15
26517,38
26518,41
26519,63
26520,234
26521,305
26522,304
26523,303
26524,221
26525,179
26526,162
26527,111
26528,114
26529,81
26530,56
26531,63
26532,79
26533,84
26534,97
26535,111
26536,167
26537,279
26538,395
26539,449
26540,389
26541,421
26542,486
26543,486
26544,488
26545,434
26546,425
26547,418
26548,416
26549,402
26550,429
26551,408
26552,456
26553,434
26554,391
26555,377
26556,377
26557,361
26558,343
26559,356
26560,353
26561,340
26562,146
26563,216
26564,291
26565,325
26566,292
26567,371
26568,369
26569,374
26570,391
26571,442
26572,425
26573,442
26574,287
26575,275
26576,174
26577,278
26578,298
26579,319
26580,383
26581,472
26582,458
26583,529
26584,802
26585,845
26586,810
26587,776
26588,824
26589,886
26590,852
26591,858
26592,805
26593,744
26594,731
26595,722
26596,684
26597,651
26598,673
26599,584
26600,475
26601,341
26602,288
26603,266
26604,236
26605,295
26606,419
26607,371
26608,323
26609,326
26610,325
26611,334
26612,343
26613,333
26614,311
26615,304
26616,301
26617,309
26618,298
26619,362
26620,523
26621,468
26622,447
26623,328
26624,308
26625,358
26626,296
26627,257
26628,291
26629,335
26630,345
26631,307
26632,271
26633,267
26634,277
26635,278
26636,285
26637,282
26638,217
26639,169
26640,68
26641,151
26642,66
26643,58
26644,61
26645,61
26646,71
26647,79
26648,74
26649,71
26650,80
26651,79
26652,69
26653,90
26654,109
26655,120
26656,126
26657,132
26658,134
26659,155
26660,166
26661,183
26662,181
26663,201
26664,227
26665,177
26666,189
26667,132
26668,76
26669,46
26670,38
26671,35
26672,25
26673,82
26674,245
26675,269
26676,240
26677,194
26678,169
26679,53
26680,39
26681,45
26682,61
26683,227
26684,219
26685,193
26686,47
26687,26
26688,28
26689,30
26690,25
26691,24
26692,26
26693,19
26694,35
26695,37
26696,34
26697,33
26698,33
26699,34
26700,38
26701,38
26702,41
26703,37
26704,45
26705,71
26706,92
26707,78
26708,86
26709,107
26710,167
26711,208
26712,226
26713,285
26714,283
26715,214
26716,193
26717,231
26718,213
26719,180
26720,149
26721,86
26722,82
26723,87
26724,94
26725,122
26726,138
26727,138
26728,176
26729,450
26730,372
26731,358
26732,448
26733,485
26734,557
26735,573
26736,603
26737,412
26738,300
26739,312
26740,253
26741,285
26742,277
26743,236
26744,157
26745,237
26746,290
26747,371
26748,353
26749,227
26750,201
26751,98
26752,76
26753,71
26754,73
26755,85
26756,100
26757,115
26758,128
26759,141
26760,72
26761,88
26762,91
26763,69
26764,59
26765,53
26766,57
26767,64
26768,78
26769,87
26770,88
26771,80
26772,84
26773,100
26774,129
26775,128
26776,114
26777,110
26778,122
26779,142
26780,150
26781,138
26782,156
26783,145
26784,169
26785,161
26786,160
26787,156
26788,198
26789,188
26790,176
26791,187
26792,154
26793,179
26794,198
26795,159
26796,164
26797,156
26798,144
26799,104
26800,88
26801,72
26802,93
26803,98
26804,114
26805,184
26806,162
26807,179
26808,131
26809,104
26810,84
26811,88
26812,60
26813,45
26814,38
26815,37
26816,40
26817,52
26818,46
26819,48
26820,55
26821,46
26822,111
26823,127
26824,326
26825,382
26826,352
26827,366
26828,396
26829,398
26830,374
26831,412
26832,437
26833,453
26834,439
26835,439
26836,437
26837,411
26838,424
26839,417
26840,422
26841,394
26842,388
26843,401
26844,402
26845,396
26846,395
26847,392
26848,359
26849,301
26850,273
26851,297
26852,321
26853,336
26854,399
26855,378
26856,398
26857,255
26858,29
26859,17
26860,18
26861,11
26862,16
26863,12
26864,13
26865,14
26866,20
26867,29
26868,32
26869,12
26870,16
26871,17
26872,13
26873,16
26874,14
26875,10
26876,23
26877,30
26878,27
26879,23
26880,27
26881,27
26882,31
26883,47
26884,46
26885,42
26886,47
26887,64
26888,68
26889,48
26890,40
26891,50
26892,55
26893,53
26894,65
26895,71
26896,84
26897,78
26898,73
26899,84
26900,109
26901,130
26902,113
26903,118
26904,124
26905,135
26906,174
26907,161
26908,186
26909,189
26910,169
26911,155
26912,138
26913,126
26914,124
26915,96
26916,94
26917,122
26918,156
26919,198
26920,162
26921,162
26922,172
26923,195
26924,177
26925,174
26926,165
26927,170
26928,179
26929,229
26930,307
26931,347
26932,318
26933,293
26934,258
26935,284
26936,312
26937,310
26938,261
26939,387
26940,340
26941,306
26942,321
26943,322
26944,313
26945,320
26946,288
26947,300
26948,314
26949,317
26950,329
26951,306
26952,318
26953,340
26954,359
26955,362
26956,369
26957,364
26958,364
26959,357
26960,362
26961,369
26962,348
26963,348
26964,357
26965,367
26966,384
26967,394
26968,409
26969,496
26970,490
26971,459
26972,446
26973,444
26974,443
26975,444
26976,510
26977,508
26978,490
26979,472
26980,451
26981,448
26982,487
26983,526
26984,460
26985,438
26986,425
26987,462
26988,493
26989,484
26990,463
26991,476
26992,445
26993,441
26994,436
26995,411
26996,389
26997,357
26998,345
26999,335
27000,322
27001,316
27002,315
27003,304
27004,282
27005,260
27006,266
27007,278
27008,273
27009,275
27010,287
27011,302
27012,299
27013,297
27014,286
27015,297
27016,288
27017,281
27018,251
27019,248
27020,222
27021,199
27022,265
27023,288
27024,296
27025,311
27026,276
27027,259
27028,205
27029,181
27030,213
27031,208
27032,206
27033,183
27034,178
27035,178
27036,169
27037,177
27038,174
27039,172
27040,157
27041,143
27042,147
27043,136
27044,144
27045,146
27046,149
27047,129
27048,111
27049,123
27050,155
27051,134
27052,98
27053,53
27054,26
27055,15
27056,21
27057,29
27058,14
27059,18
27060,20
27061,24
27062,22
27063,19
27064,21
27065,15
27066,16
27067,22
27068,23
27069,27
27070,21
27071,9
27072,14
27073,14
27074,10
27075,9
27076,16
27077,16
27078,15
27079,19
27080,17
27081,38
27082,32
27083,46
27084,50
27085,52
27086,55
27087,51
27088,63
27089,55
27090,57
27091,59
27092,66
27093,81
27094,84
27095,83
27096,90
27097,114
27098,129
27099,150
27100,161
27101,166
27102,191
27103,135
27104,126
27105,126
27106,138
27107,165
27108,181
27109,194
27110,201
27111,202
27112,223
27113,228
27114,227
27115,227
27116,232
27117,219
27118,239
27119,233
27120,225
27121,215
27122,217
27123,100
27124,25
27125,12
27126,16
27127,14
27128,20
27129,12
27130,18
27131,15
27132,18
27133,21
27134,17
27135,19
27136,21
27137,22
27138,27
27139,29
27140,27
27141,31
27142,32
27143,29
27144,65
27145,94
27146,77
27147,60
27148,52
27149,49
27150,50
27151,57
27152,72
27153,85
27154,89
27155,85
27156,80
27157,82
27158,90
27159,89
27160,90
27161,96
27162,99
27163,105
27164,115
27165,128
27166,136
27167,148
27168,152
27169,156
27170,192
27171,214
27172,234
27173,229
27174,212
27175,208
27176,227
27177,220
27178,203
27179,188
27180,11
27181,9
27182,9
27183,9
27184,6
27185,10
27186,8
27187,5
27188,8
27189,9
27190,12
27191,9
27192,9
27193,9
27194,7
27195,7
27196,7
27197,6
27198,9
27199,8
27200,11
27201,11
27202,8
27203,10
27204,10
27205,15
27206,13
27207,11
27208,10
27209,9
27210,12
27211,18
27212,24
27213,18
27214,18
27215,20
27216,27
27217,15
27218,10
27219,12
27220,9
27221,13
27222,11
27223,10
27224,15
27225,19
27226,26
27227,26
27228,15
27229,26
27230,48
27231,64
27232,56
27233,57
27234,66
27235,106
27236,166
27237,174
27238,152
27239,144
27240,115
27241,108
27242,111
27243,111
27244,125
27245,128
27246,156
27247,168
27248,175
27249,172
27250,192
27251,185
27252,184
27253,172
27254,167
27255,155
27256,163
27257,156
27258,161
27259,175
27260,210
27261,282
27262,428
27263,512
27264,167
27265,71
27266,419
27267,209
27268,185
27269,78
27270,23
27271,17
27272,10
27273,17
27274,20
27275,25
27276,20
27277,16
27278,20
27279,14
27280,13
27281,16
27282,16
27283,14
27284,23
27285,31
27286,58
27287,67
27288,70
27289,55
27290,36
27291,21
27292,20
27293,21
27294,17
27295,41
27296,46
27297,23
27298,24
27299,36
27300,43
27301,59
27302,77
27303,93
27304,103
27305,100
27306,87
27307,107
27308,124
27309,121
27310,113
27311,113
27312,75
27313,67
27314,68
27315,78
27316,145
27317,129
27318,132
27319,130
27320,138
27321,133
27322,70
27323,83
27324,38
27325,94
27326,78
27327,101
27328,71
27329,71
27330,115
27331,123
27332,163
27333,162
27334,167
27335,183
27336,190
27337,197
27338,229
27339,246
27340,263
27341,267
27342,282
27343,290
27344,304
27345,307
27346,326
27347,352
27348,341
27349,344
27350,365
27351,348
27352,330
27353,334
27354,320
27355,292
27356,312
27357,296
27358,293
27359,344
27360,384
27361,392
27362,374
27363,208
27364,143
27365,38
27366,15
27367,9
27368,11
27369,13
27370,13
27371,15
27372,12
27373,9
27374,7
27375,9
27376,14
27377,18
27378,16
27379,21
27380,22
27381,54
27382,126
27383,237
27384,197
27385,48
27386,17
27387,12
27388,15
27389,16
27390,17
27391,14
27392,12
27393,16
27394,16
27395,11
27396,26
27397,27
27398,47
27399,75
27400,66
27401,54
27402,59
27403,69
27404,63
27405,57
27406,66
27407,75
27408,77
27409,66
27410,87
27411,96
27412,75
27413,80
27414,78
27415,81
27416,86
27417,112
27418,97
27419,118
27420,121
27421,135
27422,139
27423,144
27424,149
27425,159
27426,167
27427,167
27428,192
27429,208
27430,227
27431,241
27432,259
27433,271
27434,281
27435,296
27436,220
27437,255
27438,253
27439,247
27440,274
27441,276
27442,231
27443,215
27444,167
27445,74
27446,22
27447,14
27448,13
27449,12
27450,11
27451,10
27452,12
27453,20
27454,8
27455,21
27456,26
27457,19
27458,14
27459,14
27460,10
27461,10
27462,11
27463,12
27464,15
27465,13
27466,16
27467,15
27468,18
27469,19
27470,23
27471,34
27472,31
27473,38
27474,41
27475,52
27476,52
27477,46
27478,13
27479,22
27480,9
27481,9
27482,6
27483,5
27484,8
27485,8
27486,12
27487,9
27488,9
27489,11
27490,13
27491,24
27492,14
27493,18
27494,30
27495,31
27496,41
27497,39
27498,42
27499,45
27500,57
27501,62
27502,72
27503,68
27504,90
27505,77
27506,73
27507,73
27508,63
27509,65
27510,81
27511,104
27512,109
27513,140
27514,133
27515,126
27516,129
27517,117
27518,126
27519,107
27520,68
27521,8
27522,12
27523,42
27524,58
27525,67
27526,77
27527,68
27528,76
27529,80
27530,67
27531,66
27532,175
27533,159
27534,147
27535,153
27536,153
27537,162
27538,171
27539,186
27540,191
27541,200
27542,212
27543,222
27544,237
27545,250
27546,264
27547,271
27548,268
27549,278
27550,285
27551,316
27552,332
27553,339
27554,322
27555,321
27556,266
27557,219
27558,222
27559,259
27560,28
27561,8
27562,10
27563,9
27564,10
27565,14
27566,11
27567,10
27568,14
27569,10
27570,9
27571,17
27572,30
27573,31
27574,41
27575,38
27576,49
27577,94
27578,116
27579,114
27580,120
27581,113
27582,90
27583,73
27584,63
27585,54
27586,55
27587,58
27588,61
27589,76
27590,78
27591,88
27592,116
27593,144
27594,163
27595,164
27596,185
27597,243
27598,256
27599,356
27600,364
27601,426
27602,397
27603,417
27604,372
27605,318
27606,287
27607,245
27608,266
27609,270
27610,282
27611,284
27612,319
27613,347
27614,337
27615,320
27616,323
27617,318
27618,313
27619,316
27620,313
27621,404
27622,532
27623,386
27624,383
27625,240
27626,226
27627,222
27628,202
27629,207
27630,200
27631,183
27632,176
27633,153
27634,150
27635,137
27636,111
27637,118
27638,118
27639,128
27640,143
27641,153
27642,158
27643,153
27644,143
27645,146
27646,144
27647,148
27648,153
27649,155
27650,153
27651,153
27652,148
27653,152
27654,163
27655,155
27656,175
27657,143
27658,155
27659,172
27660,173
27661,190
27662,200
27663,208
27664,198
27665,196
27666,213
27667,206
27668,244
27669,289
27670,341
27671,370
27672,382
27673,415
27674,414
27675,415
27676,408
27677,414
27678,403
27679,395
27680,394
27681,330
27682,247
27683,188
27684,129
27685,63
27686,49
27687,32
27688,25
27689,23
27690,27
27691,277
27692,273
27693,241
27694,259
27695,259
27696,265
27697,367
27698,392
27699,400
27700,441
27701,466
27702,485
27703,525
27704,502
27705,449
27706,469
27707,510
27708,229
27709,111
27710,95
27711,89
27712,39
27713,20
27714,17
27715,13
27716,11
27717,12
27718,8
27719,6
27720,9
27721,9
27722,7
27723,5
27724,6
27725,4
27726,8
27727,9
27728,9
27729,12
27730,10
27731,11
27732,12
27733,11
27734,11
27735,9
27736,9
27737,8
27738,9
27739,10
27740,13
27741,13
27742,17
27743,27
27744,12
27745,10
27746,11
27747,8
27748,10
27749,9
27750,10
27751,12
27752,19
27753,18
27754,18
27755,17
27756,24
27757,33
27758,43
27759,39
27760,42
27761,56
27762,59
27763,67
27764,66
27765,81
27766,100
27767,120
27768,153
27769,157
27770,161
27771,145
27772,113
27773,119
27774,133
27775,134
27776,138
27777,123
27778,100
27779,110
27780,117
27781,115
27782,110
27783,38
27784,19
27785,25
27786,50
27787,55
27788,143
27789,162
27790,86
27791,73
27792,86
27793,69
27794,24
27795,5
27796,4
27797,5
27798,7
27799,7
27800,9
27801,17
27802,16
27803,16
27804,15
27805,14
27806,10
27807,10
27808,13
27809,17
27810,23
27811,25
27812,36
27813,47
27814,54
27815,60
27816,78
27817,80
27818,98
27819,101
27820,115
27821,129
27822,116
27823,116
27824,126
27825,130
27826,150
27827,163
27828,172
27829,192
27830,181
27831,187
27832,204
27833,218
27834,222
27835,208
27836,225
27837,235
27838,263
27839,274
27840,275
27841,302
27842,225
27843,220
27844,207
27845,202
27846,200
27847,206
27848,202
27849,203
27850,196
27851,188
27852,187
27853,204
27854,233
27855,259
27856,267
27857,246
27858,247
27859,257
27860,257
27861,257
27862,257
27863,249
27864,245
27865,242
27866,239
27867,240
27868,238
27869,338
27870,334
27871,344
27872,351
27873,331
27874,327
27875,306
27876,289
27877,363
27878,306
27879,293
27880,279
27881,230
27882,201
27883,200
27884,195
27885,294
27886,510
27887,516
27888,469
27889,450
27890,397
27891,365
27892,364
27893,357
27894,357
27895,350
27896,337
27897,323
27898,306
27899,234
27900,139
27901,95
27902,189
27903,410
27904,216
27905,145
27906,99
27907,87
27908,93
27909,95
27910,101
27911,97
27912,89
27913,87
27914,105
27915,114
27916,119
27917,128
27918,129
27919,122
27920,122
27921,124
27922,136
27923,141
27924,33
27925,42
27926,32
27927,40
27928,32
27929,19
27930,16
27931,13
27932,16
27933,12
27934,10
27935,18
27936,12
27937,12
27938,15
27939,18
27940,20
27941,18
27942,22
27943,27
27944,26
27945,27
27946,29
27947,27
27948,33
27949,32
27950,33
27951,35
27952,33
27953,37
27954,42
27955,59
27956,67
27957,80
27958,75
27959,87
27960,88
27961,81
27962,106
27963,103
27964,118
27965,111
27966,110
27967,102
27968,94
27969,105
27970,122
27971,155
27972,150
27973,156
27974,134
27975,114
27976,114
27977,120
27978,153
27979,148
27980,162
27981,164
27982,158
27983,117
27984,108
27985,114
27986,135
27987,131
27988,135
27989,137
27990,150
27991,153
27992,145
27993,127
27994,130
27995,161
27996,164
27997,167
27998,148
27999,153
28000,147
28001,150
28002,152
28003,164
28004,159
28005,176
28006,174
28007,194
28008,114
28009,67
28010,23
28011,13
28012,10
28013,11
28014,17
28015,14
28016,16
28017,15
28018,16
28019,16
28020,17
28021,13
28022,10
28023,14
28024,12
28025,15
28026,16
28027,23
28028,37
28029,38
28030,30
28031,34
28032,48
28033,71
28034,82
28035,77
28036,83
28037,92
28038,84
28039,84
28040,75
28041,88
28042,92
28043,92
28044,112
28045,118
28046,124
28047,122
28048,109
28049,111
28050,121
28051,128
28052,127
28053,126
28054,136
28055,165
28056,182
28057,182
28058,195
28059,205
28060,217
28061,226
28062,220
28063,197
28064,187
28065,174
28066,181
28067,192
28068,216
28069,247
28070,254
28071,271
28072,302
28073,294
28074,280
28075,294
28076,302
28077,324
28078,315
28079,328
28080,355
28081,405
28082,347
28083,346
28084,342
28085,327
28086,332
28087,328
28088,326
28089,325
28090,315
28091,295
28092,239
28093,212
28094,214
28095,215
28096,208
28097,229
28098,235
28099,199
28100,251
28101,280
28102,250
28103,205
28104,202
28105,204
28106,216
28107,221
28108,227
28109,235
28110,236
28111,232
28112,241
28113,258
28114,273
28115,287
28116,316
28117,337
28118,359
28119,394
28120,393
28121,402
28122,400
28123,422
28124,429
28125,480
28126,512
28127,541
28128,522
28129,498
28130,517
28131,246
28132,39
28133,14
28134,15
28135,10
28136,13
28137,9
28138,13
28139,10
28140,7
28141,6
28142,9
28143,10
28144,19
28145,14
28146,22
28147,25
28148,87
28149,49
28150,36
28151,30
28152,35
28153,30
28154,33
28155,34
28156,36
28157,25
28158,23
28159,22
28160,34
28161,34
28162,48
28163,59
28164,68
28165,69
28166,69
28167,69
28168,72
28169,63
28170,57
28171,41
28172,60
28173,69
28174,100
28175,105
28176,83
28177,75
28178,62
28179,53
28180,54
28181,45
28182,29
28183,28
28184,36
28185,39
28186,48
28187,63
28188,56
28189,56
28190,65
28191,49
28192,53
28193,53
28194,63
28195,70
28196,91
28197,97
28198,102
28199,109
28200,119
28201,118
28202,114
28203,98
28204,91
28205,94
28206,97
28207,108
28208,107
28209,104
28210,105
28211,123
28212,148
28213,164
28214,173
28215,172
28216,183
28217,192
28218,198
28219,210
28220,224
28221,224
28222,224
28223,211
28224,210
28225,209
28226,166
28227,125
28228,94
28229,51
28230,58
28231,51
28232,17
28233,14
28234,18
28235,17
28236,66
28237,63
28238,62
28239,73
28240,76
28241,62
28242,74
28243,82
28244,74
28245,69
28246,63
28247,61
28248,58
28249,54
28250,50
28251,51
28252,51
28253,51
28254,52
28255,56
28256,60
28257,76
28258,97
28259,86
28260,88
28261,91
28262,90
28263,96
28264,94
28265,86
28266,71
28267,18
28268,15
28269,11
28270,12
28271,8
28272,5
28273,9
28274,10
28275,9
28276,11
28277,9
28278,11
28279,13
28280,18
28281,18
28282,11
28283,12
28284,12
28285,11
28286,15
28287,13
28288,12
28289,12
28290,15
28291,21
28292,32
28293,50
28294,60
28295,56
28296,58
28297,71
28298,91
28299,88
28300,90
28301,74
28302,86
28303,103
28304,119
28305,121
28306,137
28307,126
28308,112
28309,124
28310,137
28311,129
28312,137
28313,123
28314,115
28315,117
28316,135
28317,150
28318,127
28319,102
28320,97
28321,98
28322,110
28323,128
28324,153
28325,174
28326,187
28327,188
28328,196
28329,196
28330,205
28331,217
28332,229
28333,240
28334,231
28335,211
28336,210
28337,219
28338,210
28339,223
28340,220
28341,223
28342,234
28343,231
28344,154
28345,128
28346,132
28347,134
28348,135
28349,134
28350,139
28351,171
28352,204
28353,183
28354,179
28355,192
28356,194
28357,156
28358,84
28359,21
28360,16
28361,15
28362,17
28363,26
28364,16
28365,15
28366,15
28367,16
28368,15
28369,16
28370,8
28371,8
28372,7
28373,8
28374,16
28375,17
28376,25
28377,17
28378,13
28379,19
28380,18
28381,15
28382,21
28383,11
28384,21
28385,20
28386,22
28387,17
28388,60
28389,97
28390,120
28391,111
28392,109
28393,110
28394,93
28395,103
28396,100
28397,110
28398,100
28399,93
28400,97
28401,116
28402,127
28403,117
28404,90
28405,78
28406,119
28407,121
28408,108
28409,93
28410,97
28411,100
28412,101
28413,80
28414,75
28415,58
28416,66
28417,60
28418,72
28419,75
28420,82
28421,85
28422,82
28423,81
28424,84
28425,90
28426,93
28427,100
28428,122
28429,90
28430,97
28431,116
28432,110
28433,98
28434,104
28435,85
28436,91
28437,98
28438,107
28439,100
28440,101
28441,107
28442,105
28443,106
28444,109
28445,130
28446,131
28447,140
28448,141
28449,155
28450,174
28451,193
28452,203
28453,230
28454,227
28455,251
28456,248
28457,243
28458,253
28459,258
28460,254
28461,259
28462,256
28463,255
28464,246
28465,244
28466,259
28467,244
28468,256
28469,250
28470,245
28471,247
28472,247
28473,158
28474,18
28475,15
28476,15
28477,29
28478,39
28479,37
28480,39
28481,41
28482,38
28483,31
28484,29
28485,20
28486,19
28487,7
28488,7
28489,6
28490,13
28491,20
28492,49
28493,64
28494,96
28495,122
28496,133
28497,154
28498,175
28499,176
28500,164
28501,169
28502,155
28503,144
28504,119
28505,113
28506,130
28507,123
28508,108
28509,112
28510,111
28511,122
28512,130
28513,138
28514,149
28515,153
28516,184
28517,179
28518,183
28519,194
28520,184
28521,153
28522,150
28523,126
28524,156
28525,156
28526,178
28527,243
28528,122
28529,100
28530,73
28531,60
28532,46
28533,33
28534,32
28535,34
28536,37
28537,38
28538,38
28539,47
28540,61
28541,48
28542,47
28543,56
28544,72
28545,89
28546,92
28547,83
28548,87
28549,89
28550,100
28551,107
28552,98
28553,78
28554,83
28555,84
28556,91
28557,99
28558,99
28559,111
28560,118
28561,122
28562,117
28563,113
28564,108
28565,110
28566,121
28567,122
28568,116
28569,106
28570,107
28571,111
28572,122
28573,88
28574,24
28575,9
28576,12
28577,15
28578,11
28579,11
28580,9
28581,10
28582,9
28583,8
28584,9
28585,8
28586,7
28587,6
28588,6
28589,6
28590,5
28591,12
28592,9
28593,17
28594,11
28595,16
28596,13
28597,10
28598,12
28599,10
28600,15
28601,11
28602,13
28603,11
28604,14
28605,24
28606,33
28607,34
28608,32
28609,36
28610,43
28611,55
28612,57
28613,57
28614,59
28615,104
28616,90
28617,69
28618,67
28619,63
28620,71
28621,77
28622,80
28623,89
28624,106
28625,114
28626,126
28627,97
28628,83
28629,97
28630,90
28631,93
28632,78
28633,54
28634,59
28635,44
28636,22
28637,27
28638,33
28639,29
28640,13
28641,15
28642,17
28643,16
28644,14
28645,14
28646,12
28647,17
28648,13
28649,12
28650,17
28651,12
28652,16
28653,10
28654,15
28655,11
28656,13
28657,12
28658,10
28659,8
28660,6
28661,8
28662,8
28663,9
28664,9
28665,11
28666,10
28667,12
28668,13
28669,13
28670,14
28671,14
28672,14
28673,11
28674,11
28675,12
28676,13
28677,14
28678,22
28679,11
28680,11
28681,10
28682,10
28683,11
28684,9
28685,11
28686,8
28687,9
28688,11
28689,8
28690,12
28691,12
28692,12
28693,10
28694,10
28695,14
28696,17
28697,10
28698,7
28699,6
28700,10
28701,17
28702,17
28703,21
28704,26
28705,21
28706,27
28707,29
28708,41
28709,16
28710,15
28711,13
28712,19
28713,19
28714,18
28715,14
28716,10
28717,13
28718,12
28719,14
28720,9
28721,8
28722,6
28723,6
28724,5
28725,11
28726,22
28727,41
28728,49
28729,32
28730,38
28731,41
28732,35
28733,42
28734,55
28735,62
28736,66
28737,64
28738,53
28739,62
28740,53
28741,50
28742,62
28743,74
28744,41
28745,29
28746,45
28747,54
28748,52
28749,51
28750,47
28751,52
28752,54
28753,59
28754,57
28755,65
28756,91
28757,100
28758,109
28759,101
28760,111
28761,101
28762,110
28763,117
28764,132
28765,117
28766,75
28767,25
28768,14
28769,16
28770,13
28771,10
28772,10
28773,8
28774,10
28775,10
28776,12
28777,8
28778,6
28779,5
28780,6
28781,7
28782,6
28783,4
28784,6
28785,9
28786,7
28787,10
28788,34
28789,59
28790,53
28791,45
28792,38
28793,39
28794,45
28795,42
28796,43
28797,50
28798,48
28799,56
28800,63
28801,59
28802,53
28803,42
28804,44
28805,50
28806,65
28807,70
28808,73
28809,71
28810,62
28811,73
28812,73
28813,78
28814,79
28815,79
28816,89
28817,99
28818,100
28819,102
28820,81
28821,69
28822,64
28823,55
28824,53
28825,50
28826,57
28827,53
28828,63
28829,64
28830,61
28831,63
28832,58
28833,74
28834,70
28835,80
28836,75
28837,70
28838,57
28839,39
28840,36
28841,28
28842,28
28843,27
28844,62
28845,96
28846,81
28847,78
28848,75
28849,57
28850,48
28851,52
28852,47
28853,37
28854,27
28855,28
28856,34
28857,45
28858,51
28859,49
28860,32
28861,41
28862,46
28863,55
28864,63
28865,72
28866,68
28867,60
28868,55
28869,49
28870,43
28871,44
28872,46
28873,39
28874,10
28875,13
28876,9
28877,6
28878,8
28879,10
28880,8
28881,9
28882,9
28883,7
28884,8
28885,6
28886,6
28887,4
28888,7
28889,6
28890,7
28891,9
28892,8
28893,16
28894,25
28895,28
28896,23
28897,41
28898,41
28899,56
28900,72
28901,63
28902,65
28903,56
28904,60
28905,51
28906,43
28907,41
28908,43
28909,28
28910,35
28911,40
28912,41
28913,59
28914,57
28915,51
28916,57
28917,64
28918,71
28919,77
28920,73
28921,67
28922,64
28923,65
28924,74
28925,80
28926,84
28927,83
28928,86
28929,92
28930,92
28931,84
28932,75
28933,78
28934,75
28935,81
28936,70
28937,69
28938,63
28939,75
28940,67
28941,73
28942,81
28943,78
28944,91
28945,105
28946,117
28947,118
28948,125
28949,123
28950,132
28951,126
28952,136
28953,151
28954,143
28955,153
28956,156
28957,164
28958,147
28959,134
28960,138
28961,140
28962,142
28963,149
28964,137
28965,126
28966,102
28967,89
28968,89
28969,104
28970,114
28971,120
28972,123
28973,128
28974,138
28975,147
28976,151
28977,160
28978,165
28979,175
28980,195
28981,201
28982,214
28983,236
28984,218
28985,228
28986,190
28987,158
28988,166
28989,171
28990,183
28991,197
28992,188
28993,152
28994,135
28995,135
28996,134
28997,140
28998,146
28999,175
29000,195
29001,203
29002,201
29003,214
29004,214
29005,229
29006,247
29007,250
29008,258
29009,260
29010,275
29011,258
29012,215
29013,200
29014,190
29015,217
29016,236
29017,224
29018,241
29019,217
29020,179
29021,154
29022,125
29023,148
29024,165
29025,125
29026,87
29027,85
29028,73
29029,77
29030,74
29031,36
29032,15
29033,9
29034,8
29035,11
29036,14
29037,18
29038,14
29039,8
29040,4
29041,6
29042,7
29043,14
29044,12
29045,16
29046,14
29047,15
29048,10
29049,9
29050,8
29051,9
29052,10
29053,10
29054,9
29055,8
29056,9
29057,6
29058,5
29059,7
29060,8
29061,19
29062,22
29063,52
29064,40
29065,95
29066,40
29067,71
29068,64
29069,92
29070,83
29071,100
29072,115
29073,70
29074,83
29075,87
29076,81
29077,80
29078,80
29079,78
29080,70
29081,66
29082,74
29083,74
29084,80
29085,74
29086,52
29087,41
29088,38
29089,45
29090,55
29091,63
29092,69
29093,81
29094,122
29095,82
29096,55
29097,62
29098,61
29099,46
29100,45
29101,50
29102,54
29103,64
29104,75
29105,76
29106,70
29107,80
29108,82
29109,95
29110,77
29111,81
29112,97
29113,103
29114,85
29115,89
29116,96
29117,80
29118,85
29119,91
29120,81
29121,81
29122,94
29123,80
29124,79
29125,89
29126,85
29127,82
29128,85
29129,92
29130,92
29131,96
29132,74
29133,16
29134,21
29135,20
29136,17
29137,11
29138,11
29139,14
29140,14
29141,15
29142,17
29143,17
29144,21
29145,24
29146,20
29147,17
29148,47
29149,44
29150,39
29151,27
29152,30
29153,11
29154,12
29155,38
29156,74
29157,37
29158,31
29159,32
29160,48
29161,81
29162,36
29163,12
29164,10
29165,11
29166,15
29167,10
29168,11
29169,14
29170,10
29171,9
29172,11
29173,70
29174,11
29175,12
29176,13
29177,16
29178,11
29179,13
29180,22
29181,36
29182,45
29183,40
29184,38
29185,38
29186,81
29187,41
29188,36
29189,59
29190,46
29191,48
29192,83
29193,45
29194,33
29195,30
29196,27
29197,24
29198,28
29199,34
29200,33
29201,28
29202,35
29203,38
29204,59
29205,41
29206,51
29207,56
29208,70
29209,71
29210,55
29211,52
29212,53
29213,57
29214,72
29215,88
29216,98
29217,103
29218,100
29219,102
29220,75
29221,78
29222,89
29223,98
29224,96
29225,97
29226,96
29227,95
29228,86
29229,94
29230,79
29231,87
29232,81
29233,59
29234,68
29235,82
29236,60
29237,44
29238,48
29239,52
29240,51
29241,51
29242,56
29243,57
29244,63
29245,61
29246,69
29247,71
29248,73
29249,67
29250,60
29251,57
29252,52
29253,66
29254,72
29255,77
29256,96
29257,86
29258,71
29259,67
29260,74
29261,83
29262,88
29263,98
29264,112
29265,124
29266,131
29267,139
29268,117
29269,83
29270,82
29271,78
29272,70
29273,64
29274,65
29275,54
29276,65
29277,71
29278,75
29279,80
29280,84
29281,104
29282,134
29283,136
29284,145
29285,144
29286,153
29287,167
29288,157
29289,152
29290,166
29291,169
29292,161
29293,156
29294,172
29295,177
29296,182
29297,179
29298,187
29299,209
29300,211
29301,230
29302,254
29303,271
29304,275
29305,284
29306,297
29307,314
29308,301
29309,320
29310,315
29311,318
29312,312
29313,286
29314,271
29315,261
29316,266
29317,265
29318,259
29319,171
29320,103
29321,103
29322,82
29323,85
29324,90
29325,135
29326,148
29327,143
29328,137
29329,161
29330,157
29331,170
29332,156
29333,157
29334,169
29335,185
29336,217
29337,230
29338,251
29339,251
29340,246
29341,194
29342,137
29343,127
29344,130
29345,143
29346,143
29347,153
29348,172
29349,182
29350,164
29351,166
29352,199
29353,196
29354,223
29355,218
29356,272
29357,172
29358,137
29359,119
29360,116
29361,120
29362,135
29363,126
29364,123
29365,116
29366,141
29367,163
29368,148
29369,139
29370,88
29371,68
29372,60
29373,103
29374,77
29375,42
29376,35
29377,42
29378,53
29379,54
29380,48
29381,49
29382,55
29383,56
29384,64
29385,52
29386,17
29387,21
29388,24
29389,25
29390,35
29391,28
29392,47
29393,53
29394,60
29395,60
29396,66
29397,64
29398,60
29399,64
29400,65
29401,73
29402,76
29403,93
29404,97
29405,108
29406,105
29407,108
29408,116
29409,98
29410,27
29411,9
29412,13
29413,16
29414,14
29415,12
29416,9
29417,14
29418,13
29419,16
29420,19
29421,38
29422,33
29423,43
29424,46
29425,47
29426,60
29427,52
29428,54
29429,70
29430,89
29431,115
29432,111
29433,106
29434,77
29435,83
29436,58
29437,26
29438,27
29439,25
29440,17
29441,25
29442,22
29443,55
29444,26
29445,37
29446,38
29447,48
29448,31
29449,25
29450,32
29451,67
29452,119
29453,122
29454,52
29455,36
29456,53
29457,47
29458,29
29459,24
29460,22
29461,10
29462,12
29463,23
29464,93
29465,35
29466,24
29467,35
29468,46
29469,43
29470,77
29471,79
29472,59
29473,35
29474,87
29475,50
29476,53
29477,76
29478,91
29479,96
29480,96
29481,130
29482,83
29483,78
29484,69
29485,65
29486,68
29487,72
29488,75
29489,90
29490,103
29491,115
29492,120
29493,128
29494,144
29495,179
29496,176
29497,264
29498,195
29499,196
29500,89
29501,25
29502,50
29503,15
29504,28
29505,17
29506,47
29507,21
29508,21
29509,93
29510,140
29511,75
29512,89
29513,23
29514,19
29515,38
29516,44
29517,37
29518,42
29519,51
29520,86
29521,67
29522,79
29523,55
29524,77
29525,86
29526,105
29527,111
29528,126
29529,90
29530,60
29531,99
29532,67
29533,75
29534,76
29535,58
29536,48
29537,42
29538,37
29539,39
29540,76
29541,53
29542,44
29543,38
29544,39
29545,40
29546,47
29547,38
29548,53
29549,53
29550,49
29551,62
29552,59
29553,68
29554,70
29555,56
29556,37
29557,63
29558,51
29559,124
29560,79
29561,101
29562,85
29563,108
29564,65
29565,74
29566,80
29567,79
29568,83
29569,66
29570,71
29571,79
29572,97
29573,98
29574,107
29575,114
29576,119
29577,112
29578,121
29579,126
29580,132
29581,124
29582,117
29583,119
29584,96
29585,99
29586,102
29587,106
29588,109
29589,112
29590,115
29591,118
29592,121
29593,125
29594,128
29595,131
29596,134
29597,137
29598,140
29599,144
29600,147
29601,150
29602,154
29603,162
29604,150
29605,104
29606,90
29607,73
29608,83
29609,87
29610,86
29611,72
29612,68
29613,54
29614,32
29615,29
29616,29
29617,37
29618,46
29619,56
29620,58
29621,61
29622,66
29623,67
29624,70
29625,73
29626,73
29627,101
29628,102
29629,101
29630,79
29631,49
29632,36
29633,44
29634,29
29635,22
29636,57
29637,34
29638,22
29639,22
29640,13
29641,27
29642,25
29643,16
29644,21
29645,22
29646,20
29647,23
29648,29
29649,57
29650,27
29651,40
29652,34
29653,27
29654,62
29655,74
29656,57
29657,41
29658,42
29659,41
29660,43
29661,118
29662,107
29663,86
29664,79
29665,76
29666,75
29667,80
29668,87
29669,71
29670,72
29671,85
29672,92
29673,99
29674,101
29675,99
29676,101
29677,105
29678,101
29679,104
29680,105
29681,106
29682,118
29683,109
29684,124
29685,144
29686,153
29687,129
29688,112
29689,65
29690,61
29691,53
29692,61
29693,62
29694,69
29695,77
29696,85
29697,89
29698,98
29699,98
29700,79
29701,86
29702,83
29703,79
29704,65
29705,57
29706,48
29707,40
29708,39
29709,29
29710,36
29711,35
29712,38
29713,38
29714,29
29715,54
29716,59
29717,70
29718,93
29719,94
29720,50
29721,51
29722,55
29723,45
29724,61
29725,71
29726,77
29727,81
29728,104
29729,123
29730,149
29731,97
29732,89
29733,91
29734,103
29735,132
29736,148
29737,164
29738,205
29739,215
29740,233
29741,249
29742,233
29743,231
29744,201
29745,173
29746,131
29747,90
29748,59
29749,39
29750,43
29751,58
29752,89
29753,146
29754,76
29755,56
29756,54
29757,47
29758,46
29759,29
29760,35
29761,35
29762,37
29763,42
29764,55
29765,69
29766,74
29767,59
29768,44
29769,32
29770,34
29771,43
29772,53
29773,65
29774,77
29775,82
29776,76
29777,83
29778,86
29779,77
29780,72
29781,76
29782,77
29783,66
29784,67
29785,86
29786,103
29787,108
29788,120
29789,118
29790,120
29791,129
29792,115
29793,109
29794,101
29795,114
29796,108
29797,117
29798,133
29799,140
29800,143
29801,131
29802,124
29803,80
29804,76
29805,73
29806,67
29807,57
29808,50
29809,47
29810,56
29811,60
29812,66
29813,68
29814,67
29815,64
29816,55
29817,63
29818,60
29819,65
29820,66
29821,72
29822,71
29823,75
29824,80
29825,86
29826,86
29827,91
29828,100
29829,100
29830,111
29831,89
29832,94
29833,92
29834,94
29835,89
29836,92
29837,100
29838,95
29839,101
29840,99
29841,117
29842,122
29843,120
29844,65
29845,59
29846,59
29847,59
29848,64
29849,61
29850,55
29851,44
29852,48
29853,64
29854,88
29855,102
29856,113
29857,67
29858,40
29859,18
29860,13
29861,9
29862,13
29863,13
29864,10
29865,13
29866,13
29867,12
29868,9
29869,15
29870,25
29871,17
29872,17
29873,22
29874,17
29875,18
29876,23
29877,25
29878,32
29879,34
29880,42
29881,40
29882,49
29883,49
29884,51
29885,80
29886,91
29887,79
29888,63
29889,60
29890,54
29891,54
29892,47
29893,66
29894,71
29895,65
29896,37
29897,42
29898,44
29899,52
29900,62
29901,65
29902,63
29903,70
29904,59
29905,52
29906,46
29907,44
29908,50
29909,62
29910,73
29911,83
29912,87
29913,89
29914,86
29915,117
29916,96
29917,105
29918,98
29919,97
29920,104
29921,101
29922,105
29923,113
29924,101
29925,108
29926,110
29927,110
29928,109
29929,105
29930,121
29931,141
29932,130
29933,146
29934,151
29935,143
29936,133
29937,124
29938,93
29939,53
29940,26
29941,26
29942,36
29943,27
29944,23
29945,23
29946,22
29947,24
29948,60
29949,55
29950,54
29951,41
29952,48
29953,56
29954,60
29955,64
29956,71
29957,96
29958,121
29959,168
29960,215
29961,220
29962,210
29963,217
29964,229
29965,231
29966,244
29967,216
29968,186
29969,137
29970,130
29971,138
29972,135
29973,127
29974,111
29975,122
29976,136
29977,153
29978,160
29979,168
29980,169
29981,170
29982,182
29983,189
29984,186
29985,170
29986,152
29987,141
29988,127
29989,89
29990,65
29991,53
29992,54
29993,123
29994,70
29995,115
29996,96
29997,94
29998,103
29999,150
30000,171
30001,166
30002,164
30003,152
30004,152
30005,174
30006,203
30007,179
30008,203
30009,167
30010,149
30011,147
30012,137
30013,125
30014,124
30015,143
30016,113
30017,96
30018,86
30019,71
30020,77
30021,86
30022,103
30023,101
30024,89
30025,76
30026,78
30027,74
30028,69
30029,77
30030,78
30031,93
30032,109
30033,114
30034,132
30035,140
30036,142
30037,161
30038,178
30039,184
30040,182
30041,180
30042,190
30043,207
30044,225
30045,196
30046,192
30047,178
30048,173
30049,175
30050,163
30051,164
30052,165
30053,176
30054,166
30055,164
30056,134
30057,104
30058,99
30059,106
30060,129
30061,141
30062,158
30063,165
30064,140
30065,148
30066,173
30067,207
30068,200
30069,166
30070,162
30071,158
30072,156
30073,146
30074,159
30075,157
30076,165
30077,145
30078,148
30079,100
30080,94
30081,103
30082,117
30083,122
30084,129
30085,136
30086,136
30087,138
30088,150
30089,161
30090,162
30091,141
30092,134
30093,137
30094,140
30095,142
30096,137
30097,139
30098,139
30099,138
30100,139
30101,135
30102,134
30103,139
30104,140
30105,147
30106,161
30107,191
30108,212
30109,220
30110,221
30111,206
30112,189
30113,187
30114,187
30115,191
30116,191
30117,196
30118,194
30119,184
30120,182
30121,172
30122,169
30123,169
30124,146
30125,142
30126,130
30127,153
30128,110
30129,21
30130,14
30131,13
30132,36
30133,14
30134,15
30135,16
30136,18
30137,16
30138,12
30139,17
30140,16
30141,22
30142,24
30143,27
30144,29
30145,33
30146,33
30147,32
30148,28
30149,31
30150,28
30151,38
30152,44
30153,45
30154,47
30155,48
30156,27
30157,29
30158,25
30159,22
30160,18
30161,16
30162,18
30163,21
30164,35
30165,33
30166,34
30167,41
30168,40
30169,40
30170,37
30171,42
30172,48
30173,51
30174,62
30175,64
30176,87
30177,86
30178,75
30179,70
30180,69
30181,81
30182,96
30183,107
30184,86
30185,98
30186,67
30187,20
30188,27
30189,41
30190,72
30191,55
30192,24
30193,22
30194,24
30195,24
30196,30
30197,33
30198,47
30199,61
30200,76
30201,59
30202,55
30203,50
30204,55
30205,65
30206,60
30207,65
30208,72
30209,83
30210,87
30211,83
30212,90
30213,101
30214,113
30215,101
30216,104
30217,93
30218,98
30219,110
30220,108
30221,111
30222,106
30223,109
30224,111
30225,112
30226,112
30227,110
30228,121
30229,125
30230,130
30231,134
30232,124
30233,109
30234,78
30235,90
30236,103
30237,103
30238,122
30239,97
30240,75
30241,80
30242,81
30243,70
30244,77
30245,80
30246,82
30247,83
30248,91
30249,94
30250,105
30251,115
30252,130
30253,143
30254,132
30255,119
30256,111
30257,127
30258,126
30259,132
30260,127
30261,131
30262,117
30263,115
30264,105
30265,103
30266,107
30267,101
30268,100
30269,69
30270,70
30271,69
30272,78
30273,93
30274,95
30275,108
30276,123
30277,129
30278,132
30279,141
30280,151
30281,144
30282,140
30283,148
30284,168
30285,197
30286,203
30287,157
30288,146
30289,148
30290,138
30291,147
30292,133
30293,131
30294,138
30295,140
30296,154
30297,152
30298,160
30299,165
30300,181
30301,196
30302,200
30303,201
30304,200
30305,198
30306,199
30307,205
30308,199
30309,209
30310,199
30311,190
30312,189
30313,163
30314,101
30315,50
30316,41
30317,43
30318,25
30319,17
30320,14
30321,16
30322,20
30323,8
30324,14
30325,18
30326,16
30327,17
30328,29
30329,39
30330,40
30331,41
30332,46
30333,55
30334,57
30335,52
30336,52
30337,49
30338,54
30339,62
30340,55
30341,68
30342,66
30343,67
30344,80
30345,74
30346,64
30347,23
30348,31
30349,28
30350,48
30351,37
30352,39
30353,33
30354,35
30355,40
30356,45
30357,51
30358,62
30359,66
30360,75
30361,86
30362,76
30363,70
30364,69
30365,78
30366,86
30367,85
30368,89
30369,94
30370,67
30371,47
30372,34
30373,21
30374,22
30375,18
30376,20
30377,16
30378,16
30379,21
30380,36
30381,44
30382,48
30383,56
30384,59
30385,64
30386,58
30387,95
30388,108
30389,105
30390,128
30391,124
30392,95
30393,41
30394,37
30395,39
30396,39
30397,38
30398,38
30399,30
30400,34
30401,51
30402,68
30403,118
30404,77
30405,212
30406,188
30407,146
30408,129
30409,102
30410,123
30411,132
30412,155
30413,165
30414,154
30415,69
30416,58
30417,88
30418,122
30419,105
30420,84
30421,52
30422,32
30423,30
30424,46
30425,67
30426,67
30427,67
30428,70
30429,48
30430,29
30431,28
30432,29
30433,42
30434,37
30435,42
30436,45
30437,47
30438,61
30439,79
30440,98
30441,108
30442,85
30443,70
30444,63
30445,54
30446,40
30447,45
30448,56
30449,69
30450,69
30451,59
30452,57
30453,54
30454,45
30455,44
30456,51
30457,57
30458,85
30459,91
30460,90
30461,94
30462,103
30463,103
30464,113
30465,87
30466,61
30467,55
30468,40
30469,33
30470,39
30471,33
30472,32
30473,40
30474,59
30475,65
30476,67
30477,60
30478,60
30479,68
30480,86
30481,88
30482,75
30483,46
30484,50
30485,57
30486,67
30487,66
30488,176
30489,248
30490,194
30491,153
30492,143
30493,147
30494,148
30495,125
30496,126
30497,110
30498,120
30499,122
30500,122
30501,120
30502,45
30503,45
30504,58
30505,48
30506,50
30507,52
30508,58
30509,64
30510,73
30511,82
30512,103
30513,120
30514,127
30515,150
30516,168
30517,161
30518,103
30519,113
30520,128
30521,139
30522,162
30523,183
30524,189
30525,166
30526,172
30527,159
30528,164
30529,171
30530,171
30531,166
30532,158
30533,161
30534,178
30535,186
30536,188
30537,186
30538,189
30539,187
30540,177
30541,172
30542,167
30543,147
30544,111
30545,87
30546,87
30547,86
30548,94
30549,101
30550,119
30551,137
30552,254
30553,277
30554,184
30555,111
30556,93
30557,62
30558,58
30559,64
30560,89
30561,165
30562,183
30563,145
30564,54
30565,40
30566,29
30567,26
30568,29
30569,42
30570,50
30571,56
30572,88
30573,96
30574,103
30575,124
30576,150
30577,184
30578,248
30579,339
30580,342
30581,292
30582,277
30583,265
30584,257
30585,240
30586,243
30587,229
30588,247
30589,230
30590,242
30591,297
30592,369
30593,428
30594,432
30595,441
30596,466
30597,448
30598,406
30599,267
30600,37
30601,25
30602,34
30603,52
30604,68
30605,68
30606,72
30607,70
30608,63
30609,65
30610,63
30611,85
30612,103
30613,105
30614,113
30615,126
30616,122
30617,133
30618,122
30619,120
30620,125
30621,137
30622,146
30623,164
30624,164
30625,186
30626,183
30627,185
30628,189
30629,189
30630,194
30631,194
30632,190
30633,236
30634,250
30635,270
30636,244
30637,178
30638,167
30639,156
30640,151
30641,155
30642,145
30643,149
30644,146
30645,176
30646,215
30647,101
30648,112
30649,155
30650,144
30651,141
30652,156
30653,147
30654,154
30655,153
30656,152
30657,144
30658,147
30659,143
30660,150
30661,160
30662,172
30663,183
30664,195
30665,191
30666,193
30667,199
30668,156
30669,104
30670,95
30671,69
30672,50
30673,41
30674,32
30675,19
30676,18
30677,14
30678,11
30679,13
30680,18
30681,15
30682,15
30683,16
30684,11
30685,13
30686,15
30687,9
30688,13
30689,14
30690,13
30691,18
30692,19
30693,24
30694,27
30695,23
30696,25
30697,24
30698,31
30699,30
30700,29
30701,37
30702,43
30703,50
30704,56
30705,44
30706,31
30707,30
30708,14
30709,16
30710,25
30711,26
30712,24
30713,23
30714,14
30715,17
30716,20
30717,31
30718,30
30719,47
30720,51
30721,45
30722,69
30723,49
30724,27
30725,27
30726,35
30727,33
30728,19
30729,24
30730,21
30731,18
30732,19
30733,26
30734,17
30735,14
30736,13
30737,17
30738,25
30739,45
30740,29
30741,30
30742,24
30743,28
30744,38
30745,32
30746,25
30747,18
30748,21
30749,24
30750,19
30751,25
30752,26
30753,23
30754,24
30755,25
30756,17
30757,9
30758,12
30759,14
30760,22
30761,20
30762,19
30763,24
30764,24
30765,25
30766,30
30767,35
30768,35
30769,39
30770,38
30771,32
30772,37
30773,60
30774,66
30775,74
30776,93
30777,117
30778,119
30779,112
30780,57
30781,48
30782,44
30783,42
30784,43
30785,45
30786,45
30787,64
30788,60
30789,65
30790,64
30791,77
30792,26
30793,35
30794,37
30795,47
30796,42
30797,38
30798,49
30799,60
30800,51
30801,53
30802,56
30803,66
30804,72
30805,66
30806,65
30807,75
30808,97
30809,100
30810,120
30811,129
30812,130
30813,142
30814,147
30815,164
30816,195
30817,216
30818,70
30819,79
30820,64
30821,61
30822,56
30823,69
30824,71
30825,73
30826,79
30827,80
30828,79
30829,80
30830,80
30831,85
30832,86
30833,80
30834,91
30835,104
30836,111
30837,129
30838,133
30839,140
30840,141
30841,150
30842,152
30843,164
30844,160
30845,143
30846,139
30847,135
30848,140
30849,145
30850,124
30851,57
30852,59
30853,63
30854,59
30855,50
30856,46
30857,35
30858,34
30859,32
30860,32
30861,40
30862,46
30863,55
30864,50
30865,39
30866,46
30867,46
30868,51
30869,49
30870,41
30871,34
30872,30
30873,36
30874,34
30875,34
30876,37
30877,38
30878,41
30879,44
30880,28
30881,30
30882,28
30883,28
30884,25
30885,35
30886,41
30887,36
30888,40
30889,32
30890,36
30891,32
30892,33
30893,31
30894,30
30895,33
30896,34
30897,34
30898,29
30899,46
30900,36
30901,43
30902,41
30903,44
30904,45
30905,42
30906,38
30907,42
30908,53
30909,46
30910,50
30911,53
30912,57
30913,62
30914,65
30915,64
30916,74
30917,74
30918,71
30919,71
30920,71
30921,65
30922,71
30923,70
30924,58
30925,54
30926,52
30927,68
30928,67
30929,53
30930,44
30931,51
30932,50
30933,64
30934,115
30935,125
30936,128
30937,120
30938,120
30939,128
30940,123
30941,112
30942,121
30943,128
30944,136
30945,130
30946,135
30947,128
30948,108
30949,92
30950,96
30951,93
30952,80
30953,67
30954,59
30955,68
30956,98
30957,82
30958,116
30959,140
30960,131
30961,94
30962,94
30963,92
30964,101
30965,99
30966,113
30967,136
30968,162
30969,127
30970,93
30971,83
30972,71
30973,73
30974,80
30975,75
30976,67
30977,76
30978,68
30979,64
30980,85
30981,67
30982,59
30983,66
30984,71
30985,78
30986,70
30987,75
30988,77
30989,84
30990,68
30991,53
30992,96
30993,71
30994,48
30995,38
30996,53
30997,66
30998,65
30999,71
31000,59
31001,53
31002,50
31003,45
31004,59
31005,58
31006,70
31007,61
31008,54
31009,56
31010,60
31011,64
31012,66
31013,57
31014,33
31015,16
31016,15
31017,11
31018,12
31019,12
31020,9
31021,11
31022,11
31023,10
31024,8
31025,16
31026,16
31027,16
31028,18
31029,31
31030,34
31031,36
31032,39
31033,38
31034,32
31035,49
31036,59
31037,68
31038,50
31039,43
31040,42
31041,47
31042,52
31043,55
31044,60
31045,58
31046,57
31047,46
31048,35
31049,33
31050,34
31051,35
31052,33
31053,54
31054,79
31055,49
31056,53
31057,72
31058,100
31059,128
31060,135
31061,149
31062,157
31063,150
31064,145
31065,154
31066,163
31067,167
31068,169
31069,175
31070,161
31071,163
31072,173
31073,137
31074,137
31075,122
31076,108
31077,91
31078,99
31079,77
31080,86
31081,93
31082,107
31083,126
31084,141
31085,146
31086,160
31087,165
31088,165
31089,166
31090,150
31091,134
31092,120
31093,116
31094,95
31095,109
31096,118
31097,111
31098,98
31099,94
31100,103
31101,97
31102,111
31103,105
31104,110
31105,119
31106,127
31107,136
31108,170
31109,170
31110,168
31111,166
31112,161
31113,152
31114,116
31115,86
31116,31
31117,30
31118,14
31119,16
31120,15
31121,15
31122,17
31123,56
31124,96
31125,137
31126,139
31127,128
31128,112
31129,109
31130,93
31131,87
31132,74
31133,65
31134,65
31135,83
31136,86
31137,85
31138,77
31139,80
31140,90
31141,94
31142,91
31143,65
31144,75
31145,66
31146,66
31147,56
31148,48
31149,42
31150,50
31151,48
31152,54
31153,61
31154,73
31155,84
31156,92
31157,92
31158,104
31159,118
31160,124
31161,116
31162,99
31163,96
31164,93
31165,90
31166,87
31167,84
31168,81
31169,78
31170,75
31171,96
31172,117
31173,122
31174,124
31175,107
31176,102
31177,70
31178,71
31179,80
31180,83
31181,59
31182,49
31183,53
31184,59
31185,44
31186,27
31187,23
31188,18
31189,22
31190,24
31191,28
31192,26
31193,31
31194,31
31195,33
31196,41
31197,40
31198,46
31199,46
31200,48
31201,58
31202,64
31203,70
31204,75
31205,72
31206,80
31207,79
31208,72
31209,62
31210,51
31211,28
31212,17
31213,12
31214,13
31215,12
31216,15
31217,14
31218,17
31219,18
31220,17
31221,17
31222,29
31223,40
31224,48
31225,38
31226,26
31227,36
31228,30
31229,18
31230,23
31231,18
31232,17
31233,18
31234,17
31235,24
31236,19
31237,22
31238,17
31239,20
31240,30
31241,32
31242,30
31243,48
31244,74
31245,66
31246,69
31247,53
31248,49
31249,43
31250,42
31251,40
31252,32
31253,41
31254,40
31255,41
31256,55
31257,55
31258,54
31259,53
31260,56
31261,59
31262,46
31263,56
31264,71
31265,69
31266,56
31267,56
31268,62
31269,66
31270,62
31271,71
31272,71
31273,74
31274,85
31275,76
31276,80
31277,83
31278,89
31279,87
31280,90
31281,88
31282,80
31283,87
31284,88
31285,94
31286,103
31287,104
31288,118
31289,119
31290,112
31291,128
31292,149
31293,145
31294,164
31295,156
31296,179
31297,171
31298,178
31299,138
31300,141
31301,131
31302,103
31303,89
31304,93
31305,62
31306,48
31307,32
31308,32
31309,23
31310,20
31311,28
31312,20
31313,22
31314,31
31315,25
31316,26
31317,27
31318,30
31319,33
31320,33
31321,36
31322,38
31323,49
31324,91
31325,79
31326,72
31327,69
31328,70
31329,74
31330,76
31331,81
31332,87
31333,78
31334,69
31335,84
31336,55
31337,54
31338,53
31339,40
31340,50
31341,60
31342,59
31343,70
31344,98
31345,106
31346,99
31347,96
31348,115
31349,77
31350,125
31351,128
31352,135
31353,139
31354,142
31355,132
31356,104
31357,114
31358,128
31359,96
31360,69
31361,65
31362,55
31363,51
31364,74
31365,99
31366,99
31367,82
31368,96
31369,76
31370,18
31371,19
31372,22
31373,20
31374,20
31375,25
31376,29
31377,40
31378,34
31379,34
31380,42
31381,35
31382,47
31383,54
31384,67
31385,69
31386,81
31387,88
31388,106
31389,85
31390,31
31391,24
31392,33
31393,36
31394,36
31395,31
31396,31
31397,38
31398,42
31399,37
31400,34
31401,39
31402,42
31403,41
31404,39
31405,42
31406,45
31407,39
31408,46
31409,42
31410,45
31411,56
31412,62
31413,59
31414,55
31415,68
31416,73
31417,76
31418,80
31419,84
31420,90
31421,79
31422,69
31423,63
31424,61
31425,55
31426,65
31427,68
31428,74
31429,72
31430,70
31431,81
31432,88
31433,89
31434,107
31435,102
31436,48
31437,47
31438,36
31439,38
31440,61
31441,32
31442,32
31443,26
31444,19
31445,25
31446,38
31447,27
31448,18
31449,21
31450,26
31451,25
31452,25
31453,28
31454,32
31455,28
31456,28
31457,27
31458,30
31459,29
31460,37
31461,55
31462,62
31463,57
31464,63
31465,76
31466,75
31467,84
31468,90
31469,86
31470,100
31471,103
31472,109
31473,110
31474,107
31475,63
31476,66
31477,58
31478,76
31479,80
31480,75
31481,62
31482,96
31483,122
31484,169
31485,144
31486,21
31487,21
31488,28
31489,31
31490,38
31491,42
31492,48
31493,54
31494,62
31495,50
31496,55
31497,46
31498,39
31499,35
31500,35
31501,35
31502,41
31503,41
31504,46
31505,54
31506,57
31507,55
31508,43
31509,34
31510,40
31511,39
31512,46
31513,55
31514,69
31515,71
31516,80
31517,86
31518,90
31519,94
31520,116
31521,124
31522,130
31523,139
31524,127
31525,130
31526,143
31527,138
31528,130
31529,128
31530,122
31531,128
31532,147
31533,154
31534,168
31535,169
31536,177
31537,151
31538,36
31539,40
31540,33
31541,37
31542,48
31543,43
31544,45
31545,43
31546,39
31547,37
31548,43
31549,34
31550,24
31551,27
31552,26
31553,19
31554,18
31555,23
31556,23
31557,32
31558,23
31559,23
31560,16
31561,21
31562,18
31563,20
31564,20
31565,17
31566,19
31567,21
31568,22
31569,29
31570,41
31571,33
31572,27
31573,35
31574,36
31575,37
31576,31
31577,34
31578,30
31579,31
31580,50
31581,59
31582,58
31583,27
31584,50
31585,30
31586,31
31587,26
31588,24
31589,31
31590,23
31591,29
31592,26
31593,28
31594,22
31595,29
31596,28
31597,32
31598,38
31599,42
31600,36
31601,40
31602,36
31603,41
31604,43
31605,49
31606,60
31607,65
31608,56
31609,61
31610,96
31611,101
31612,101
31613,62
31614,54
31615,42
31616,45
31617,39
31618,46
31619,62
31620,104
31621,115
31622,117
31623,113
31624,128
31625,132
31626,116
31627,93
31628,100
31629,111
31630,109
31631,93
31632,80
31633,74
31634,70
31635,80
31636,106
31637,141
31638,172
31639,178
31640,203
31641,208
31642,175
31643,180
31644,194
31645,161
31646,176
31647,167
31648,143
31649,127
31650,55
31651,47
31652,58
31653,62
31654,57
31655,58
31656,60
31657,57
31658,61
31659,67
31660,56
31661,48
31662,42
31663,38
31664,42
31665,51
31666,50
31667,48
31668,56
31669,47
31670,50
31671,53
31672,47
31673,51
31674,49
31675,53
31676,50
31677,57
31678,63
31679,64
31680,77
31681,82
31682,87
31683,90
31684,82
31685,69
31686,63
31687,73
31688,77
31689,78
31690,76
31691,69
31692,64
31693,76
31694,77
31695,78
31696,78
31697,88
31698,89
31699,96
31700,95
31701,92
31702,95
31703,96
31704,36
31705,49
31706,73
31707,51
31708,41
31709,45
31710,54
31711,65
31712,53
31713,29
31714,42
31715,66
31716,65
31717,58
31718,58
31719,49
31720,59
31721,69
31722,80
31723,87
31724,80
31725,84
31726,88
31727,77
31728,69
31729,57
31730,61
31731,66
31732,72
31733,70
31734,78
31735,79
31736,79
31737,77
31738,76
31739,86
31740,91
31741,90
31742,94
31743,101
31744,105
31745,109
31746,115
31747,139
31748,142
31749,151
31750,164
31751,160
31752,160
31753,179
31754,55
31755,60
31756,65
31757,61
31758,60
31759,57
31760,68
31761,75
31762,83
31763,96
31764,111
31765,98
31766,102
31767,117
31768,127
31769,136
31770,140
31771,154
31772,143
31773,145
31774,148
31775,154
31776,150
31777,155
31778,157
31779,145
31780,113
31781,40
31782,24
31783,26
31784,21
31785,24
31786,25
31787,32
31788,39
31789,42
31790,29
31791,29
31792,27
31793,24
31794,20
31795,18
31796,18
31797,17
31798,13
31799,17
31800,17
31801,16
31802,9
31803,13
31804,9
31805,15
31806,18
31807,13
31808,11
31809,10
31810,16
31811,13
31812,11
31813,12
31814,12
31815,10
31816,16
31817,15
31818,18
31819,22
31820,20
31821,27
31822,21
31823,26
31824,27
31825,36
31826,44
31827,39
31828,36
31829,29
31830,22
31831,20
31832,18
31833,19
31834,17
31835,21
31836,17
31837,19
31838,14
31839,17
31840,8
31841,12
31842,17
31843,25
31844,36
31845,27
31846,33
31847,40
31848,48
31849,41
31850,57
31851,70
31852,69
31853,76
31854,92
31855,116
31856,122
31857,120
31858,118
31859,108
31860,98
31861,91
31862,92
31863,70
31864,63
31865,66
31866,75
31867,104
31868,105
31869,109
31870,110
31871,123
31872,115
31873,116
31874,118
31875,117
31876,111
31877,113
31878,120
31879,118
31880,140
31881,117
31882,118
31883,121
31884,109
31885,112
31886,101
31887,95
31888,85
31889,69
31890,61
31891,72
31892,74
31893,73
31894,90
31895,93
31896,90
31897,106
31898,97
31899,98
31900,116
31901,144
31902,144
31903,143
31904,140
31905,117
31906,108
31907,119
31908,115
31909,115
31910,123
31911,124
31912,126
31913,127
31914,139
31915,128
31916,105
31917,117
31918,123
31919,141
31920,121
31921,110
31922,116
31923,148
31924,150
31925,114
31926,89
31927,72
31928,97
31929,77
31930,77
31931,68
31932,59
31933,35
31934,26
31935,5
31936,12
31937,15
31938,18
31939,18
31940,19
31941,23
31942,36
31943,43
31944,39
31945,44
31946,73
31947,85
31948,81
31949,64
31950,54
31951,38
31952,27
31953,31
31954,31
31955,22
31956,22
31957,20
31958,22
31959,11
31960,11
31961,11
31962,18
31963,17
31964,39
31965,50
31966,47
31967,49
31968,52
31969,70
31970,95
31971,101
31972,59
31973,54
31974,47
31975,28
31976,31
31977,26
31978,29
31979,27
31980,29
31981,27
31982,33
31983,31
31984,44
31985,38
31986,37
31987,42
31988,37
31989,45
31990,41
31991,50
31992,49
31993,51
31994,53
31995,62
31996,65
31997,74
31998,74
31999,57
32000,50
32001,50
32002,37
32003,23
32004,16
32005,13
32006,16
32007,30
32008,30
32009,38
32010,75
32011,121
32012,98
32013,84
32014,71
32015,55
32016,50
32017,59
32018,57
32019,51
32020,47
32021,51
32022,51
32023,51
32024,56
32025,57
32026,59
32027,60
32028,62
32029,65
32030,60
32031,65
32032,67
32033,61
32034,54
32035,50
32036,48
32037,46
32038,55
32039,44
32040,38
32041,33
32042,37
32043,39
32044,40
32045,49
32046,57
32047,54
32048,60
32049,68
32050,69
32051,75
32052,84
32053,103
32054,94
32055,81
32056,75
32057,85
32058,74
32059,75
32060,72
32061,85
32062,101
32063,112
32064,116
32065,124
32066,124
32067,113
32068,118
32069,106
32070,73
32071,16
32072,20
32073,14
32074,16
32075,12
32076,9
32077,11
32078,9
32079,10
32080,9
32081,7
32082,10
32083,8
32084,12
32085,15
32086,12
32087,16
32088,14
32089,14
32090,8
32091,10
32092,10
32093,9
32094,6
32095,10
32096,13
32097,13
32098,16
32099,13
32100,10
32101,9
32102,9
32103,9
32104,10
32105,10
32106,10
32107,13
32108,18
32109,34
32110,36
32111,33
32112,31
32113,34
32114,49
32115,35
32116,43
32117,39
32118,30
32119,18
32120,21
32121,25
32122,27
32123,19
32124,13
32125,12
32126,10
32127,10
32128,14
32129,15
32130,18
32131,21
32132,16
32133,24
32134,17
32135,22
32136,38
32137,55
32138,76
32139,73
32140,55
32141,39
32142,37
32143,40
32144,42
32145,39
32146,35
32147,33
32148,31
32149,35
32150,33
32151,30
32152,42
32153,45
32154,49
32155,55
32156,64
32157,66
32158,69
32159,65
32160,55
32161,71
32162,84
32163,89
32164,29
32165,33
32166,33
32167,41
32168,47
32169,43
32170,44
32171,45
32172,49
32173,43
32174,47
32175,57
32176,55
32177,65
32178,74
32179,74
32180,76
32181,82
32182,89
32183,87
32184,80
32185,82
32186,95
32187,102
32188,96
32189,122
32190,132
32191,112
32192,99
32193,79
32194,66
32195,66
32196,76
32197,80
32198,89
32199,93
32200,98
32201,109
32202,109
32203,115
32204,124
32205,119
32206,101
32207,103
32208,123
32209,133
32210,135
32211,144
32212,160
32213,149
32214,38
32215,38
32216,50
32217,58
32218,62
32219,58
32220,67
32221,77
32222,85
32223,74
32224,72
32225,68
32226,68
32227,70
32228,65
32229,81
32230,90
32231,86
32232,67
32233,31
32234,19
32235,19
32236,21
32237,17
32238,14
32239,12
32240,13
32241,16
32242,15
32243,14
32244,11
32245,14
32246,13
32247,13
32248,14
32249,16
32250,20
32251,34
32252,48
32253,52
32254,57
32255,48
32256,60
32257,62
32258,61
32259,68
32260,67
32261,72
32262,65
32263,64
32264,55
32265,62
32266,66
32267,65
32268,70
32269,69
32270,68
32271,74
32272,64
32273,67
32274,73
32275,88
32276,103
32277,111
32278,117
32279,118
32280,128
32281,132
32282,140
32283,142
32284,142
32285,124
32286,131
32287,113
32288,118
32289,101
32290,101
32291,92
32292,70
32293,39
32294,27
32295,25
32296,20
32297,26
32298,24
32299,29
32300,31
32301,51
32302,79
32303,90
32304,123
32305,123
32306,126
32307,128
32308,95
32309,94
32310,47
32311,36
32312,33
32313,42
32314,50
32315,72
32316,225
32317,93
32318,103
32319,126
32320,125
32321,119
32322,138
32323,161
32324,190
32325,212
32326,159
32327,137
32328,46
32329,45
32330,53
32331,57
32332,59
32333,60
32334,66
32335,70
32336,98
32337,112
32338,114
32339,138
32340,113
32341,92
32342,75
32343,70
32344,69
32345,78
32346,80
32347,84
32348,89
32349,99
32350,103
32351,119
32352,106
32353,98
32354,104
32355,106
32356,107
32357,106
32358,114
32359,116
32360,124
32361,142
32362,102
32363,35
32364,9
32365,9
32366,15
32367,9
32368,11
32369,10
32370,12
32371,13
32372,17
32373,61
32374,68
32375,97
32376,110
32377,115
32378,98
32379,86
32380,50
32381,39
32382,24
32383,26
32384,35
32385,33
32386,36
32387,92
32388,92
32389,91
32390,90
32391,67
32392,70
32393,73
32394,72
32395,87
32396,113
32397,90
32398,80
32399,85
32400,98
32401,106
32402,109
32403,119
32404,127
32405,132
32406,132
32407,151
32408,164
32409,166
32410,159
32411,163
32412,153
32413,140
32414,126
32415,124
32416,149
32417,160
32418,191
32419,178
32420,183
32421,198
32422,204
32423,213
32424,132
32425,46
32426,86
32427,69
32428,60
32429,59
32430,54
32431,53
32432,50
32433,50
32434,60
32435,70
32436,80
32437,88
32438,104
32439,122
32440,134
32441,135
32442,166
32443,170
32444,186
32445,198
32446,126
32447,113
32448,134
32449,144
32450,151
32451,146
32452,116
32453,127
32454,121
32455,111
32456,107
32457,104
32458,92
32459,91
32460,83
32461,58
32462,39
32463,12
32464,12
32465,12
32466,12
32467,17
32468,32
32469,27
32470,37
32471,31
32472,66
32473,52
32474,17
32475,20
32476,19
32477,13
32478,16
32479,8
32480,10
32481,15
32482,10
32483,12
32484,16
32485,22
32486,29
32487,28
32488,26
32489,28
32490,29
32491,28
32492,32
32493,42
32494,45
32495,39
32496,40
32497,32
32498,26
32499,29
32500,35
32501,64
32502,60
32503,75
32504,88
32505,60
32506,62
32507,66
32508,62
32509,54
32510,58
32511,56
32512,37
32513,37
32514,46
32515,50
32516,57
32517,64
32518,70
32519,70
32520,113
32521,113
32522,130
32523,117
32524,117
32525,98
32526,90
32527,87
32528,85
32529,84
32530,84
32531,85
32532,94
32533,91
32534,97
32535,94
32536,93
32537,95
32538,93
32539,102
32540,108
32541,114
32542,179
32543,117
32544,116
32545,118
32546,121
32547,132
32548,128
32549,126
32550,113
32551,106
32552,98
32553,104
32554,110
32555,126
32556,151
32557,148
32558,139
32559,105
32560,106
32561,95
32562,90
32563,90
32564,110
32565,119
32566,121
32567,116
32568,106
32569,113
32570,113
32571,123
32572,118
32573,114
32574,131
32575,128
32576,128
32577,120
32578,125
32579,126
32580,124
32581,129
32582,108
32583,109
32584,103
32585,112
32586,124
32587,126
32588,121
32589,128
32590,129
32591,140
32592,138
32593,153
32594,156
32595,153
32596,147
32597,131
32598,114
32599,98
32600,87
32601,59
32602,38
32603,29
32604,15
32605,7
32606,12
32607,12
32608,12
32609,16
32610,16
32611,29
32612,49
32613,54
32614,75
32615,71
32616,94
32617,89
32618,77
32619,74
32620,75
32621,63
32622,53
32623,34
32624,42
32625,41
32626,39
32627,46
32628,51
32629,54
32630,56
32631,59
32632,63
32633,38
32634,37
32635,61
32636,83
32637,48
32638,36
32639,32
32640,35
32641,37
32642,43
32643,38
32644,42
32645,43
32646,62
32647,69
32648,67
32649,72
32650,93
32651,91
32652,85
32653,77
32654,96
32655,107
32656,101
32657,111
32658,111
32659,120
32660,137
32661,135
32662,134
32663,149
32664,152
32665,161
32666,162
32667,158
32668,137
32669,110
32670,69
32671,18
32672,14
32673,10
32674,6
32675,8
32676,9
32677,10
32678,13
32679,10
32680,13
32681,11
32682,10
32683,12
32684,17
32685,22
32686,23
32687,16
32688,44
32689,30
32690,23
32691,17
32692,10
32693,9
32694,11
32695,10
32696,11
32697,9
32698,11
32699,11
32700,11
32701,11
32702,10
32703,7
32704,7
32705,9
32706,11
32707,13
32708,17
32709,31
32710,36
32711,29
32712,25
32713,13
32714,10
32715,7
32716,8
32717,14
32718,19
32719,30
32720,27
32721,23
32722,20
32723,16
32724,11
32725,11
32726,10
32727,23
32728,9
32729,8
32730,11
32731,14
32732,19
32733,22
32734,22
32735,26
32736,28
32737,47
32738,62
32739,37
32740,36
32741,33
32742,28
32743,30
32744,27
32745,22
32746,20
32747,30
32748,55
32749,48
32750,55
32751,60
32752,66
32753,64
32754,53
32755,47
32756,51
32757,69
32758,107
32759,114
32760,138
32761,187
32762,184
32763,146
32764,139
32765,143
32766,129
32767,126
32768,137
32769,113
32770,127
32771,148
32772,159
32773,161
32774,166
32775,202
32776,229
32777,229
32778,254
32779,259
32780,281
32781,292
32782,298
32783,266
32784,250
32785,211
32786,207
32787,209
32788,210
32789,217
32790,226
32791,232
32792,238
32793,253
32794,269
32795,272
32796,273
32797,265
32798,236
32799,213
32800,221
32801,234
32802,237
32803,246
32804,262
32805,274
32806,283
32807,272
32808,286
32809,289
32810,280
32811,286
32812,284
32813,259
32814,233
32815,226
32816,232
32817,228
32818,221
32819,211
32820,204
32821,207
32822,228
32823,222
32824,210
32825,212
32826,219
32827,213
32828,221
32829,208
32830,207
32831,208
32832,210
32833,210
32834,214
32835,221
32836,226
32837,228
32838,202
32839,122
32840,100
32841,98
32842,120
32843,127
32844,128
32845,125
32846,114
32847,102
32848,103
32849,84
32850,92
32851,93
32852,114
32853,164
32854,200
32855,208
32856,188
32857,173
32858,170
32859,169
32860,152
32861,147
32862,136
32863,145
32864,134
32865,131
32866,115
32867,36
32868,23
32869,27
32870,23
32871,16
32872,10
32873,12
32874,12
32875,13
32876,26
32877,64
32878,50
32879,34
32880,36
32881,34
32882,36
32883,37
32884,37
32885,24
32886,11
32887,9
32888,11
32889,13
32890,8
32891,7
32892,5
32893,6
32894,10
32895,9
32896,5
32897,8
32898,13
32899,16
32900,21
32901,27
32902,26
32903,46
32904,41
32905,43
32906,42
32907,60
32908,53
32909,51
32910,43
32911,36
32912,36
32913,45
32914,48
32915,95
32916,94
32917,96
32918,95
32919,85
32920,81
32921,71
32922,65
32923,59
32924,58
32925,58
32926,57
32927,55
32928,42
32929,40
32930,47
32931,58
32932,55
32933,58
32934,67
32935,63
32936,75
32937,83
32938,95
32939,119
32940,127
32941,139
32942,159
32943,170
32944,172
32945,168
32946,170
32947,180
32948,214
32949,276
32950,357
32951,388
32952,403
32953,393
32954,395
32955,379
32956,346
32957,319
32958,282
32959,290
32960,294
32961,310
32962,322
32963,308
32964,301
32965,296
32966,277
32967,269
32968,250
32969,229
32970,242
32971,255
32972,316
32973,342
32974,337
32975,308
32976,324
32977,353
32978,365
32979,320
32980,278
32981,244
32982,251
32983,252
32984,197
32985,260
32986,229
32987,143
32988,147
32989,152
32990,171
32991,168
32992,183
32993,179
32994,185
32995,177
32996,188
32997,206
32998,211
32999,205
33000,210
33001,201
33002,196
33003,192
33004,187
33005,185
33006,173
33007,166
33008,161
33009,160
33010,113
33011,66
33012,38
33013,41
33014,33
33015,23
33016,15
33017,15
33018,17
33019,24
33020,42
33021,50
33022,55
33023,86
33024,77
33025,76
33026,81
33027,66
33028,32
33029,38
33030,38
33031,55
33032,49
33033,43
33034,42
33035,56
33036,67
33037,65
33038,60
33039,62
33040,64
33041,65
33042,67
33043,69
33044,73
33045,95
33046,86
33047,74
33048,84
33049,97
33050,98
33051,96
33052,92
33053,92
33054,92
33055,99
33056,102
33057,113
33058,110
33059,114
33060,112
33061,108
33062,125
33063,148
33064,176
33065,177
33066,182
33067,181
33068,197
33069,197
33070,226
33071,224
33072,247
33073,208
33074,194
33075,203
33076,203
33077,203
33078,200
33079,193
33080,205
33081,207
33082,146
33083,21
33084,14
33085,16
33086,19
33087,16
33088,11
33089,12
33090,9
33091,11
33092,9
33093,10
33094,10
33095,8
33096,16
33097,22
33098,23
33099,27
33100,19
33101,19
33102,21
33103,25
33104,30
33105,46
33106,51
33107,45
33108,39
33109,28
33110,38
33111,47
33112,46
33113,50
33114,64
33115,78
33116,111
33117,102
33118,149
33119,158
33120,107
33121,100
33122,92
33123,72
33124,66
33125,57
33126,63
33127,75
33128,70
33129,63
33130,57
33131,49
33132,51
33133,52
33134,47
33135,50
33136,64
33137,82
33138,84
33139,59
33140,65
33141,81
33142,106
33143,98
33144,92
33145,96
33146,91
33147,48
33148,51
33149,38
33150,33
33151,34
33152,39
33153,45
33154,46
33155,44
33156,46
33157,57
33158,57
33159,61
33160,63
33161,76
33162,73
33163,70
33164,55
33165,59
33166,59
33167,72
33168,73
33169,86
33170,77
33171,86
33172,100
33173,103
33174,88
33175,80
33176,48
33177,39
33178,20
33179,17
33180,14
33181,13
33182,12
33183,16
33184,11
33185,8
33186,8
33187,16
33188,28
33189,22
33190,27
33191,28
33192,21
33193,26
33194,25
33195,5
33196,7
33197,10
33198,9
33199,8
33200,13
33201,18
33202,13
33203,17
33204,9
33205,9
33206,12
33207,8
33208,15
33209,17
33210,18
33211,28
33212,29
33213,49
33214,54
33215,59
33216,60
33217,67
33218,59
33219,71
33220,69
33221,64
33222,38
33223,41
33224,51
33225,72
33226,50
33227,42
33228,46
33229,43
33230,40
33231,29
33232,34
33233,30
33234,26
33235,38
33236,70
33237,97
33238,107
33239,107
33240,139
33241,174
33242,181
33243,179
33244,169
33245,172
33246,163
33247,161
33248,142
33249,98
33250,113
33251,129
33252,159
33253,207
33254,178
33255,148
33256,131
33257,95
33258,144
33259,159
33260,170
33261,175
33262,189
33263,206
33264,216
33265,224
33266,231
33267,233
33268,262
33269,282
33270,259
33271,244
33272,227
33273,235
33274,225
33275,247
33276,226
33277,218
33278,232
33279,252
33280,231
33281,227
33282,234
33283,234
33284,251
33285,271
33286,302
33287,273
33288,277
33289,283
33290,263
33291,268
33292,273
33293,260
33294,162
33295,68
33296,32
33297,30
33298,30
33299,17
33300,12
33301,12
33302,20
33303,17
33304,13
33305,12
33306,12
33307,15
33308,13
33309,17
33310,15
33311,13
33312,18
33313,40
33314,29
33315,20
33316,30
33317,21
33318,18
33319,30
33320,29
33321,31
33322,29
33323,24
33324,18
33325,17
33326,11
33327,14
33328,18
33329,16
33330,23
33331,28
33332,34
33333,46
33334,46
33335,55
33336,57
33337,66
33338,70
33339,90
33340,113
33341,114
33342,106
33343,99
33344,97
33345,89
33346,82
33347,92
33348,115
33349,128
33350,110
33351,99
33352,87
33353,72
33354,79
33355,69
33356,77
33357,93
33358,122
33359,121
33360,134
33361,146
33362,149
33363,143
33364,141
33365,166
33366,187
33367,193
33368,184
33369,174
33370,182
33371,187
33372,184
33373,166
33374,151
33375,144
33376,145
33377,147
33378,148
33379,154
33380,95
33381,95
33382,125
33383,116
33384,95
33385,73
33386,58
33387,51
33388,49
33389,27
33390,21
33391,21
33392,16
33393,22
33394,27
33395,26
33396,26
33397,18
33398,17
33399,15
33400,20
33401,21
33402,24
33403,27
33404,49
33405,25
33406,18
33407,17
33408,12
33409,11
33410,9
33411,13
33412,12
33413,13
33414,12
33415,14
33416,21
33417,25
33418,18
33419,17
33420,17
33421,17
33422,23
33423,22
33424,22
33425,22
33426,25
33427,33
33428,36
33429,38
33430,38
33431,41
33432,45
33433,37
33434,42
33435,40
33436,41
33437,40
33438,41
33439,36
33440,36
33441,43
33442,43
33443,36
33444,31
33445,26
33446,28
33447,26
33448,25
33449,23
33450,31
33451,36
33452,100
33453,84
33454,73
33455,92
33456,110
33457,52
33458,34
33459,39
33460,39
33461,42
33462,36
33463,41
33464,39
33465,40
33466,38
33467,38
33468,47
33469,44
33470,56
33471,62
33472,50
33473,47
33474,57
33475,71
33476,91
33477,129
33478,150
33479,168
33480,188
33481,215
33482,165
33483,178
33484,199
33485,196
33486,144
33487,107
33488,108
33489,113
33490,127
33491,155
33492,197
33493,222
33494,245
33495,241
33496,258
33497,243
33498,234
33499,274
33500,295
33501,310
33502,335
33503,347
33504,385
33505,407
33506,402
33507,348
33508,318
33509,270
33510,273
33511,274
33512,273
33513,269
33514,282
33515,279
33516,275
33517,284
33518,274
33519,275
33520,270
33521,292
33522,321
33523,327
33524,348
33525,393
33526,386
33527,385
33528,359
33529,367
33530,144
33531,28
33532,15
33533,13
33534,16
33535,17
33536,20
33537,24
33538,21
33539,14
33540,9
33541,7
33542,10
33543,10
33544,12
33545,12
33546,17
33547,38
33548,35
33549,36
33550,46
33551,52
33552,57
33553,64
33554,103
33555,123
33556,128
33557,135
33558,87
33559,46
33560,37
33561,44
33562,37
33563,37
33564,37
33565,51
33566,70
33567,74
33568,111
33569,101
33570,103
33571,124
33572,160
33573,164
33574,156
33575,142
33576,136
33577,165
33578,187
33579,224
33580,192
33581,135
33582,126
33583,121
33584,118
33585,118
33586,118
33587,112
33588,126
33589,127
33590,122
33591,131
33592,141
33593,151
33594,149
33595,174
33596,233
33597,218
33598,211
33599,229
33600,280
33601,274
33602,289
33603,311
33604,299
33605,308
33606,297
33607,233
33608,178
33609,167
33610,139
33611,145
33612,166
33613,189
33614,190
33615,254
33616,266
33617,241
33618,206
33619,177
33620,180
33621,175
33622,188
33623,209
33624,205
33625,196
33626,195
33627,205
33628,213
33629,223
33630,231
33631,238
33632,242
33633,247
33634,290
33635,297
33636,323
33637,356
33638,388
33639,329
33640,310
33641,292
33642,309
33643,285
33644,284
33645,331
33646,320
33647,325
33648,316
33649,334
33650,326
33651,314
33652,212
33653,52
33654,22
33655,12
33656,14
33657,12
33658,13
33659,11
33660,15
33661,14
33662,10
33663,10
33664,10
33665,7
33666,6
33667,16
33668,13
33669,13
33670,11
33671,11
33672,6
33673,9
33674,24
33675,19
33676,26
33677,27
33678,44
33679,46
33680,47
33681,48
33682,41
33683,33
33684,33
33685,32
33686,38
33687,41
33688,25
33689,27
33690,33
33691,46
33692,62
33693,79
33694,105
33695,115
33696,129
33697,158
33698,178
33699,227
33700,223
33701,170
33702,152
33703,142
33704,135
33705,151
33706,162
33707,163
33708,185
33709,188
33710,183
33711,182
33712,163
33713,173
33714,190
33715,221
33716,254
33717,260
33718,286
33719,304
33720,295
33721,296
33722,270
33723,247
33724,266
33725,263
33726,239
33727,238
33728,206
33729,183
33730,159
33731,162
33732,173
33733,149
33734,34
33735,26
33736,18
33737,15
33738,13
33739,12
33740,11
33741,12
33742,8
33743,6
33744,8
33745,10
33746,7
33747,7
33748,8
33749,7
33750,8
33751,15
33752,15
33753,27
33754,20
33755,17
33756,18
33757,24
33758,27
33759,38
33760,31
33761,35
33762,51
33763,56
33764,66
33765,89
33766,108
33767,112
33768,118
33769,164
33770,196
33771,188
33772,217
33773,174
33774,167
33775,151
33776,138
33777,121
33778,123
33779,110
33780,109
33781,128
33782,143
33783,159
33784,164
33785,175
33786,177
33787,191
33788,178
33789,195
33790,181
33791,169
33792,173
33793,178
33794,170
33795,160
33796,161
33797,164
33798,171
33799,178
33800,176
33801,179
33802,175
33803,179
33804,148
33805,118
33806,79
33807,115
33808,46
33809,32
33810,20
33811,6
33812,6
33813,7
33814,13
33815,8
33816,6
33817,8
33818,6
33819,3
33820,4
33821,3
33822,3
33823,6
33824,8
33825,9
33826,10
33827,14
33828,9
33829,5
33830,6
33831,5
33832,12
33833,9
33834,17
33835,46
33836,53
33837,72
33838,78
33839,56
33840,16
33841,14
33842,25
33843,20
33844,23
33845,21
33846,24
33847,15
33848,17
33849,26
33850,23
33851,27
33852,20
33853,14
33854,15
33855,38
33856,38
33857,42
33858,48
33859,52
33860,66
33861,76
33862,81
33863,87
33864,98
33865,103
33866,125
33867,123
33868,135
33869,150
33870,102
33871,89
33872,58
33873,45
33874,52
33875,45
33876,38
33877,18
33878,25
33879,24
33880,15
33881,14
33882,17
33883,36
33884,49
33885,55
33886,54
33887,73
33888,82
33889,76
33890,90
33891,106
33892,124
33893,123
33894,128
33895,132
33896,155
33897,163
33898,157
33899,160
33900,185
33901,189
33902,198
33903,216
33904,225
33905,248
33906,270
33907,296
33908,283
33909,261
33910,264
33911,282
33912,252
33913,252
33914,211
33915,199
33916,235
33917,114
33918,23
33919,18
33920,19
33921,14
33922,23
33923,21
33924,14
33925,24
33926,22
33927,24
33928,27
33929,27
33930,69
33931,64
33932,65
33933,65
33934,76
33935,72
33936,78
33937,81
33938,88
33939,93
33940,106
33941,108
33942,115
33943,145
33944,164
33945,272
33946,172
33947,106
33948,70
33949,76
33950,67
33951,69
33952,118
33953,108
33954,84
33955,80
33956,93
33957,93
33958,101
33959,116
33960,187
33961,210
33962,216
33963,214
33964,188
33965,150
33966,71
33967,47
33968,43
33969,32
33970,32
33971,18
33972,14
33973,11
33974,10
33975,13
33976,8
33977,7
33978,6
33979,9
33980,7
33981,5
33982,5
33983,8
33984,11
33985,11
33986,27
33987,37
33988,48
33989,21
33990,12
33991,8
33992,12
33993,9
33994,6
33995,8
33996,9
33997,8
33998,9
33999,12
34000,11
34001,9
34002,9
34003,12
34004,10
34005,10
34006,10
34007,9
34008,12
34009,14
34010,13
34011,17
34012,12
34013,10
34014,6
34015,11
34016,7
34017,12
34018,11
34019,9
34020,8
34021,7
34022,14
34023,13
34024,9
34025,9
34026,8
34027,9
34028,20
34029,14
34030,17
34031,10
34032,16
34033,19
34034,14
34035,14
34036,14
34037,12
34038,10
34039,15
34040,16
34041,17
34042,25
34043,22
34044,15
34045,20
34046,20
34047,23
34048,26
34049,50
34050,73
34051,71
34052,80
34053,94
34054,94
34055,87
34056,93
34057,116
34058,138
34059,130
34060,130
34061,134
34062,71
34063,57
34064,75
34065,62
34066,69
34067,48
34068,43
34069,32
34070,24
34071,20
34072,20
34073,19
34074,30
34075,32
34076,70
34077,89
34078,121
34079,131
34080,144
34081,174
34082,191
34083,205
34084,197
34085,154
34086,83
34087,103
34088,128
34089,161
34090,86
34091,71
34092,77
34093,63
34094,54
34095,61
34096,43
34097,50
34098,70
34099,158
34100,141
34101,166
34102,206
34103,218
34104,226
34105,232
34106,239
34107,230
34108,165
34109,163
34110,128
34111,69
34112,54
34113,57
34114,58
34115,68
34116,59
34117,63
34118,74
34119,82
34120,125
34121,203
34122,176
34123,185
34124,212
34125,323
34126,347
34127,352
34128,365
34129,383
34130,314
34131,350
34132,387
34133,394
34134,280
34135,218
34136,201
34137,163
34138,147
34139,143
34140,153
34141,145
34142,122
34143,107
34144,141
34145,199
34146,222
34147,249
34148,267
34149,271
34150,273
34151,256
34152,218
34153,229
34154,251
34155,303
34156,347
34157,210
34158,98
34159,49
34160,41
34161,47
34162,42
34163,46
34164,46
34165,58
34166,63
34167,69
34168,71
34169,79
34170,78
34171,74
34172,69
34173,68
34174,70
34175,38
34176,23
34177,15
34178,16
34179,24
34180,19
34181,11
34182,18
34183,18
34184,16
34185,17
34186,19
34187,27
34188,13
34189,16
34190,13
34191,17
34192,17
34193,14
34194,11
34195,14
34196,11
34197,96
34198,16
34199,29
34200,59
34201,67
34202,61
34203,97
34204,78
34205,51
34206,32
34207,26
34208,25
34209,21
34210,17
34211,16
34212,16
34213,13
34214,17
34215,22
34216,24
34217,16
34218,10
34219,8
34220,19
34221,26
34222,12
34223,8
34224,7
34225,7
34226,5
34227,6
34228,3
34229,5
34230,5
34231,6
34232,7
34233,5
34234,3
34235,5
34236,6
34237,13
34238,12
34239,10
34240,9
34241,12
34242,10
34243,8
34244,10
34245,9
34246,9
34247,7
34248,7
34249,6
34250,5
34251,2
34252,4
34253,4
34254,4
34255,10
34256,11
34257,10
34258,10
34259,13
34260,9
34261,9
34262,9
34263,23
34264,13
34265,10
34266,10
34267,33
34268,59
34269,91
34270,85
34271,88
34272,94
34273,46
34274,33
34275,38
34276,25
34277,21
34278,27
34279,19
34280,27
34281,37
34282,65
34283,63
34284,39
34285,37
34286,33
34287,32
34288,77
34289,74
34290,56
34291,122
34292,128
34293,105
34294,94
34295,90
34296,90
34297,97
34298,109
34299,95
34300,61
34301,34
34302,38
34303,40
34304,31
34305,22
34306,24
34307,25
34308,20
34309,15
34310,12
34311,14
34312,16
34313,20
34314,24
34315,23
34316,29
34317,35
34318,56
34319,36
34320,26
34321,28
34322,28
34323,36
34324,46
34325,57
34326,60
34327,90
34328,99
34329,125
34330,101
34331,93
34332,69
34333,43
34334,38
34335,44
34336,62
34337,83
34338,80
34339,63
34340,102
34341,130
34342,154
34343,135
34344,134
34345,161
34346,219
34347,202
34348,138
34349,107
34350,84
34351,97
34352,109
34353,140
34354,69
34355,76
34356,77
34357,87
34358,96
34359,88
34360,71
34361,93
34362,117
34363,138
34364,190
34365,197
34366,213
34367,211
34368,226
34369,233
34370,225
34371,159
34372,115
34373,87
34374,73
34375,60
34376,74
34377,82
34378,73
34379,50
34380,56
34381,48
34382,33
34383,30
34384,28
34385,30
34386,33
34387,46
34388,74
34389,136
34390,152
34391,159
34392,164
34393,167
34394,180
34395,187
34396,163
34397,185
34398,159
34399,139
34400,151
34401,113
34402,137
34403,92
34404,71
34405,73
34406,68
34407,47
34408,41
34409,43
34410,56
34411,69
34412,83
34413,130
34414,175
34415,155
34416,106
34417,83
34418,122
34419,162
34420,142
34421,70
34422,33
34423,25
34424,39
34425,33
34426,27
34427,25
34428,12
34429,9
34430,10
34431,11
34432,11
34433,13
34434,17
34435,32
34436,62
34437,42
34438,59
34439,66
34440,77
34441,84
34442,91
34443,112
34444,130
34445,139
34446,155
34447,163
34448,141
34449,182
34450,138
34451,119
34452,135
34453,159
34454,122
34455,81
34456,167
34457,246
34458,224
34459,115
34460,124
34461,152
34462,170
34463,269
34464,294
34465,330
34466,407
34467,430
34468,415
34469,343
34470,320
34471,244
34472,197
34473,172
34474,156
34475,166
34476,203
34477,277
34478,290
34479,366
34480,392
34481,421
34482,450
34483,443
34484,429
34485,439
34486,460
34487,480
34488,424
34489,440
34490,403
34491,403
34492,389
34493,432
34494,432
34495,435
34496,403
34497,379
34498,346
34499,354
34500,343
34501,266
34502,206
34503,184
34504,47
34505,13
34506,15
34507,15
34508,17
34509,11
34510,15
34511,12
34512,14
34513,12
34514,8
34515,8
34516,6
34517,7
34518,8
34519,8
34520,8
34521,11
34522,12
34523,11
34524,11
34525,9
34526,17
34527,12
34528,12
34529,10
34530,14
34531,12
34532,19
34533,20
34534,55
34535,68
34536,58
34537,63
34538,52
34539,44
34540,60
34541,64
34542,44
34543,38
34544,41
34545,29
34546,32
34547,41
34548,53
34549,24
34550,16
34551,14
34552,8
34553,9
34554,8
34555,10
34556,13
34557,11
34558,7
34559,14
34560,13
34561,9
34562,8
34563,6
34564,6
34565,5
34566,11
34567,9
34568,8
34569,23
34570,10
34571,16
34572,30
34573,35
34574,33
34575,33
34576,17
34577,29
34578,31
34579,34
34580,40
34581,75
34582,55
34583,76
34584,89
34585,60
34586,47
34587,53
34588,61
34589,48
34590,14
34591,39
34592,23
34593,10
34594,11
34595,10
34596,9
34597,12
34598,8
34599,6
34600,13
34601,10
34602,8
34603,9
34604,16
34605,23
34606,12
34607,16
34608,38
34609,49
34610,45
34611,48
34612,45
34613,39
34614,43
34615,51
34616,88
34617,92
34618,85
34619,87
34620,30
34621,57
34622,58
34623,49
34624,52
34625,79
34626,88
34627,114
34628,144
34629,101
34630,66
34631,68
34632,69
34633,71
34634,123
34635,118
34636,91
34637,69
34638,53
34639,51
34640,43
34641,53
34642,41
34643,28
34644,25
34645,26
34646,21
34647,17
34648,23
34649,28
34650,117
34651,125
34652,122
34653,92
34654,51
34655,61
34656,80
34657,52
34658,39
34659,48
34660,69
34661,42
34662,16
34663,16
34664,15
34665,22
34666,27
34667,24
34668,39
34669,44
34670,25
34671,29
34672,38
34673,48
34674,60
34675,67
34676,60
34677,79
34678,86
34679,98
34680,163
34681,271
34682,331
34683,291
34684,262
34685,201
34686,90
34687,73
34688,66
34689,88
34690,82
34691,84
34692,89
34693,117
34694,135
34695,143
34696,156
34697,174
34698,202
34699,194
34700,210
34701,247
34702,284
34703,281
34704,291
34705,310
34706,280
34707,302
34708,259
34709,198
34710,192
34711,127
34712,89
34713,40
34714,24
34715,26
34716,20
34717,19
34718,24
34719,27
34720,30
34721,26
34722,28
34723,39
34724,30
34725,27
34726,17
34727,13
34728,11
34729,12
34730,12
34731,10
34732,11
34733,13
34734,12
34735,12
34736,27
34737,12
34738,19
34739,18
34740,17
34741,19
34742,20
34743,13
34744,55
34745,59
34746,78
34747,91
34748,97
34749,97
34750,123
34751,162
34752,214
34753,160
34754,41
34755,18
34756,11
34757,8
34758,9
34759,8
34760,10
34761,16
34762,23
34763,26
34764,31
34765,31
34766,27
34767,23
34768,27
34769,33
34770,30
34771,43
34772,48
34773,80
34774,93
34775,95
34776,107
34777,152
34778,117
34779,40
34780,23
34781,17
34782,25
34783,29
34784,36
34785,40
34786,24
34787,29
34788,34
34789,17
34790,17
34791,15
34792,20
34793,24
34794,33
34795,41
34796,50
34797,57
34798,38
34799,68
34800,46
34801,37
34802,28
34803,22
34804,22
34805,17
34806,21
34807,19
34808,28
34809,26
34810,34
34811,41
34812,42
34813,42
34814,36
34815,34
34816,45
34817,89
34818,121
34819,128
34820,158
34821,242
34822,247
34823,242
34824,240
34825,267
34826,177
34827,148
34828,178
34829,165
34830,155
34831,96
34832,70
34833,62
34834,65
34835,52
34836,80
34837,112
34838,144
34839,139
34840,138
34841,130
34842,118
34843,315
34844,317
34845,325
34846,348
34847,336
34848,334
34849,345
34850,332
34851,337
34852,384
34853,240
34854,139
34855,111
34856,104
34857,124
34858,93
34859,98
34860,66
34861,47
34862,34
34863,36
34864,36
34865,33
34866,29
34867,105
34868,121
34869,168
34870,202
34871,196
34872,216
34873,247
34874,273
34875,334
34876,417
34877,457
34878,426
34879,377
34880,346
34881,332
34882,282
34883,211
34884,201
34885,235
34886,283
34887,313
34888,337
34889,362
34890,333
34891,312
34892,309
34893,332
34894,294
34895,302
34896,267
34897,267
34898,297
34899,329
34900,326
34901,305
34902,281
34903,254
34904,247
34905,265
34906,262
34907,267
34908,282
34909,295
34910,286
34911,84
34912,58
34913,43
34914,36
34915,26
34916,36
34917,32
34918,21
34919,18
34920,20
34921,13
34922,15
34923,11
34924,13
34925,16
34926,13
34927,13
34928,11
34929,18
34930,17
34931,16
34932,16
34933,18
34934,15
34935,14
34936,16
34937,13
34938,11
34939,14
34940,17
34941,16
34942,13
34943,17
34944,15
34945,13
34946,23
34947,16
34948,18
34949,12
34950,16
34951,9
34952,14
34953,18
34954,24
34955,25
34956,21
34957,23
34958,27
34959,18
34960,15
34961,20
34962,27
34963,30
34964,54
34965,64
34966,126
34967,108
34968,45
34969,30
34970,21
34971,14
34972,12
34973,14
34974,17
34975,13
34976,15
34977,17
34978,21
34979,17
34980,14
34981,11
34982,11
34983,15
34984,21
34985,14
34986,20
34987,22
34988,30
34989,34
34990,38
34991,38
34992,48
34993,58
34994,64
34995,74
34996,77
34997,32
34998,27
34999,24
35000,33
35001,60
35002,77
35003,84
35004,67
35005,59
35006,42
35007,32
35008,44
35009,68
35010,43
35011,42
35012,42
35013,42
35014,41
35015,40
35016,40
35017,40
35018,39
35019,38
35020,38
35021,38
35022,37
35023,36
35024,36
35025,36
35026,35
35027,34
35028,34
35029,25
35030,27
35031,25
35032,25
35033,25
35034,25
35035,36
35036,36
35037,64
35038,67
35039,72
35040,88
35041,84
35042,87
35043,107
35044,129
35045,109
35046,113
35047,83
35048,71
35049,61
35050,50
35051,48
35052,41
35053,34
35054,28
35055,22
35056,19
35057,16
35058,21
35059,15
35060,22
35061,18
35062,23
35063,20
35064,23
35065,24
35066,53
35067,65
35068,70
35069,79
35070,92
35071,106
35072,75
35073,58
35074,33
35075,51
35076,32
35077,23
35078,28
35079,23
35080,24
35081,26
35082,26
35083,27
35084,43
35085,62
35086,70
35087,81
35088,111
35089,144
35090,170
35091,174
35092,174
35093,172
35094,149
35095,166
35096,187
35097,107
35098,114
35099,108
35100,102
35101,95
35102,127
35103,125
35104,128
35105,146
35106,165
35107,173
35108,195
35109,239
35110,232
35111,242
35112,269
35113,264
35114,220
35115,146
35116,34
35117,34
35118,35
35119,45
35120,43
35121,43
35122,36
35123,36
35124,23
35125,25
35126,29
35127,26
35128,21
35129,25
35130,31
35131,43
35132,46
35133,50
35134,68
35135,60
35136,103
35137,85
35138,86
35139,89
35140,77
35141,77
35142,75
35143,80
35144,86
35145,95
35146,101
35147,132
35148,153
35149,173
35150,178
35151,176
35152,209
35153,219
35154,224
35155,212
35156,221
35157,221
35158,217
35159,203
35160,221
35161,192
35162,183
35163,175
35164,177
35165,183
35166,155
35167,151
35168,137
35169,109
35170,140
35171,117
35172,128
35173,54
35174,34
35175,32
35176,28
35177,29
35178,37
35179,46
35180,54
35181,53
35182,47
35183,112
35184,125
35185,128
35186,126
35187,153
35188,157
35189,144
35190,138
35191,128
35192,126
35193,126
35194,159
35195,149
35196,123
35197,150
35198,146
35199,145
35200,160
35201,148
35202,156
35203,158
35204,167
35205,171
35206,177
35207,185
35208,201
35209,217
35210,208
35211,204
35212,213
35213,256
35214,211
35215,203
35216,212
35217,205
35218,196
35219,182
35220,124
35221,102
35222,77
35223,48
35224,38
35225,31
35226,27
35227,33
35228,35
35229,29
35230,24
35231,26
35232,11
35233,14
35234,12
35235,9
35236,11
35237,15
35238,13
35239,15
35240,17
35241,19
35242,18
35243,21
35244,17
35245,22
35246,23
35247,16
35248,22
35249,18
35250,17
35251,21
35252,23
35253,22
35254,21
35255,23
35256,53
35257,66
35258,52
35259,30
35260,10
35261,10
35262,13
35263,11
35264,14
35265,20
35266,22
35267,23
35268,20
35269,17
35270,14
35271,10
35272,10
35273,27
35274,44
35275,53
35276,59
35277,56
35278,58
35279,66
35280,73
35281,83
35282,81
35283,91
35284,104
35285,88
35286,85
35287,66
35288,47
35289,70
35290,61
35291,47
35292,61
35293,69
35294,66
35295,63
35296,43
35297,48
35298,67
35299,87
35300,127
35301,126
35302,126
35303,106
35304,104
35305,118
35306,141
35307,199
35308,262
35309,234
35310,221
35311,177
35312,135
35313,108
35314,97
35315,87
35316,85
35317,81
35318,82
35319,81
35320,111
35321,143
35322,153
35323,189
35324,244
35325,273
35326,218
35327,227
35328,95
35329,20
35330,19
35331,17
35332,16
35333,15
35334,13
35335,12
35336,12
35337,17
35338,33
35339,22
35340,20
35341,10
35342,14
35343,12
35344,12
35345,8
35346,19
35347,40
35348,37
35349,42
35350,56
35351,62
35352,57
35353,57
35354,75
35355,96
35356,110
35357,97
35358,105
35359,84
35360,106
35361,112
35362,120
35363,117
35364,118
35365,106
35366,96
35367,82
35368,63
35369,79
35370,125
35371,119
35372,115
35373,131
35374,177
35375,287
35376,299
35377,250
35378,159
35379,124
35380,123
35381,49
35382,36
35383,59
35384,85
35385,170
35386,180
35387,227
35388,199
35389,168
35390,93
35391,80
35392,111
35393,133
35394,135
35395,94
35396,103
35397,92
35398,93
35399,109
35400,122
35401,123
35402,122
35403,172
35404,213
35405,196
35406,158
35407,103
35408,90
35409,70
35410,67
35411,66
35412,52
35413,55
35414,51
35415,47
35416,48
35417,60
35418,88
35419,279
35420,435
35421,489
35422,513
35423,539
35424,567
35425,569
35426,659
35427,648
35428,651
35429,671
35430,623
35431,618
35432,532
35433,477
35434,479
35435,490
35436,476
35437,457
35438,327
35439,161
35440,286
35441,298
35442,310
35443,332
35444,391
35445,437
35446,422
35447,320
35448,346
35449,351
35450,297
35451,290
35452,250
35453,170
35454,103
35455,79
35456,73
35457,74
35458,77
35459,81
35460,95
35461,115
35462,77
35463,67
35464,13
35465,12
35466,10
35467,195
35468,238
35469,293
35470,384
35471,381
35472,296
35473,38
35474,19
35475,22
35476,20
35477,14
35478,23
35479,19
35480,22
35481,33
35482,42
35483,40
35484,43
35485,56
35486,57
35487,153
35488,108
35489,89
35490,87
35491,95
35492,111
35493,112
35494,145
35495,184
35496,178
35497,170
35498,161
35499,133
35500,114
35501,112
35502,114
35503,130
35504,133
35505,143
35506,137
35507,143
35508,145
35509,185
35510,198
35511,205
35512,195
35513,203
35514,209
35515,202
35516,28
35517,26
35518,22
35519,24
35520,16
35521,16
35522,17
35523,7
35524,9
35525,10
35526,8
35527,7
35528,10
35529,11
35530,11
35531,10
35532,7
35533,9
35534,14
35535,13
35536,14
35537,9
35538,14
35539,9
35540,8
35541,10
35542,8
35543,9
35544,11
35545,11
35546,10
35547,15
35548,13
35549,16
35550,13
35551,18
35552,18
35553,22
35554,23
35555,24
35556,24
35557,23
35558,23
35559,42
35560,54
35561,48
35562,66
35563,56
35564,67
35565,95
35566,111
35567,112
35568,113
35569,127
35570,137
35571,164
35572,190
35573,175
35574,142
35575,107
35576,101
35577,100
35578,97
35579,101
35580,105
35581,117
35582,119
35583,115
35584,125
35585,145
35586,164
35587,184
35588,210
35589,213
35590,237
35591,258
35592,264
35593,324
35594,344
35595,356
35596,366
35597,350
35598,321
35599,294
35600,239
35601,219
35602,221
35603,245
35604,311
35605,240
35606,235
35607,232
35608,238
35609,243
35610,282
35611,310
35612,295
35613,301
35614,325
35615,319
35616,335
35617,301
35618,312
35619,316
35620,296
35621,270
35622,252
35623,234
35624,233
35625,241
35626,231
35627,214
35628,210
35629,178
35630,142
35631,122
35632,59
35633,47
35634,40
35635,32
35636,48
35637,32
35638,25
35639,26
35640,43
35641,54
35642,55
35643,53
35644,60
35645,55
35646,42
35647,36
35648,32
35649,14
35650,15
35651,18
35652,14
35653,15
35654,15
35655,14
35656,19
35657,17
35658,16
35659,14
35660,33
35661,45
35662,55
35663,71
35664,59
35665,42
35666,31
35667,30
35668,39
35669,23
35670,26
35671,25
35672,26
35673,24
35674,29
35675,28
35676,35
35677,35
35678,38
35679,49
35680,65
35681,72
35682,74
35683,80
35684,88
35685,106
35686,113
35687,139
35688,119
35689,122
35690,116
35691,132
35692,120
35693,111
35694,108
35695,110
35696,119
35697,125
35698,143
35699,149
35700,133
35701,136
35702,149
35703,161
35704,167
35705,167
35706,53
35707,19
35708,32
35709,15
35710,11
35711,10
35712,11
35713,11
35714,9
35715,19
35716,13
35717,13
35718,14
35719,17
35720,16
35721,18
35722,31
35723,23
35724,15
35725,57
35726,65
35727,64
35728,65
35729,64
35730,81
35731,75
35732,70
35733,71
35734,83
35735,74
35736,86
35737,75
35738,72
35739,74
35740,76
35741,84
35742,81
35743,86
35744,84
35745,88
35746,91
35747,102
35748,121
35749,132
35750,163
35751,175
35752,190
35753,203
35754,205
35755,217
35756,241
35757,226
35758,225
35759,205
35760,213
35761,229
35762,217
35763,218
35764,128
35765,88
35766,20
35767,16
35768,6
35769,12
35770,20
35771,26
35772,16
35773,16
35774,16
35775,12
35776,17
35777,17
35778,25
35779,39
35780,54
35781,123
35782,142
35783,157
35784,190
35785,137
35786,469
35787,344
35788,281
35789,209
35790,150
35791,138
35792,133
35793,130
35794,143
35795,103
35796,81
35797,70
35798,81
35799,117
35800,130
35801,146
35802,144
35803,147
35804,140
35805,148
35806,155
35807,167
35808,180
35809,183
35810,181
35811,172
35812,167
35813,171
35814,179
35815,175
35816,190
35817,189
35818,187
35819,178
35820,184
35821,152
35822,124
35823,163
35824,143
35825,127
35826,109
35827,120
35828,135
35829,118
35830,132
35831,141
35832,144
35833,141
35834,144
35835,159
35836,163
35837,174
35838,164
35839,171
35840,162
35841,152
35842,141
35843,66
35844,22
35845,15
35846,13
35847,13
35848,12
35849,13
35850,10
35851,9
35852,8
35853,9
35854,7
35855,9
35856,8
35857,10
35858,8
35859,10
35860,9
35861,6
35862,6
35863,7
35864,5
35865,6
35866,6
35867,4
35868,4
35869,6
35870,6
35871,6
35872,4
35873,6
35874,6
35875,6
35876,6
35877,11
35878,11
35879,13
35880,16
35881,3
35882,7
35883,6
35884,6
35885,6
35886,6
35887,7
35888,10
35889,10
35890,9
35891,12
35892,12
35893,11
35894,10
35895,6
35896,8
35897,7
35898,18
35899,17
35900,50
35901,71
35902,91
35903,109
35904,126
35905,104
35906,80
35907,69
35908,62
35909,73
35910,115
35911,155
35912,148
35913,114
35914,94
35915,117
35916,118
35917,116
35918,96
35919,96
35920,102
35921,99
35922,104
35923,101
35924,92
35925,76
35926,90
35927,111
35928,125
35929,139
35930,151
35931,204
35932,203
35933,200
35934,187
35935,168
35936,158
35937,155
35938,154
35939,146
35940,150
35941,136
35942,130
35943,122
35944,125
35945,121
35946,108
35947,102
35948,118
35949,130
35950,155
35951,131
35952,93
35953,91
35954,86
35955,101
35956,105
35957,110
35958,112
35959,119
35960,100
35961,105
35962,105
35963,112
35964,107
35965,94
35966,84
35967,89
35968,90
35969,98
35970,100
35971,109
35972,107
35973,107
35974,106
35975,108
35976,109
35977,106
35978,95
35979,94
35980,88
35981,115
35982,133
35983,132
35984,147
35985,147
35986,146
35987,79
35988,38
35989,20
35990,14
35991,10
35992,6
35993,9
35994,7
35995,10
35996,8
35997,7
35998,14
35999,10
36000,6
36001,9
36002,13
36003,9
36004,10
36005,9
36006,10
36007,10
36008,11
36009,12
36010,16
36011,12
36012,17
36013,14
36014,14
36015,12
36016,14
36017,10
36018,11
36019,11
36020,14
36021,15
36022,26
36023,24
36024,18
36025,11
36026,12
36027,9
36028,9
36029,13
36030,9
36031,8
36032,7
36033,13
36034,13
36035,22
36036,10
36037,18
36038,20
36039,20
36040,26
36041,24
36042,25
36043,34
36044,42
36045,47
36046,53
36047,64
36048,65
36049,66
36050,76
36051,83
36052,120
36053,121
36054,111
36055,112
36056,100
36057,84
36058,66
36059,64
36060,73
36061,90
36062,103
36063,126
36064,146
36065,143
36066,135
36067,188
36068,221
36069,203
36070,204
36071,184
36072,177
36073,220
36074,268
36075,255
36076,241
36077,181
36078,146
36079,141
36080,136
36081,124
36082,87
36083,66
36084,44
36085,36
36086,39
36087,55
36088,114
36089,100
36090,95
36091,162
36092,237
36093,229
36094,175
36095,150
36096,145
36097,268
36098,237
36099,208
36100,193
36101,175
36102,160
36103,176
36104,181
36105,185
36106,198
36107,205
36108,206
36109,214
36110,214
36111,204
36112,208
36113,200
36114,197
36115,220
36116,236
36117,239
36118,250
36119,243
36120,251
36121,263
36122,262
36123,261
36124,276
36125,264
36126,259
36127,250
36128,235
36129,222
36130,206
36131,205
36132,196
36133,218
36134,234
36135,264
36136,272
36137,307
36138,323
36139,311
36140,327
36141,362
36142,487
36143,436
36144,436
36145,579
36146,649
36147,457
36148,466
36149,408
36150,344
36151,322
36152,287
36153,319
36154,282
36155,277
36156,277
36157,279
36158,327
36159,348
36160,418
36161,423
36162,366
36163,338
36164,347
36165,336
36166,351
36167,353
36168,375
36169,382
36170,393
36171,388
36172,376
36173,382
36174,362
36175,345
36176,328
36177,323
36178,297
36179,280
36180,267
36181,259
36182,177
36183,161
36184,120
36185,185
36186,211
36187,169
36188,242
36189,247
36190,238
36191,225
36192,216
36193,165
36194,142
36195,136
36196,117
36197,119
36198,52
36199,46
36200,53
36201,67
36202,70
36203,61
36204,78
36205,88
36206,75
36207,73
36208,79
36209,67
36210,73
36211,71
36212,66
36213,66
36214,75
36215,59
36216,41
36217,45
36218,28
36219,27
36220,27
36221,46
36222,65
36223,60
36224,54
36225,63
36226,71
36227,69
36228,76
36229,82
36230,63
36231,63
36232,63
36233,64
36234,76
36235,88
36236,80
36237,89
36238,93
36239,104
36240,123
36241,118
36242,116
36243,125
36244,119
36245,120
36246,122
36247,122
36248,112
36249,108
36250,103
36251,89
36252,58
36253,38
36254,19
36255,22
36256,18
36257,14
36258,16
36259,15
36260,34
36261,39
36262,89
36263,124
36264,142
36265,152
36266,156
36267,152
36268,160
36269,173
36270,174
36271,180
36272,185
36273,184
36274,190
36275,196
36276,208
36277,221
36278,233
36279,240
36280,273
36281,327
36282,347
36283,384
36284,392
36285,400
36286,394
36287,448
36288,424
36289,400
36290,398
36291,383
36292,357
36293,367
36294,335
36295,313
36296,328
36297,324
36298,305
36299,268
36300,247
36301,267
36302,334
36303,328
36304,327
36305,326
36306,309
36307,321
36308,340
36309,346
36310,330
36311,340
36312,353
36313,384
36314,383
36315,399
36316,340
36317,327
36318,295
36319,296
36320,333
36321,336
36322,350
36323,305
36324,283
36325,323
36326,377
36327,357
36328,360
36329,350
36330,339
36331,335
36332,341
36333,352
36334,355
36335,327
36336,303
36337,287
36338,279
36339,272
36340,264
36341,245
36342,228
36343,233
36344,240
36345,246
36346,246
36347,252
36348,266
36349,270
36350,279
36351,283
36352,316
36353,336
36354,333
36355,348
36356,360
36357,358
36358,358
36359,357
36360,362
36361,348
36362,323
36363,339
36364,339
36365,339
36366,341
36367,344
36368,335
36369,329
36370,323
36371,350
36372,341
36373,347
36374,356
36375,342
36376,366
36377,358
36378,391
36379,425
36380,387
36381,363
36382,343
36383,353
36384,357
36385,371
36386,394
36387,453
36388,453
36389,485
36390,463
36391,463
36392,418
36393,384
36394,371
36395,369
36396,374
36397,397
36398,397
36399,389
36400,410
36401,436
36402,462
36403,482
36404,501
36405,507
36406,523
36407,545
36408,577
36409,541
36410,532
36411,534
36412,495
36413,483
36414,474
36415,478
36416,496
36417,519
36418,526
36419,512
36420,557
36421,551
36422,562
36423,542
36424,502
36425,525
36426,446
36427,188
36428,111
36429,82
36430,58
36431,43
36432,27
36433,31
36434,15
36435,17
36436,17
36437,21
36438,17
36439,13
36440,11
36441,12
36442,10
36443,13
36444,13
36445,8
36446,12
36447,12
36448,14
36449,17
36450,18
36451,17
36452,19
36453,31
36454,45
36455,42
36456,53
36457,42
36458,34
36459,130
36460,114
36461,61
36462,48
36463,48
36464,54
36465,57
36466,63
36467,81
36468,98
36469,106
36470,97
36471,108
36472,103
36473,96
36474,84
36475,118
36476,116
36477,158
36478,171
36479,179
36480,172
36481,168
36482,188
36483,206
36484,210
36485,180
36486,181
36487,149
36488,100
36489,83
36490,45
36491,29
36492,15
36493,14
36494,17
36495,12
36496,10
36497,10
36498,14
36499,29
36500,51
36501,48
36502,74
36503,93
36504,112
36505,125
36506,133
36507,150
36508,124
36509,135
36510,143
36511,139
36512,128
36513,134
36514,146
36515,154
36516,157
36517,174
36518,158
36519,151
36520,141
36521,137
36522,144
36523,144
36524,159
36525,166
36526,183
36527,228
36528,257
36529,306
36530,222
36531,193
36532,188
36533,182
36534,184
36535,209
36536,225
36537,238
36538,246
36539,269
36540,284
36541,260
36542,295
36543,322
36544,308
36545,271
36546,240
36547,230
36548,237
36549,242
36550,241
36551,238
36552,255
36553,266
36554,255
36555,232
36556,226
36557,215
36558,75
36559,3
36560,4
36561,7
36562,6
36563,14
36564,13
36565,8
36566,11
36567,13
36568,11
36569,7
36570,8
36571,11
36572,12
36573,13
36574,9
36575,9
36576,7
36577,14
36578,10
36579,9
36580,18
36581,14
36582,12
36583,26
36584,30
36585,35
36586,27
36587,13
36588,18
36589,27
36590,23
36591,25
36592,27
36593,26
36594,32
36595,39
36596,49
36597,48
36598,49
36599,16
36600,12
36601,12
36602,11
36603,8
36604,11
36605,9
36606,9
36607,12
36608,16
36609,14
36610,23
36611,16
36612,10
36613,13
36614,15
36615,12
36616,11
36617,12
36618,12
36619,17
36620,27
36621,29
36622,41
36623,41
36624,53
36625,67
36626,70
36627,84
36628,91
36629,99
36630,97
36631,100
36632,97
36633,86
36634,92
36635,64
36636,40
36637,26
36638,21
36639,14
36640,17
36641,20
36642,31
36643,40
36644,38
36645,41
36646,51
36647,69
36648,77
36649,111
36650,144
36651,133
36652,110
36653,143
36654,136
36655,141
36656,160
36657,159
36658,167
36659,188
36660,196
36661,205
36662,201
36663,201
36664,202
36665,201
36666,187
36667,187
36668,199
36669,206
36670,213
36671,187
36672,218
36673,134
36674,131
36675,154
36676,112
36677,55
36678,172
36679,143
36680,122
36681,114
36682,100
36683,119
36684,130
36685,145
36686,149
36687,163
36688,147
36689,133
36690,126
36691,124
36692,122
36693,91
36694,98
36695,91
36696,78
36697,55
36698,40
36699,36
36700,48
36701,54
36702,63
36703,78
36704,74
36705,76
36706,81
36707,86
36708,89
36709,96
36710,99
36711,102
36712,111
36713,121
36714,122
36715,135
36716,145
36717,159
36718,183
36719,187
36720,195
36721,224
36722,259
36723,260
36724,257
36725,267
36726,260
36727,259
36728,270
36729,234
36730,245
36731,269
36732,303
36733,272
36734,234
36735,214
36736,225
36737,220
36738,209
36739,202
36740,168
36741,13
36742,18
36743,18
36744,13
36745,10
36746,11
36747,14
36748,13
36749,10
36750,10
36751,10
36752,11
36753,11
36754,11
36755,12
36756,13
36757,11
36758,10
36759,9
36760,13
36761,13
36762,13
36763,15
36764,20
36765,41
36766,35
36767,52
36768,66
36769,36
36770,18
36771,20
36772,20
36773,14
36774,15
36775,18
36776,21
36777,32
36778,21
36779,19
36780,12
36781,15
36782,16
36783,14
36784,18
36785,20
36786,19
36787,28
36788,32
36789,40
36790,39
36791,22
36792,37
36793,24
36794,19
36795,11
36796,13
36797,11
36798,10
36799,7
36800,12
36801,15
36802,12
36803,16
36804,7
36805,12
36806,19
36807,22
36808,22
36809,16
36810,20
36811,30
36812,32
36813,38
36814,52
36815,63
36816,66
36817,72
36818,63
36819,69
36820,78
36821,85
36822,82
36823,87
36824,93
36825,116
36826,99
36827,88
36828,91
36829,109
36830,110
36831,109
36832,123
36833,136
36834,119
36835,116
36836,101
36837,131
36838,168
36839,189
36840,183
36841,205
36842,188
36843,148
36844,137
36845,140
36846,141
36847,121
36848,109
36849,83
36850,78
36851,77
36852,79
36853,73
36854,75
36855,91
36856,104
36857,116
36858,121
36859,137
36860,151
36861,159
36862,157
36863,151
36864,150
36865,149
36866,141
36867,144
36868,148
36869,144
36870,150
36871,152
36872,155
36873,165
36874,181
36875,191
36876,124
36877,36
36878,40
36879,49
36880,30
36881,27
36882,27
36883,22
36884,24
36885,21
36886,26
36887,17
36888,23
36889,23
36890,21
36891,21
36892,17
36893,15
36894,13
36895,17
36896,14
36897,20
36898,18
36899,16
36900,27
36901,52
36902,67
36903,76
36904,79
36905,76
36906,66
36907,60
36908,66
36909,61
36910,57
36911,47
36912,30
36913,34
36914,29
36915,47
36916,72
36917,73
36918,70
36919,78
36920,90
36921,92
36922,94
36923,96
36924,77
36925,79
36926,79
36927,74
36928,76
36929,66
36930,44
36931,48
36932,52
36933,20
36934,15
36935,13
36936,14
36937,10
36938,7
36939,5
36940,6
36941,7
36942,10
36943,9
36944,11
36945,9
36946,11
36947,13
36948,11
36949,17
36950,14
36951,13
36952,9
36953,7
36954,9
36955,11
36956,12
36957,18
36958,11
36959,11
36960,7
36961,6
36962,5
36963,7
36964,12
36965,13
36966,17
36967,16
36968,26
36969,18
36970,19
36971,21
36972,24
36973,20
36974,22
36975,18
36976,19
36977,24
36978,28
36979,36
36980,40
36981,49
36982,54
36983,55
36984,67
36985,71
36986,76
36987,72
36988,75
36989,93
36990,89
36991,98
36992,97
36993,109
36994,89
36995,66
36996,72
36997,37
36998,21
36999,17
37000,17
37001,11
37002,16
37003,11
37004,17
37005,31
37006,61
37007,151
37008,163
37009,98
37010,96
37011,119
37012,125
37013,136
37014,147
37015,150
37016,150
37017,173
37018,184
37019,191
37020,166
37021,128
37022,141
37023,141
37024,145
37025,156
37026,160
37027,165
37028,155
37029,118
37030,152
37031,214
37032,249
37033,247
37034,248
37035,253
37036,261
37037,257
37038,262
37039,270
37040,262
37041,260
37042,271
37043,281
37044,280
37045,270
37046,277
37047,249
37048,242
37049,192
37050,167
37051,168
37052,184
37053,199
37054,225
37055,252
37056,277
37057,290
37058,299
37059,326
37060,324
37061,320
37062,279
37063,250
37064,228
37065,232
37066,233
37067,239
37068,235
37069,226
37070,223
37071,229
37072,206
37073,189
37074,188
37075,163
37076,165
37077,152
37078,147
37079,157
37080,181
37081,190
37082,201
37083,226
37084,248
37085,269
37086,275
37087,311
37088,300
37089,317
37090,330
37091,346
37092,350
37093,331
37094,327
37095,327
37096,286
37097,246
37098,269
37099,309
37100,336
37101,360
37102,387
37103,399
37104,414
37105,465
37106,436
37107,435
37108,426
37109,413
37110,358
37111,389
37112,349
37113,340
37114,336
37115,369
37116,403
37117,444
37118,306
37119,115
37120,90
37121,82
37122,85
37123,95
37124,96
37125,107
37126,111
37127,125
37128,123
37129,145
37130,153
37131,159
37132,154
37133,191
37134,195
37135,194
37136,193
37137,175
37138,194
37139,165
37140,138
37141,100
37142,83
37143,53
37144,52
37145,60
37146,100
37147,142
37148,140
37149,148
37150,183
37151,217
37152,224
37153,222
37154,219
37155,65
37156,22
37157,16
37158,16
37159,28
37160,32
37161,25
37162,25
37163,22
37164,18
37165,23
37166,23
37167,25
37168,18
37169,23
37170,25
37171,26
37172,27
37173,36
37174,47
37175,59
37176,50
37177,61
37178,58
37179,66
37180,63
37181,51
37182,39
37183,42
37184,44
37185,44
37186,35
37187,30
37188,34
37189,21
37190,14
37191,11
37192,9
37193,12
37194,13
37195,18
37196,21
37197,24
37198,27
37199,39
37200,44
37201,64
37202,106
37203,137
37204,165
37205,153
37206,116
37207,127
37208,147
37209,180
37210,199
37211,209
37212,235
37213,254
37214,250
37215,235
37216,210
37217,127
37218,72
37219,27
37220,70
37221,113
37222,118
37223,143
37224,175
37225,159
37226,161
37227,174
37228,177
37229,174
37230,180
37231,196
37232,214
37233,220
37234,216
37235,199
37236,168
37237,121
37238,124
37239,94
37240,63
37241,52
37242,64
37243,48
37244,69
37245,65
37246,83
37247,90
37248,80
37249,95
37250,99
37251,103
37252,119
37253,121
37254,113
37255,124
37256,138
37257,160
37258,163
37259,119
37260,80
37261,84
37262,76
37263,98
37264,105
37265,86
37266,132
37267,116
37268,105
37269,97
37270,87
37271,72
37272,70
37273,64
37274,55
37275,58
37276,52
37277,52
37278,53
37279,12
37280,15
37281,9
37282,6
37283,9
37284,14
37285,14
37286,11
37287,12
37288,14
37289,9
37290,7
37291,7
37292,19
37293,18
37294,22
37295,20
37296,33
37297,40
37298,35
37299,28
37300,29
37301,32
37302,36
37303,37
37304,42
37305,59
37306,60
37307,53
37308,55
37309,41
37310,31
37311,29
37312,24
37313,13
37314,11
37315,16
37316,14
37317,20
37318,14
37319,31
37320,31
37321,34
37322,33
37323,34
37324,28
37325,32
37326,37
37327,36
37328,49
37329,16
37330,8
37331,6
37332,11
37333,8
37334,4
37335,6
37336,14
37337,10
37338,10
37339,25
37340,30
37341,37
37342,48
37343,48
37344,49
37345,57
37346,58
37347,64
37348,65
37349,61
37350,61
37351,71
37352,102
37353,91
37354,84
37355,51
37356,27
37357,39
37358,33
37359,32
37360,41
37361,40
37362,45
37363,45
37364,59
37365,59
37366,82
37367,58
37368,65
37369,54
37370,55
37371,63
37372,70
37373,74
37374,80
37375,87
37376,93
37377,105
37378,92
37379,103
37380,97
37381,110
37382,92
37383,93
37384,97
37385,95
37386,88
37387,98
37388,105
37389,111
37390,123
37391,147
37392,155
37393,166
37394,194
37395,191
37396,180
37397,187
37398,195
37399,174
37400,171
37401,181
37402,193
37403,196
37404,199
37405,206
37406,175
37407,158
37408,152
37409,158
37410,139
37411,138
37412,151
37413,146
37414,139
37415,136
37416,138
37417,136
37418,136
37419,140
37420,145
37421,147
37422,151
37423,153
37424,196
37425,182
37426,162
37427,164
37428,133
37429,62
37430,60
37431,49
37432,62
37433,56
37434,65
37435,73
37436,80
37437,580
37438,217
37439,159
37440,181
37441,165
37442,175
37443,112
37444,101
37445,111
37446,102
37447,106
37448,95
37449,101
37450,88
37451,125
37452,93
37453,71
37454,74
37455,68
37456,60
37457,51
37458,62
37459,64
37460,66
37461,63
37462,65
37463,72
37464,67
37465,51
37466,67
37467,64
37468,71
37469,76
37470,69
37471,69
37472,76
37473,48
37474,46
37475,47
37476,41
37477,40
37478,43
37479,36
37480,41
37481,39
37482,52
37483,59
37484,60
37485,68
37486,83
37487,103
37488,98
37489,78
37490,82
37491,88
37492,96
37493,118
37494,128
37495,143
37496,158
37497,143
37498,190
37499,151
37500,187
37501,114
37502,88
37503,78
37504,75
37505,89
37506,91
37507,109
37508,119
37509,119
37510,110
37511,120
37512,155
37513,120
37514,128
37515,131
37516,142
37517,144
37518,150
37519,151
37520,149
37521,157
37522,173
37523,182
37524,188
37525,175
37526,167
37527,162
37528,157
37529,147
37530,157
37531,159
37532,134
37533,136
37534,158
37535,186
37536,231
37537,254
37538,249
37539,262
37540,282
37541,280
37542,268
37543,255
37544,247
37545,244
37546,270
37547,280
37548,274
37549,280
37550,266
37551,239
37552,225
37553,225
37554,224
37555,224
37556,246
37557,252
37558,274
37559,187
37560,80
37561,56
37562,55
37563,55
37564,57
37565,67
37566,69
37567,78
37568,83
37569,105
37570,112
37571,104
37572,103
37573,93
37574,106
37575,53
37576,54
37577,48
37578,38
37579,40
37580,34
37581,47
37582,54
37583,65
37584,41
37585,39
37586,35
37587,51
37588,54
37589,69
37590,59
37591,51
37592,45
37593,44
37594,52
37595,52
37596,47
37597,51
37598,85
37599,80
37600,62
37601,57
37602,56
37603,67
37604,96
37605,91
37606,84
37607,101
37608,134
37609,127
37610,123
37611,112
37612,109
37613,145
37614,124
37615,107
37616,109
37617,110
37618,116
37619,105
37620,93
37621,106
37622,103
37623,102
37624,101
37625,101
37626,117
37627,131
37628,128
37629,127
37630,141
37631,137
37632,151
37633,152
37634,148
37635,151
37636,156
37637,143
37638,141
37639,140
37640,150
37641,162
37642,171
37643,179
37644,193
37645,170
37646,167
37647,158
37648,158
37649,176
37650,162
37651,153
37652,129
37653,92
37654,83
37655,74
37656,86
37657,83
37658,84
37659,84
37660,77
37661,75
37662,64
37663,59
37664,59
37665,72
37666,69
37667,69
37668,56
37669,44
37670,48
37671,40
37672,46
37673,55
37674,57
37675,52
37676,55
37677,59
37678,67
37679,72
37680,78
37681,95
37682,105
37683,112
37684,128
37685,127
37686,128
37687,121
37688,84
37689,87
37690,64
37691,52
37692,30
37693,23
37694,22
37695,17
37696,22
37697,33
37698,43
37699,49
37700,56
37701,59
37702,69
37703,59
37704,72
37705,76
37706,90
37707,91
37708,90
37709,91
37710,66
37711,46
37712,49
37713,48
37714,45
37715,44
37716,39
37717,23
37718,26
37719,24
37720,25
37721,30
37722,44
37723,30
37724,32
37725,36
37726,43
37727,66
37728,68
37729,73
37730,90
37731,106
37732,102
37733,66
37734,65
37735,52
37736,68
37737,104
37738,84
37739,42
37740,36
37741,56
37742,51
37743,170
37744,87
37745,55
37746,107
37747,105
37748,66
37749,73
37750,76
37751,60
37752,64
37753,73
37754,81
37755,88
37756,98
37757,99
37758,99
37759,108
37760,129
37761,136
37762,151
37763,162
37764,164
37765,174
37766,185
37767,168
37768,154
37769,143
37770,139
37771,126
37772,98
37773,101
37774,71
37775,73
37776,80
37777,82
37778,76
37779,84
37780,89
37781,91
37782,96
37783,107
37784,109
37785,112
37786,119
37787,122
37788,125
37789,121
37790,128
37791,135
37792,136
37793,121
37794,117
37795,105
37796,100
37797,117
37798,118
37799,121
37800,140
37801,139
37802,136
37803,143
37804,155
37805,141
37806,110
37807,118
37808,124
37809,135
37810,156
37811,163
37812,167
37813,169
37814,177
37815,131
37816,102
37817,90
37818,96
37819,112
37820,101
37821,101
37822,104
37823,92
37824,55
37825,27
37826,30
37827,27
37828,21
37829,25
37830,23
37831,28
37832,29
37833,31
37834,38
37835,39
37836,61
37837,42
37838,47
37839,52
37840,47
37841,42
37842,48
37843,52
37844,48
37845,59
37846,48
37847,35
37848,41
37849,36
37850,41
37851,49
37852,59
37853,72
37854,80
37855,58
37856,46
37857,54
37858,43
37859,35
37860,39
37861,20
37862,78
37863,72
37864,84
37865,55
37866,77
37867,135
37868,76
37869,75
37870,98
37871,116
37872,106
37873,48
37874,37
37875,39
37876,38
37877,64
37878,73
37879,73
37880,80
37881,86
37882,106
37883,132
37884,101
37885,68
37886,51
37887,47
37888,41
37889,42
37890,49
37891,58
37892,63
37893,67
37894,72
37895,105
37896,86
37897,81
37898,92
37899,93
37900,105
37901,94
37902,91
37903,83
37904,96
37905,113
37906,121
37907,136
37908,132
37909,133
37910,136
37911,111
37912,106
37913,104
37914,98
37915,99
37916,90
37917,95
37918,105
37919,99
37920,102
37921,103
37922,89
37923,89
37924,94
37925,97
37926,100
37927,111
37928,115
37929,146
37930,156
37931,221
37932,170
37933,135
37934,98
37935,86
37936,81
37937,79
37938,153
37939,119
37940,94
37941,91
37942,90
37943,90
37944,87
37945,94
37946,97
37947,107
37948,112
37949,152
37950,129
37951,135
37952,135
37953,150
37954,162
37955,155
37956,143
37957,144
37958,158
37959,202
37960,143
37961,147
37962,136
37963,130
37964,68
37965,113
37966,54
37967,51
37968,48
37969,47
37970,44
37971,34
37972,28
37973,34
37974,34
37975,25
37976,26
37977,39
37978,52
37979,54
37980,50
37981,50
37982,60
37983,59
37984,49
37985,37
37986,32
37987,24
37988,17
37989,21
37990,27
37991,27
37992,42
37993,42
37994,55
37995,48
37996,40
37997,42
37998,39
37999,64
38000,88
38001,104
38002,122
38003,167
38004,116
38005,121
38006,113
38007,90
38008,59
38009,66
38010,95
38011,104
38012,117
38013,96
38014,50
38015,50
38016,48
38017,52
38018,39
38019,35
38020,50
38021,38
38022,41
38023,46
38024,51
38025,51
38026,59
38027,57
38028,56
38029,46
38030,50
38031,52
38032,49
38033,43
38034,43
38035,32
38036,26
38037,31
38038,32
38039,46
38040,98
38041,67
38042,82
38043,65
38044,85
38045,63
38046,48
38047,36
38048,44
38049,49
38050,35
38051,39
38052,52
38053,31
38054,39
38055,36
38056,33
38057,33
38058,38
38059,32
38060,39
38061,38
38062,34
38063,50
38064,59
38065,59
38066,56
38067,63
38068,72
38069,71
38070,75
38071,71
38072,61
38073,93
38074,97
38075,110
38076,95
38077,103
38078,123
38079,138
38080,111
38081,110
38082,108
38083,106
38084,108
38085,120
38086,154
38087,134
38088,133
38089,124
38090,126
38091,127
38092,132
38093,132
38094,135
38095,159
38096,151
38097,148
38098,140
38099,105
38100,85
38101,84
38102,114
38103,112
38104,111
38105,36
38106,12
38107,12
38108,15
38109,23
38110,24
38111,16
38112,63
38113,84
38114,93
38115,109
38116,128
38117,125
38118,125
38119,126
38120,136
38121,147
38122,95
38123,72
38124,64
38125,61
38126,58
38127,65
38128,62
38129,79
38130,74
38131,67
38132,80
38133,68
38134,63
38135,55
38136,70
38137,84
38138,65
38139,65
38140,70
38141,70
38142,75
38143,90
38144,91
38145,87
38146,80
38147,83
38148,79
38149,69
38150,70
38151,72
38152,74
38153,71
38154,48
38155,43
38156,45
38157,47
38158,56
38159,59
38160,59
38161,55
38162,50
38163,46
38164,40
38165,46
38166,47
38167,50
38168,46
38169,47
38170,55
38171,51
38172,63
38173,62
38174,64
38175,63
38176,63
38177,59
38178,70
38179,71
38180,69
38181,65
38182,54
38183,40
38184,42
38185,42
38186,48
38187,51
38188,57
38189,49
38190,46
38191,40
38192,39
38193,33
38194,26
38195,34
38196,22
38197,22
38198,21
38199,16
38200,17
38201,8
38202,17
38203,15
38204,20
38205,22
38206,30
38207,28
38208,35
38209,40
38210,46
38211,45
38212,47
38213,47
38214,57
38215,65
38216,72
38217,75
38218,82
38219,53
38220,21
38221,23
38222,23
38223,23
38224,23
38225,30
38226,29
38227,40
38228,52
38229,64
38230,65
38231,58
38232,54
38233,42
38234,43
38235,40
38236,50
38237,47
38238,57
38239,80
38240,108
38241,106
38242,98
38243,112
38244,104
38245,86
38246,82
38247,52
38248,42
38249,45
38250,34
38251,30
38252,30
38253,40
38254,36
38255,29
38256,25
38257,32
38258,38
38259,34
38260,32
38261,34
38262,29
38263,26
38264,23
38265,22
38266,17
38267,11
38268,20
38269,14
38270,16
38271,14
38272,14
38273,18
38274,12
38275,19
38276,19
38277,25
38278,30
38279,25
38280,27
38281,30
38282,76
38283,68
38284,77
38285,68
38286,59
38287,45
38288,37
38289,89
38290,52
38291,40
38292,45
38293,69
38294,80
38295,96
38296,107
38297,111
38298,121
38299,109
38300,94
38301,95
38302,105
38303,94
38304,121
38305,203
38306,84
38307,96
38308,83
38309,85
38310,93
38311,89
38312,75
38313,57
38314,271
38315,50
38316,74
38317,56
38318,48
38319,60
38320,49
38321,45
38322,42
38323,38
38324,43
38325,47
38326,63
38327,71
38328,105
38329,74
38330,71
38331,80
38332,79
38333,76
38334,69
38335,68
38336,94
38337,96
38338,98
38339,98
38340,109
38341,95
38342,87
38343,90
38344,69
38345,54
38346,52
38347,48
38348,40
38349,41
38350,21
38351,28
38352,28
38353,34
38354,58
38355,64
38356,68
38357,70
38358,68
38359,77
38360,84
38361,89
38362,103
38363,99
38364,100
38365,132
38366,198
38367,119
38368,137
38369,77
38370,93
38371,124
38372,146
38373,143
38374,115
38375,107
38376,99
38377,100
38378,103
38379,75
38380,61
38381,83
38382,90
38383,70
38384,75
38385,83
38386,79
38387,95
38388,134
38389,161
38390,151
38391,147
38392,143
38393,132
38394,119
38395,102
38396,97
38397,104
38398,123
38399,141
38400,167
38401,174
38402,196
38403,215
38404,214
38405,197
38406,168
38407,122
38408,66
38409,36
38410,20
38411,17
38412,17
38413,18
38414,18
38415,14
38416,16
38417,18
38418,20
38419,22
38420,22
38421,45
38422,121
38423,122
38424,114
38425,106
38426,62
38427,84
38428,79
38429,80
38430,85
38431,81
38432,79
38433,80
38434,79
38435,85
38436,85
38437,81
38438,90
38439,97
38440,103
38441,115
38442,117
38443,130
38444,132
38445,136
38446,150
38447,128
38448,144
38449,146
38450,152
38451,165
38452,178
38453,196
38454,215
38455,242
38456,249
38457,258
38458,259
38459,239
38460,224
38461,182
38462,111
38463,59
38464,43
38465,50
38466,54
38467,38
38468,40
38469,56
38470,64
38471,65
38472,63
38473,73
38474,74
38475,84
38476,80
38477,96
38478,109
38479,110
38480,102
38481,105
38482,105
38483,94
38484,92
38485,85
38486,61
38487,54
38488,46
38489,46
38490,56
38491,57
38492,59
38493,61
38494,76
38495,87
38496,99
38497,104
38498,92
38499,89
38500,85
38501,99
38502,98
38503,84
38504,83
38505,102
38506,84
38507,91
38508,104
38509,95
38510,88
38511,78
38512,84
38513,99
38514,93
38515,79
38516,79
38517,79
38518,91
38519,88
38520,92
38521,95
38522,107
38523,123
38524,117
38525,140
38526,150
38527,150
38528,132
38529,160
38530,158
38531,157
38532,113
38533,51
38534,13
38535,12
38536,7
38537,10
38538,8
38539,8
38540,10
38541,13
38542,18
38543,21
38544,21
38545,15
38546,10
38547,8
38548,9
38549,8
38550,15
38551,20
38552,20
38553,18
38554,15
38555,15
38556,16
38557,19
38558,23
38559,24
38560,26
38561,27
38562,27
38563,26
38564,23
38565,28
38566,27
38567,29
38568,31
38569,26
38570,26
38571,23
38572,39
38573,39
38574,40
38575,40
38576,94
38577,102
38578,100
38579,26
38580,19
38581,13
38582,17
38583,12
38584,16
38585,12
38586,13
38587,12
38588,14
38589,11
38590,8
38591,17
38592,13
38593,12
38594,13
38595,19
38596,27
38597,27
38598,38
38599,44
38600,44
38601,43
38602,49
38603,35
38604,18
38605,15
38606,21
38607,29
38608,21
38609,34
38610,32
38611,24
38612,32
38613,32
38614,34
38615,39
38616,40
38617,44
38618,38
38619,38
38620,42
38621,44
38622,54
38623,62
38624,78
38625,77
38626,75
38627,67
38628,52
38629,41
38630,29
38631,21
38632,19
38633,8
38634,14
38635,30
38636,29
38637,38
38638,63
38639,63
38640,63
38641,79
38642,71
38643,96
38644,102
38645,113
38646,73
38647,67
38648,67
38649,88
38650,85
38651,88
38652,104
38653,100
38654,99
38655,100
38656,107
38657,104
38658,90
38659,100
38660,99
38661,95
38662,97
38663,90
38664,76
38665,72
38666,81
38667,84
38668,90
38669,96
38670,115
38671,115
38672,108
38673,125
38674,123
38675,127
38676,132
38677,125
38678,119
38679,127
38680,139
38681,134
38682,131
38683,135
38684,137
38685,143
38686,140
38687,86
38688,83
38689,83
38690,68
38691,53
38692,52
38693,46
38694,49
38695,59
38696,52
38697,43
38698,46
38699,40
38700,32
38701,29
38702,33
38703,37
38704,37
38705,62
38706,80
38707,62
38708,53
38709,59
38710,51
38711,60
38712,59
38713,55
38714,49
38715,52
38716,55
38717,24
38718,21
38719,18
38720,25
38721,25
38722,18
38723,18
38724,24
38725,20
38726,31
38727,31
38728,28
38729,31
38730,28
38731,34
38732,32
38733,44
38734,46
38735,43
38736,48
38737,57
38738,53
38739,64
38740,52
38741,37
38742,35
38743,39
38744,31
38745,29
38746,28
38747,32
38748,33
38749,25
38750,30
38751,28
38752,36
38753,43
38754,43
38755,54
38756,56
38757,45
38758,48
38759,57
38760,50
38761,47
38762,48
38763,62
38764,77
38765,83
38766,87
38767,88
38768,107
38769,88
38770,88
38771,79
38772,60
38773,48
38774,38
38775,42
38776,47
38777,53
38778,52
38779,51
38780,53
38781,51
38782,54
38783,54
38784,54
38785,54
38786,53
38787,57
38788,80
38789,84
38790,90
38791,95
38792,108
38793,102
38794,90
38795,76
38796,54
38797,43
38798,43
38799,45
38800,43
38801,49
38802,56
38803,55
38804,59
38805,60
38806,68
38807,70
38808,81
38809,86
38810,90
38811,108
38812,109
38813,106
38814,96
38815,82
38816,87
38817,101
38818,99
38819,104
38820,101
38821,88
38822,9
38823,9
38824,6
38825,6
38826,7
38827,7
38828,9
38829,10
38830,12
38831,10
38832,17
38833,20
38834,24
38835,25
38836,19
38837,17
38838,14
38839,8
38840,6
38841,6
38842,5
38843,4
38844,3
38845,3
38846,5
38847,5
38848,5
38849,7
38850,6
38851,9
38852,8
38853,19
38854,26
38855,26
38856,38
38857,54
38858,69
38859,45
38860,33
38861,24
38862,29
38863,25
38864,26
38865,25
38866,45
38867,58
38868,59
38869,48
38870,45
38871,48
38872,43
38873,11
38874,11
38875,19
38876,25
38877,30
38878,44
38879,38
38880,33
38881,34
38882,35
38883,36
38884,36
38885,37
38886,37
38887,38
38888,39
38889,39
38890,40
38891,40
38892,41
38893,32
38894,32
38895,25
38896,17
38897,32
38898,20
38899,15
38900,33
38901,19
38902,22
38903,31
38904,49
38905,52
38906,59
38907,67
38908,62
38909,58
38910,50
38911,71
38912,76
38913,82
38914,83
38915,99
38916,78
38917,80
38918,77
38919,79
38920,79
38921,59
38922,75
38923,94
38924,88
38925,88
38926,85
38927,87
38928,94
38929,103
38930,101
38931,114
38932,123
38933,122
38934,96
38935,51
38936,23
38937,59
38938,43
38939,13
38940,13
38941,16
38942,13
38943,12
38944,18
38945,16
38946,15
38947,20
38948,17
38949,19
38950,40
38951,44
38952,33
38953,33
38954,37
38955,37
38956,50
38957,51
38958,39
38959,28
38960,35
38961,31
38962,31
38963,27
38964,23
38965,18
38966,16
38967,12
38968,14
38969,14
38970,10
38971,20
38972,30
38973,40
38974,44
38975,38
38976,50
38977,64
38978,99
38979,110
38980,105
38981,108
38982,121
38983,126
38984,103
38985,78
38986,93
38987,49
38988,29
38989,25
38990,34
38991,39
38992,41
38993,48
38994,49
38995,19
38996,14
38997,24
38998,22
38999,30
39000,30
39001,37
39002,35
39003,39
39004,38
39005,35
39006,29
39007,28
39008,18
39009,25
39010,34
39011,24
39012,23
39013,30
39014,35
39015,46
39016,47
39017,39
39018,50
39019,54
39020,59
39021,58
39022,70
39023,90
39024,106
39025,128
39026,118
39027,111
39028,131
39029,153
39030,169
39031,161
39032,141
39033,117
39034,117
39035,101
39036,94
39037,89
39038,82
39039,105
39040,130
39041,161
39042,156
39043,100
39044,62
39045,84
39046,61
39047,80
39048,113
39049,140
39050,134
39051,117
39052,112
39053,130
39054,148
39055,162
39056,169
39057,164
39058,169
39059,155
39060,178
39061,191
39062,196
39063,138
39064,132
39065,105
39066,111
39067,96
39068,105
39069,108
39070,111
39071,103
39072,114
39073,176
39074,221
39075,225
39076,84
39077,13
39078,20
39079,28
39080,29
39081,24
39082,32
39083,40
39084,47
39085,49
39086,77
39087,103
39088,119
39089,132
39090,148
39091,38
39092,60
39093,76
39094,56
39095,62
39096,63
39097,75
39098,67
39099,74
39100,71
39101,76
39102,79
39103,82
39104,53
39105,46
39106,46
39107,45
39108,24
39109,11
39110,22
39111,34
39112,47
39113,59
39114,71
39115,83
39116,77
39117,80
39118,108
39119,121
39120,144
39121,143
39122,151
39123,153
39124,146
39125,141
39126,151
39127,158
39128,119
39129,137
39130,191
39131,200
39132,200
39133,181
39134,116
39135,106
39136,114
39137,109
39138,87
39139,65
39140,71
39141,79
39142,73
39143,72
39144,74
39145,78
39146,89
39147,86
39148,59
39149,39
39150,48
39151,41
39152,63
39153,59
39154,35
39155,22
39156,13
39157,19
39158,12
39159,10
39160,11
39161,17
39162,20
39163,20
39164,38
39165,61
39166,94
39167,89
39168,82
39169,74
39170,70
39171,70
39172,71
39173,76
39174,72
39175,60
39176,64
39177,73
39178,70
39179,74
39180,57
39181,62
39182,61
39183,54
39184,51
39185,53
39186,57
39187,66
39188,66
39189,15
39190,18
39191,18
39192,15
39193,16
39194,18
39195,23
39196,23
39197,23
39198,15
39199,18
39200,20
39201,38
39202,51
39203,49
39204,51
39205,40
39206,50
39207,50
39208,38
39209,36
39210,41
39211,34
39212,13
39213,29
39214,34
39215,39
39216,42
39217,36
39218,31
39219,25
39220,27
39221,23
39222,21
39223,25
39224,18
39225,18
39226,15
39227,19
39228,8
39229,16
39230,17
39231,18
39232,17
39233,16
39234,26
39235,24
39236,28
39237,27
39238,34
39239,28
39240,29
39241,43
39242,44
39243,50
39244,59
39245,66
39246,66
39247,66
39248,63
39249,64
39250,68
39251,64
39252,50
39253,47
39254,37
39255,40
39256,47
39257,54
39258,48
39259,47
39260,41
39261,50
39262,57
39263,64
39264,54
39265,52
39266,54
39267,62
39268,58
39269,69
39270,77
39271,89
39272,90
39273,86
39274,74
39275,74
39276,75
39277,85
39278,93
39279,96
39280,109
39281,98
39282,113
39283,128
39284,117
39285,116
39286,127
39287,133
39288,150
39289,159
39290,185
39291,178
39292,193
39293,191
39294,199
39295,196
39296,190
39297,168
39298,128
39299,100
39300,91
39301,87
39302,73
39303,62
39304,66
39305,106
39306,95
39307,93
39308,75
39309,62
39310,61
39311,68
39312,75
39313,62
39314,31
39315,39
39316,46
39317,17
39318,6
39319,4
39320,4
39321,15
39322,10
39323,16
39324,7
39325,11
39326,12
39327,7
39328,10
39329,11
39330,13
39331,13
39332,11
39333,18
39334,27
39335,32
39336,25
39337,28
39338,22
39339,35
39340,32
39341,28
39342,22
39343,17
39344,26
39345,24
39346,17
39347,16
39348,13
39349,14
39350,9
39351,15
39352,15
39353,15
39354,6
39355,15
39356,15
39357,26
39358,21
39359,25
39360,28
39361,30
39362,54
39363,43
39364,32
39365,37
39366,30
39367,26
39368,50
39369,77
39370,45
39371,36
39372,48
39373,60
39374,48
39375,59
39376,61
39377,59
39378,31
39379,39
39380,33
39381,62
39382,59
39383,66
39384,69
39385,70
39386,67
39387,59
39388,68
39389,84
39390,104
39391,94
39392,80
39393,65
39394,61
39395,64
39396,71
39397,93
39398,104
39399,95
39400,74
39401,72
39402,51
39403,54
39404,40
39405,45
39406,51
39407,59
39408,57
39409,59
39410,58
39411,59
39412,63
39413,76
39414,86
39415,100
39416,108
39417,108
39418,101
39419,105
39420,105
39421,102
39422,116
39423,124
39424,122
39425,122
39426,121
39427,141
39428,163
39429,168
39430,149
39431,66
39432,48
39433,27
39434,30
39435,34
39436,43
39437,45
39438,65
39439,59
39440,58
39441,57
39442,52
39443,33
39444,50
39445,56
39446,64
39447,66
39448,72
39449,78
39450,78
39451,84
39452,98
39453,110
39454,114
39455,101
39456,111
39457,110
39458,134
39459,169
39460,190
39461,214
39462,239
39463,250
39464,259
39465,263
39466,280
39467,277
39468,274
39469,256
39470,232
39471,212
39472,177
39473,175
39474,167
39475,161
39476,150
39477,153
39478,206
39479,237
39480,250
39481,295
39482,291
39483,299
39484,303
39485,293
39486,281
39487,259
39488,226
39489,201
39490,185
39491,153
39492,145
39493,152
39494,137
39495,137
39496,139
39497,178
39498,200
39499,213
39500,148
39501,194
39502,172
39503,151
39504,156
39505,168
39506,172
39507,174
39508,169
39509,158
39510,152
39511,149
39512,148
39513,125
39514,112
39515,105
39516,114
39517,96
39518,80
39519,71
39520,67
39521,74
39522,70
39523,77
39524,77
39525,91
39526,107
39527,157
39528,184
39529,182
39530,207
39531,233
39532,212
39533,209
39534,237
39535,252
39536,233
39537,240
39538,218
39539,217
39540,196
39541,180
39542,157
39543,153
39544,153
39545,150
39546,158
39547,168
39548,167
39549,184
39550,194
39551,181
39552,153
39553,139
39554,133
39555,130
39556,116
39557,114
39558,99
39559,94
39560,84
39561,80
39562,80
39563,88
39564,103
39565,132
39566,151
39567,165
39568,182
39569,191
39570,193
39571,192
39572,189
39573,188
39574,223
39575,239
39576,235
39577,196
39578,180
39579,192
39580,187
39581,164
39582,156
39583,163
39584,144
39585,137
39586,131
39587,115
39588,68
39589,26
39590,16
39591,15
39592,10
39593,13
39594,11
39595,8
39596,10
39597,16
39598,49
39599,45
39600,42
39601,55
39602,53
39603,85
39604,37
39605,19
39606,21
39607,16
39608,17
39609,17
39610,16
39611,11
39612,11
39613,14
39614,9
39615,8
39616,10
39617,14
39618,14
39619,22
39620,32
39621,36
39622,29
39623,31
39624,35
39625,34
39626,28
39627,52
39628,70
39629,52
39630,39
39631,31
39632,25
39633,25
39634,28
39635,28
39636,25
39637,15
39638,17
39639,18
39640,35
39641,17
39642,17
39643,18
39644,24
39645,28
39646,31
39647,40
39648,42
39649,48
39650,52
39651,53
39652,58
39653,58
39654,64
39655,61
39656,41
39657,35
39658,18
39659,11
39660,13
39661,12
39662,9
39663,9
39664,16
39665,13
39666,16
39667,9
39668,18
39669,28
39670,32
39671,33
39672,35
39673,46
39674,19
39675,21
39676,9
39677,12
39678,9
39679,10
39680,12
39681,10
39682,10
39683,9
39684,7
39685,6
39686,7
39687,8
39688,9
39689,10
39690,11
39691,12
39692,17
39693,16
39694,19
39695,22
39696,20
39697,36
39698,35
39699,30
39700,13
39701,19
39702,20
39703,18
39704,17
39705,17
39706,10
39707,13
39708,13
39709,10
39710,10
39711,12
39712,11
39713,9
39714,20
39715,21
39716,20
39717,26
39718,35
39719,58
39720,45
39721,50
39722,58
39723,44
39724,46
39725,31
39726,23
39727,21
39728,24
39729,19
39730,22
39731,18
39732,19
39733,21
39734,22
39735,29
39736,36
39737,39
39738,36
39739,42
39740,38
39741,36
39742,30
39743,15
39744,19
39745,30
39746,60
39747,40
39748,29
39749,35
39750,40
39751,42
39752,37
39753,44
39754,49
39755,50
39756,52
39757,50
39758,52
39759,50
39760,55
39761,57
39762,45
39763,51
39764,49
39765,54
39766,62
39767,73
39768,81
39769,93
39770,108
39771,112
39772,113
39773,85
39774,90
39775,85
39776,121
39777,130
39778,133
39779,148
39780,160
39781,159
39782,172
39783,142
39784,146
39785,134
39786,111
39787,90
39788,60
39789,60
39790,70
39791,80
39792,74
39793,64
39794,82
39795,111
39796,112
39797,128
39798,126
39799,147
39800,135
39801,142
39802,144
39803,142
39804,139
39805,129
39806,132
39807,130
39808,162
39809,162
39810,163
39811,152
39812,150
39813,160
39814,172
39815,188
39816,195
39817,220
39818,191
39819,154
39820,158
39821,131
39822,128
39823,123
39824,112
39825,122
39826,113
39827,109
39828,120
39829,125
39830,127
39831,143
39832,109
39833,96
39834,80
39835,96
39836,106
39837,103
39838,84
39839,80
39840,81
39841,87
39842,69
39843,73
39844,72
39845,77
39846,77
39847,75
39848,72
39849,68
39850,60
39851,48
39852,52
39853,66
39854,57
39855,51
39856,45
39857,38
39858,45
39859,48
39860,53
39861,64
39862,72
39863,81
39864,66
39865,41
39866,46
39867,60
39868,57
39869,65
39870,64
39871,62
39872,55
39873,52
39874,55
39875,60
39876,52
39877,55
39878,67
39879,85
39880,87
39881,79
39882,60
39883,69
39884,59
39885,53
39886,55
39887,52
39888,48
39889,56
39890,59
39891,60
39892,55
39893,59
39894,59
39895,53
39896,20
39897,20
39898,20
39899,11
39900,15
39901,12
39902,15
39903,14
39904,15
39905,13
39906,11
39907,14
39908,15
39909,17
39910,14
39911,11
39912,9
39913,6
39914,6
39915,13
39916,10
39917,16
39918,16
39919,14
39920,18
39921,19
39922,15
39923,12
39924,14
39925,16
39926,18
39927,17
39928,16
39929,16
39930,11
39931,15
39932,8
39933,12
39934,19
39935,21
39936,17
39937,16
39938,20
39939,20
39940,21
39941,23
39942,12
39943,13
39944,19
39945,20
39946,16
39947,18
39948,19
39949,13
39950,22
39951,20
39952,16
39953,20
39954,21
39955,21
39956,42
39957,46
39958,43
39959,42
39960,41
39961,46
39962,55
39963,52
39964,50
39965,74
39966,73
39967,82
39968,74
39969,76
39970,82
39971,90
39972,103
39973,89
39974,67
39975,85
39976,62
39977,50
39978,69
39979,51
39980,24
39981,33
39982,35
39983,63
39984,104
39985,136
39986,146
39987,118
39988,127
39989,149
39990,160
39991,116
39992,91
39993,97
39994,61
39995,49
39996,40
39997,31
39998,27
39999,32
40000,28
40001,31
40002,38
40003,45
40004,44
40005,55
40006,61
40007,69
40008,69
40009,72
40010,87
40011,91
40012,116
40013,136
40014,146
40015,149
40016,142
40017,137
40018,113
40019,119
40020,107
40021,112
40022,80
40023,62
40024,67
40025,62
40026,76
40027,72
40028,63
40029,57
40030,62
40031,59
40032,57
40033,60
40034,68
40035,76
40036,86
40037,97
40038,102
40039,111
40040,107
40041,106
40042,113
40043,105
40044,114
40045,133
40046,120
40047,99
40048,87
40049,93
40050,85
40051,95
40052,98
40053,99
40054,88
40055,83
40056,84
40057,93
40058,95
40059,113
40060,121
40061,127
40062,134
40063,138
40064,141
40065,143
40066,125
40067,111
40068,118
40069,110
40070,101
40071,73
40072,61
40073,67
40074,80
40075,81
40076,77
40077,89
40078,88
40079,83
40080,89
40081,96
40082,90
40083,99
40084,101
40085,114
40086,135
40087,155
40088,189
40089,179
40090,151
40091,125
40092,101
40093,92
40094,97
40095,86
40096,84
40097,89
40098,89
40099,86
40100,92
40101,86
40102,85
40103,83
40104,82
40105,78
40106,69
40107,52
40108,53
40109,88
40110,117
40111,113
40112,142
40113,134
40114,159
40115,151
40116,149
40117,148
40118,132
40119,130
40120,122
40121,112
40122,130
40123,144
40124,157
40125,185
40126,199
40127,212
40128,211
40129,201
40130,193
40131,198
40132,187
40133,184
40134,192
40135,208
40136,219
40137,250
40138,227
40139,210
40140,176
40141,180
40142,164
40143,163
40144,155
40145,134
40146,134
40147,122
40148,125
40149,135
40150,167
40151,187
40152,206
40153,196
40154,154
40155,120
40156,135
40157,132
40158,136
40159,146
40160,159
40161,179
40162,185
40163,152
40164,112
40165,123
40166,109
40167,103
40168,98
40169,94
40170,106
40171,115
40172,124
40173,134
40174,134
40175,137
40176,101
40177,78
40178,79
40179,85
40180,93
40181,88
40182,78
40183,69
40184,62
40185,57
40186,77
40187,87
40188,97
40189,101
40190,112
40191,109
40192,110
40193,104
40194,104
40195,101
40196,100
40197,113
40198,115
40199,121
40200,119
40201,138
40202,146
40203,158
40204,184
40205,190
40206,201
40207,175
40208,132
40209,102
40210,88
40211,74
40212,74
40213,82
40214,73
40215,95
40216,76
40217,102
40218,72
40219,69
40220,52
40221,54
40222,67
40223,63
40224,67
40225,74
40226,80
40227,92
40228,89
40229,82
40230,92
40231,90
40232,90
40233,59
40234,12
40235,10
40236,7
40237,5
40238,7
40239,7
40240,6
40241,4
40242,7
40243,7
40244,4
40245,2
40246,2
40247,4
40248,4
40249,6
40250,14
40251,13
40252,10
40253,8
40254,9
40255,11
40256,14
40257,16
40258,14
40259,25
40260,25
40261,31
40262,27
40263,26
40264,28
40265,32
40266,51
40267,32
40268,25
40269,23
40270,27
40271,28
40272,26
40273,32
40274,34
40275,48
40276,49
40277,60
40278,63
40279,62
40280,68
40281,63
40282,50
40283,23
40284,16
40285,8
40286,6
40287,3
40288,2
40289,5
40290,4
40291,8
40292,15
40293,25
40294,28
40295,46
40296,71
40297,125
40298,142
40299,105
40300,101
40301,89
40302,93
40303,85
40304,62
40305,40
40306,52
40307,62
40308,55
40309,48
40310,41
40311,39
40312,43
40313,43
40314,44
40315,37
40316,40
40317,64
40318,48
40319,56
40320,41
40321,48
40322,29
40323,40
40324,42
40325,47
40326,51
40327,69
40328,79
40329,90
40330,83
40331,76
40332,85
40333,72
40334,56
40335,45
40336,46
40337,39
40338,49
40339,49
40340,62
40341,59
40342,58
40343,59
40344,60
40345,72
40346,71
40347,90
40348,120
40349,123
40350,132
40351,144
40352,154
40353,160
40354,124
40355,95
40356,80
40357,72
40358,70
40359,58
40360,53
40361,54
40362,44
40363,33
40364,46
40365,42
40366,55
40367,15
40368,18
40369,17
40370,22
40371,22
40372,24
40373,21
40374,28
40375,31
40376,31
40377,24
40378,25
40379,39
40380,38
40381,37
40382,36
40383,32
40384,30
40385,23
40386,20
40387,28
40388,43
40389,53
40390,49
40391,53
40392,78
40393,86
40394,65
40395,58
40396,53
40397,26
40398,20
40399,12
40400,13
40401,12
40402,12
40403,6
40404,11
40405,6
40406,6
40407,11
40408,10
40409,9
40410,9
40411,14
40412,21
40413,22
40414,23
40415,27
40416,42
40417,50
40418,57
40419,29
40420,26
40421,23
40422,18
40423,15
40424,12
40425,17
40426,8
40427,10
40428,12
40429,19
40430,21
40431,30
40432,33
40433,28
40434,24
40435,31
40436,40
40437,29
40438,64
40439,38
40440,19
40441,23
40442,13
40443,15
40444,21
40445,18
40446,19
40447,38
40448,36
40449,36
40450,53
40451,55
40452,43
40453,38
40454,26
40455,17
40456,17
40457,15
40458,19
40459,21
40460,24
40461,24
40462,26
40463,24
40464,21
40465,29
40466,19
40467,22
40468,22
40469,16
40470,28
40471,35
40472,17
40473,25
40474,27
40475,26
40476,26
40477,28
40478,42
40479,48
40480,31
40481,27
40482,26
40483,35
40484,32
40485,38
40486,37
40487,26
40488,17
40489,32
40490,26
40491,34
40492,32
40493,23
40494,35
40495,71
40496,102
40497,121
40498,114
40499,64
40500,47
40501,26
40502,17
40503,12
40504,17
40505,34
40506,48
40507,22
40508,30
40509,27
40510,24
40511,28
40512,33
40513,55
40514,70
40515,71
40516,88
40517,82
40518,52
40519,46
40520,33
40521,37
40522,49
40523,71
40524,68
40525,48
40526,44
40527,38
40528,28
40529,52
40530,63
40531,56
40532,61
40533,74
40534,80
40535,89
40536,97
40537,172
40538,209
40539,72
40540,19
40541,23
40542,31
40543,27
40544,33
40545,38
40546,36
40547,39
40548,44
40549,37
40550,36
40551,28
40552,38
40553,23
40554,20
40555,20
40556,35
40557,44
40558,55
40559,73
40560,81
40561,93
40562,91
40563,51
40564,56
40565,56
40566,34
40567,35
40568,27
40569,26
40570,39
40571,35
40572,38
40573,59
40574,69
40575,80
40576,74
40577,71
40578,68
40579,65
40580,71
40581,71
40582,74
40583,57
40584,60
40585,74
40586,61
40587,66
40588,74
40589,88
40590,94
40591,97
40592,111
40593,107
40594,123
40595,97
40596,93
40597,78
40598,69
40599,61
40600,55
40601,48
40602,13
40603,59
40604,74
40605,80
40606,84
40607,78
40608,70
40609,73
40610,71
40611,68
40612,88
40613,99
40614,104
40615,106
40616,115
40617,112
40618,114
40619,107
40620,99
40621,81
40622,69
40623,69
40624,77
40625,79
40626,81
40627,84
40628,86
40629,88
40630,90
40631,92
40632,95
40633,97
40634,99
40635,112
40636,119
40637,122
40638,133
40639,133
40640,140
40641,153
40642,173
40643,169
40644,163
40645,138
40646,141
40647,137
40648,134
40649,123
40650,113
40651,115
40652,123
40653,145
40654,69
40655,19
40656,26
40657,22
40658,23
40659,21
40660,23
40661,18
40662,24
40663,30
40664,19
40665,23
40666,19
40667,22
40668,31
40669,42
40670,41
40671,56
40672,72
40673,76
40674,87
40675,91
40676,97
40677,110
40678,124
40679,123
40680,110
40681,115
40682,120
40683,149
40684,142
40685,142
40686,128
40687,120
40688,138
40689,134
40690,153
40691,133
40692,134
40693,116
40694,106
40695,87
40696,83
40697,108
40698,95
40699,104
40700,118
40701,133
40702,151
40703,171
40704,35
40705,26
40706,20
40707,25
40708,31
40709,35
40710,39
40711,45
40712,29
40713,3
40714,6
40715,7
40716,5
40717,4
40718,8
40719,6
40720,10
40721,7
40722,6
40723,7
40724,12
40725,17
40726,46
40727,44
40728,38
40729,25
40730,16
40731,27
40732,24
40733,27
40734,19
40735,15
40736,16
40737,17
40738,17
40739,10
40740,7
40741,7
40742,9
40743,7
40744,9
40745,6
40746,6
40747,8
40748,11
40749,18
40750,21
40751,30
40752,26
40753,26
40754,41
40755,35
40756,39
40757,40
40758,23
40759,27
40760,15
40761,19
40762,19
40763,17
40764,17
40765,13
40766,10
40767,6
40768,8
40769,10
40770,6
40771,13
40772,19
40773,27
40774,31
40775,29
40776,39
40777,57
40778,71
40779,68
40780,79
40781,89
40782,45
40783,31
40784,21
40785,27
40786,24
40787,30
40788,25
40789,38
40790,43
40791,48
40792,48
40793,47
40794,63
40795,62
40796,67
40797,73
40798,82
40799,94
40800,93
40801,89
40802,90
40803,100
40804,103
40805,108
40806,91
40807,83
40808,69
40809,64
40810,67
40811,62
40812,68
40813,66
40814,60
40815,73
40816,80
40817,80
40818,84
40819,98
40820,99
40821,129
40822,125
40823,74
40824,58
40825,79
40826,77
40827,80
40828,85
40829,74
40830,78
40831,90
40832,89
40833,68
40834,71
40835,66
40836,59
40837,49
40838,62
40839,74
40840,81
40841,85
40842,88
40843,87
40844,95
40845,121
40846,139
40847,132
40848,111
40849,107
40850,102
40851,125
40852,174
40853,151
40854,154
40855,163
40856,148
40857,152
40858,151
40859,160
40860,173
40861,196
40862,181
40863,183
40864,130
40865,158
40866,164
40867,149
40868,141
40869,143
40870,143
40871,138
40872,102
40873,100
40874,107
40875,131
40876,139
40877,121
40878,97
40879,86
40880,85
40881,79
40882,80
40883,105
40884,61
40885,58
40886,55
40887,65
40888,78
40889,79
40890,71
40891,72
40892,75
40893,93
40894,99
40895,104
40896,104
40897,103
40898,96
40899,95
40900,87
40901,96
40902,102
40903,101
40904,106
40905,109
40906,123
40907,132
40908,139
40909,144
40910,153
40911,146
40912,163
40913,95
40914,149
40915,157
40916,163
40917,175
40918,84
40919,25
40920,21
40921,36
40922,50
40923,59
40924,49
40925,30
40926,28
40927,27
40928,21
40929,21
40930,25
40931,34
40932,37
40933,39
40934,36
40935,19
40936,23
40937,24
40938,25
40939,12
40940,9
40941,8
40942,10
40943,6
40944,11
40945,10
40946,9
40947,9
40948,12
40949,9
40950,7
40951,6
40952,14
40953,11
40954,17
40955,16
40956,13
40957,8
40958,12
40959,10
40960,12
40961,11
40962,16
40963,12
40964,11
40965,15
40966,21
40967,19
40968,23
40969,23
40970,51
40971,38
40972,47
40973,50
40974,54
40975,53
40976,56
40977,81
40978,48
40979,44
40980,27
40981,31
40982,45
40983,33
40984,17
40985,15
40986,27
40987,35
40988,31
40989,38
40990,60
40991,49
40992,52
40993,60
40994,61
40995,64
40996,74
40997,80
40998,76
40999,70
41000,73
41001,86
41002,93
41003,96
41004,109
41005,109
41006,114
41007,90
41008,74
41009,75
41010,68
41011,70
41012,88
41013,143
41014,155
41015,147
41016,143
41017,148
41018,157
41019,152
41020,152
41021,147
41022,143
41023,139
41024,142
41025,139
41026,133
41027,137
41028,138
41029,138
41030,132
41031,135
41032,127
41033,109
41034,94
41035,100
41036,110
41037,123
41038,132
41039,138
41040,151
41041,162
41042,155
41043,143
41044,145
41045,147
41046,154
41047,163
41048,170
41049,174
41050,196
41051,207
41052,198
41053,176
41054,111
41055,85
41056,79
41057,100
41058,105
41059,110
41060,123
41061,124
41062,129
41063,140
41064,156
41065,104
41066,2
41067,2
41068,6
41069,5
41070,5
41071,6
41072,3
41073,3
41074,7
41075,7
41076,3
41077,3
41078,4
41079,6
41080,6
41081,4
41082,10
41083,15
41084,12
41085,14
41086,20
41087,19
41088,22
41089,30
41090,37
41091,39
41092,45
41093,42
41094,39
41095,25
41096,23
41097,17
41098,27
41099,19
41100,22
41101,31
41102,43
41103,54
41104,45
41105,44
41106,35
41107,41
41108,46
41109,47
41110,61
41111,80
41112,52
41113,41
41114,46
41115,44
41116,54
41117,59
41118,79
41119,115
41120,96
41121,108
41122,112
41123,118
41124,92
41125,74
41126,50
41127,36
41128,30
41129,38
41130,36
41131,43
41132,48
41133,57
41134,65
41135,83
41136,95
41137,82
41138,61
41139,73
41140,77
41141,86
41142,81
41143,81
41144,89
41145,91
41146,94
41147,108
41148,101
41149,93
41150,88
41151,84
41152,91
41153,92
41154,88
41155,116
41156,120
41157,124
41158,113
41159,104
41160,106
41161,121
41162,124
41163,135
41164,147
41165,82
41166,60
41167,60
41168,52
41169,54
41170,59
41171,59
41172,74
41173,68
41174,65
41175,68
41176,45
41177,36
41178,63
41179,54
41180,48
41181,57
41182,58
41183,63
41184,51
41185,52
41186,50
41187,54
41188,62
41189,64
41190,108
41191,95
41192,93
41193,94
41194,96
41195,51
41196,60
41197,50
41198,46
41199,39
41200,38
41201,47
41202,46
41203,48
41204,53
41205,67
41206,61
41207,73
41208,79
41209,74
41210,71
41211,76
41212,75
41213,78
41214,86
41215,95
41216,106
41217,79
41218,63
41219,49
41220,27
41221,11
41222,10
41223,6
41224,11
41225,12
41226,13
41227,10
41228,15
41229,23
41230,34
41231,36
41232,42
41233,42
41234,47
41235,47
41236,28
41237,20
41238,23
41239,16
41240,16
41241,15
41242,11
41243,11
41244,7
41245,4
41246,3
41247,6
41248,8
41249,6
41250,11
41251,16
41252,18
41253,20
41254,25
41255,20
41256,26
41257,30
41258,34
41259,30
41260,53
41261,49
41262,33
41263,18
41264,16
41265,15
41266,20
41267,25
41268,19
41269,22
41270,30
41271,45
41272,69
41273,90
41274,98
41275,93
41276,64
41277,60
41278,56
41279,56
41280,68
41281,56
41282,30
41283,25
41284,16
41285,10
41286,13
41287,19
41288,25
41289,22
41290,18
41291,19
41292,29
41293,44
41294,75
41295,60
41296,60
41297,60
41298,38
41299,35
41300,32
41301,41
41302,49
41303,49
41304,55
41305,56
41306,62
41307,80
41308,99
41309,104
41310,99
41311,97
41312,108
41313,99
41314,119
41315,93
41316,78
41317,67
41318,69
41319,51
41320,41
41321,34
41322,21
41323,27
41324,34
41325,37
41326,51
41327,61
41328,63
41329,59
41330,70
41331,78
41332,84
41333,97
41334,110
41335,106
41336,92
41337,110
41338,121
41339,136
41340,150
41341,118
41342,91
41343,86
41344,67
41345,60
41346,53
41347,53
41348,75
41349,97
41350,105
41351,119
41352,140
41353,144
41354,141
41355,145
41356,142
41357,141
41358,136
41359,128
41360,110
41361,116
41362,123
41363,127
41364,124
41365,115
41366,117
41367,113
41368,89
41369,95
41370,78
41371,140
41372,153
41373,159
41374,180
41375,200
41376,228
41377,229
41378,200
41379,146
41380,133
41381,125
41382,79
41383,80
41384,72
41385,59
41386,63
41387,64
41388,52
41389,67
41390,78
41391,89
41392,88
41393,96
41394,100
41395,93
41396,85
41397,88
41398,82
41399,80
41400,59
41401,75
41402,77
41403,70
41404,80
41405,81
41406,79
41407,89
41408,106
41409,112
41410,118
41411,120
41412,119
41413,127
41414,128
41415,135
41416,133
41417,124
41418,112
41419,107
41420,109
41421,108
41422,119
41423,117
41424,120
41425,123
41426,114
41427,109
41428,96
41429,102
41430,95
41431,81
41432,73
41433,63
41434,45
41435,51
41436,40
41437,36
41438,34
41439,24
41440,27
41441,32
41442,38
41443,42
41444,49
41445,56
41446,75
41447,68
41448,88
41449,50
41450,38
41451,38
41452,46
41453,35
41454,20
41455,9
41456,11
41457,17
41458,22
41459,13
41460,17
41461,14
41462,16
41463,14
41464,11
41465,10
41466,10
41467,31
41468,39
41469,56
41470,61
41471,64
41472,101
41473,111
41474,82
41475,84
41476,89
41477,91
41478,81
41479,103
41480,99
41481,105
41482,121
41483,139
41484,141
41485,148
41486,168
41487,157
41488,159
41489,151
41490,137
41491,128
41492,144
41493,147
41494,157
41495,145
41496,74
41497,60
41498,75
41499,86
41500,87
41501,99
41502,96
41503,107
41504,111
41505,120
41506,121
41507,126
41508,130
41509,123
41510,129
41511,146
41512,155
41513,193
41514,194
41515,203
41516,217
41517,219
41518,196
41519,166
41520,149
41521,119
41522,132
41523,61
41524,9
41525,9
41526,42
41527,43
41528,51
41529,28
41530,26
41531,14
41532,15
41533,10
41534,6
41535,10
41536,10
41537,17
41538,16
41539,22
41540,32
41541,54
41542,52
41543,59
41544,59
41545,77
41546,83
41547,83
41548,66
41549,59
41550,49
41551,58
41552,61
41553,63
41554,71
41555,82
41556,87
41557,98
41558,101
41559,69
41560,62
41561,45
41562,53
41563,46
41564,57
41565,53
41566,51
41567,58
41568,75
41569,75
41570,79
41571,97
41572,105
41573,105
41574,107
41575,103
41576,102
41577,97
41578,99
41579,85
41580,77
41581,17
41582,13
41583,10
41584,10
41585,12
41586,13
41587,12
41588,12
41589,14
41590,21
41591,17
41592,23
41593,26
41594,20
41595,24
41596,22
41597,17
41598,17
41599,20
41600,13
41601,18
41602,15
41603,17
41604,23
41605,22
41606,16
41607,22
41608,21
41609,23
41610,20
41611,26
41612,31
41613,44
41614,53
41615,57
41616,60
41617,78
41618,85
41619,83
41620,89
41621,80
41622,80
41623,69
41624,58
41625,62
41626,73
41627,77
41628,90
41629,91
41630,96
41631,71
41632,77
41633,76
41634,100
41635,100
41636,97
41637,93
41638,88
41639,82
41640,86
41641,82
41642,69
41643,66
41644,59
41645,62
41646,73
41647,80
41648,74
41649,79
41650,64
41651,61
41652,75
41653,64
41654,39
41655,31
41656,27
41657,21
41658,27
41659,33
41660,60
41661,79
41662,93
41663,129
41664,132
41665,121
41666,115
41667,113
41668,135
41669,115
41670,149
41671,109
41672,73
41673,57
41674,53
41675,59
41676,57
41677,84
41678,91
41679,133
41680,172
41681,182
41682,201
41683,207
41684,199
41685,177
41686,161
41687,156
41688,152
41689,130
41690,94
41691,81
41692,81
41693,78
41694,69
41695,59
41696,55
41697,54
41698,58
41699,61
41700,75
41701,78
41702,97
41703,105
41704,103
41705,100
41706,107
41707,109
41708,116
41709,112
41710,101
41711,80
41712,77
41713,79
41714,86
41715,72
41716,70
41717,64
41718,67
41719,63
41720,54
41721,50
41722,21
41723,11
41724,10
41725,8
41726,7
41727,10
41728,12
41729,8
41730,6
41731,11
41732,17
41733,22
41734,27
41735,43
41736,34
41737,39
41738,32
41739,28
41740,28
41741,22
41742,27
41743,22
41744,22
41745,25
41746,21
41747,22
41748,18
41749,18
41750,22
41751,20
41752,25
41753,22
41754,25
41755,33
41756,50
41757,61
41758,74
41759,79
41760,77
41761,91
41762,94
41763,107
41764,114
41765,104
41766,93
41767,85
41768,75
41769,75
41770,66
41771,66
41772,82
41773,104
41774,118
41775,140
41776,158
41777,179
41778,182
41779,189
41780,220
41781,245
41782,255
41783,284
41784,326
41785,301
41786,289
41787,269
41788,249
41789,232
41790,222
41791,217
41792,215
41793,243
41794,224
41795,236
41796,256
41797,272
41798,266
41799,280
41800,320
41801,364
41802,383
41803,402
41804,396
41805,419
41806,432
41807,432
41808,406
41809,388
41810,368
41811,355
41812,349
41813,353
41814,345
41815,341
41816,337
41817,342
41818,342
41819,334
41820,337
41821,343
41822,350
41823,364
41824,373
41825,385
41826,398
41827,430
41828,442
41829,443
41830,438
41831,420
41832,454
41833,430
41834,396
41835,386
41836,375
41837,344
41838,348
41839,338
41840,319
41841,324
41842,323
41843,331
41844,332
41845,328
41846,310
41847,298
41848,267
41849,261
41850,243
41851,263
41852,302
41853,331
41854,330
41855,308
41856,322
41857,328
41858,303
41859,290
41860,317
41861,314
41862,269
41863,204
41864,217
41865,202
41866,196
41867,230
41868,256
41869,246
41870,243
41871,237
41872,233
41873,239
41874,253
41875,108
41876,21
41877,18
41878,5
41879,6
41880,7
41881,8
41882,5
41883,7
41884,9
41885,9
41886,9
41887,8
41888,7
41889,4
41890,3
41891,4
41892,6
41893,3
41894,5
41895,6
41896,6
41897,4
41898,7
41899,6
41900,7
41901,13
41902,8
41903,10
41904,10
41905,7
41906,5
41907,3
41908,3
41909,7
41910,9
41911,7
41912,5
41913,5
41914,7
41915,9
41916,8
41917,9
41918,9
41919,8
41920,10
41921,10
41922,8
41923,13
41924,24
41925,35
41926,35
41927,51
41928,59
41929,61
41930,47
41931,42
41932,45
41933,47
41934,33
41935,20
41936,25
41937,22
41938,17
41939,26
41940,28
41941,31
41942,46
41943,49
41944,37
41945,31
41946,31
41947,54
41948,67
41949,75
41950,88
41951,114
41952,128
41953,141
41954,149
41955,149
41956,125
41957,92
41958,110
41959,89
41960,84
41961,95
41962,62
41963,23
41964,11
41965,13
41966,9
41967,12
41968,9
41969,8
41970,9
41971,8
41972,7
41973,16
41974,20
41975,17
41976,20
41977,40
41978,27
41979,27
41980,29
41981,31
41982,37
41983,36
41984,43
41985,44
41986,44
41987,25
41988,17
41989,17
41990,27
41991,29
41992,29
41993,36
41994,59
41995,59
41996,57
41997,55
41998,60
41999,70
42000,80
42001,85
42002,88
42003,91
42004,98
42005,103
42006,101
42007,98
42008,99
42009,95
42010,76
42011,80
42012,87
42013,87
42014,82
42015,105
42016,116
42017,103
42018,109
42019,118
42020,127
42021,144
42022,189
42023,190
42024,225
42025,211
42026,197
42027,200
42028,197
42029,193
42030,180
42031,117
42032,110
42033,111
42034,94
42035,112
42036,110
42037,155
42038,186
42039,194
42040,210
42041,215
42042,230
42043,239
42044,272
42045,296
42046,315
42047,357
42048,382
42049,406
42050,405
42051,389
42052,397
42053,413
42054,373
42055,362
42056,356
42057,344
42058,352
42059,357
42060,353
42061,292
42062,213
42063,210
42064,183
42065,161
42066,153
42067,169
42068,196
42069,200
42070,197
42071,178
42072,161
42073,161
42074,166
42075,171
42076,177
42077,177
42078,189
42079,187
42080,192
42081,203
42082,234
42083,261
42084,265
42085,268
42086,285
42087,264
42088,253
42089,246
42090,239
42091,256
42092,253
42093,262
42094,239
42095,143
42096,71
42097,61
42098,34
42099,36
42100,33
42101,31
42102,24
42103,31
42104,38
42105,38
42106,38
42107,38
42108,36
42109,38
42110,37
42111,36
42112,35
42113,33
42114,41
42115,38
42116,51
42117,67
42118,84
42119,91
42120,97
42121,60
42122,50
42123,47
42124,52
42125,73
42126,111
42127,104
42128,90
42129,84
42130,79
42131,83
42132,92
42133,104
42134,100
42135,101
42136,86
42137,85
42138,83
42139,97
42140,117
42141,124
42142,127
42143,132
42144,130
42145,126
42146,119
42147,108
42148,108
42149,102
42150,110
42151,113
42152,108
42153,116
42154,130
42155,134
42156,136
42157,145
42158,149
42159,133
42160,143
42161,149
42162,164
42163,170
42164,174
42165,191
42166,196
42167,195
42168,214
42169,227
42170,217
42171,195
42172,183
42173,179
42174,191
42175,178
42176,183
42177,185
42178,192
42179,199
42180,231
42181,253
42182,281
42183,294
42184,317
42185,318
42186,323
42187,339
42188,341
42189,346
42190,356
42191,383
42192,363
42193,381
42194,352
42195,319
42196,310
42197,331
42198,332
42199,315
42200,312
42201,310
42202,324
42203,330
42204,324
42205,331
42206,346
42207,352
42208,376
42209,402
42210,423
42211,440
42212,449
42213,472
42214,453
42215,413
42216,396
42217,395
42218,379
42219,341
42220,312
42221,257
42222,183
42223,39
42224,16
42225,14
42226,16
42227,10
42228,10
42229,9
42230,7
42231,9
42232,9
42233,10
42234,8
42235,9
42236,17
42237,15
42238,15
42239,12
42240,9
42241,10
42242,9
42243,12
42244,9
42245,13
42246,14
42247,12
42248,24
42249,23
42250,31
42251,57
42252,43
42253,35
42254,31
42255,30
42256,25
42257,33
42258,39
42259,40
42260,60
42261,68
42262,57
42263,51
42264,26
42265,50
42266,42
42267,43
42268,74
42269,87
42270,78
42271,77
42272,91
42273,99
42274,92
42275,83
42276,94
42277,90
42278,68
42279,60
42280,53
42281,51
42282,52
42283,51
42284,47
42285,47
42286,59
42287,59
42288,74
42289,93
42290,101
42291,111
42292,139
42293,129
42294,127
42295,114
42296,98
42297,102
42298,106
42299,111
42300,106
42301,105
42302,108
42303,107
42304,113
42305,126
42306,141
42307,158
42308,170
42309,176
42310,183
42311,193
42312,215
42313,215
42314,210
42315,214
42316,214
42317,272
42318,198
42319,176
42320,159
42321,158
42322,137
42323,156
42324,161
42325,163
42326,178
42327,180
42328,179
42329,182
42330,192
42331,199
42332,208
42333,212
42334,193
42335,205
42336,206
42337,212
42338,216
42339,232
42340,223
42341,229
42342,206
42343,194
42344,211
42345,225
42346,169
42347,144
42348,150
42349,144
42350,143
42351,143
42352,145
42353,152
42354,165
42355,176
42356,209
42357,224
42358,200
42359,188
42360,184
42361,180
42362,189
42363,215
42364,180
42365,81
42366,78
42367,24
42368,26
42369,29
42370,22
42371,14
42372,11
42373,12
42374,11
42375,13
42376,12
42377,9
42378,10
42379,10
42380,15
42381,18
42382,18
42383,14
42384,16
42385,10
42386,9
42387,6
42388,8
42389,6
42390,3
42391,2
42392,8
42393,8
42394,7
42395,6
42396,8
42397,6
42398,9
42399,8
42400,7
42401,10
42402,10
42403,11
42404,10
42405,7
42406,8
42407,7
42408,10
42409,17
42410,22
42411,28
42412,28
42413,26
42414,25
42415,20
42416,11
42417,28
42418,39
42419,38
42420,14
42421,11
42422,18
42423,8
42424,10
42425,10
42426,11
42427,23
42428,34
42429,40
42430,43
42431,48
42432,57
42433,61
42434,60
42435,68
42436,76
42437,72
42438,80
42439,80
42440,66
42441,64
42442,85
42443,96
42444,109
42445,118
42446,141
42447,159
42448,153
42449,153
42450,152
42451,157
42452,159
42453,196
42454,208
42455,215
42456,255
42457,239
42458,232
42459,210
42460,184
42461,174
42462,164
42463,147
42464,98
42465,136
42466,137
42467,90
42468,14
42469,8
42470,8
42471,11
42472,9
42473,6
42474,6
42475,10
42476,10
42477,7
42478,6
42479,5
42480,6
42481,4
42482,5
42483,4
42484,3
42485,8
42486,9
42487,7
42488,7
42489,9
42490,11
42491,10
42492,9
42493,7
42494,4
42495,3
42496,4
42497,7
42498,6
42499,6
42500,33
42501,40
42502,40
42503,48
42504,44
42505,41
42506,44
42507,45
42508,79
42509,76
42510,79
42511,90
42512,73
42513,70
42514,66
42515,59
42516,62
42517,60
42518,41
42519,38
42520,33
42521,18
42522,28
42523,46
42524,51
42525,57
42526,37
42527,35
42528,41
42529,46
42530,56
42531,69
42532,79
42533,76
42534,65
42535,69
42536,74
42537,79
42538,78
42539,87
42540,82
42541,74
42542,77
42543,84
42544,87
42545,91
42546,77
42547,74
42548,84
42549,89
42550,94
42551,92
42552,97
42553,92
42554,98
42555,116
42556,113
42557,101
42558,87
42559,54
42560,50
42561,42
42562,38
42563,38
42564,39
42565,33
42566,34
42567,40
42568,48
42569,45
42570,39
42571,44
42572,57
42573,77
42574,76
42575,98
42576,101
42577,104
42578,106
42579,108
42580,98
42581,79
42582,44
42583,33
42584,45
42585,53
42586,47
42587,42
42588,34
42589,38
42590,41
42591,56
42592,59
42593,68
42594,79
42595,79
42596,111
42597,147
42598,153
42599,145
42600,143
42601,144
42602,200
42603,239
42604,185
42605,163
42606,28
42607,12
42608,9
42609,9
42610,11
42611,15
42612,13
42613,14
42614,17
42615,18
42616,16
42617,11
42618,7
42619,9
42620,13
42621,16
42622,8
42623,19
42624,8
42625,9
42626,5
42627,2
42628,2
42629,3
42630,3
42631,6
42632,4
42633,4
42634,5
42635,6
42636,6
42637,5
42638,4
42639,6
42640,5
42641,3
42642,5
42643,7
42644,9
42645,11
42646,12
42647,15
42648,17
42649,12
42650,11
42651,12
42652,12
42653,11
42654,13
42655,15
42656,21
42657,21
42658,40
42659,40
42660,20
42661,16
42662,26
42663,25
42664,25
42665,35
42666,33
42667,31
42668,30
42669,33
42670,45
42671,53
42672,44
42673,43
42674,52
42675,52
42676,52
42677,54
42678,52
42679,49
42680,49
42681,40
42682,41
42683,24
42684,30
42685,21
42686,22
42687,20
42688,21
42689,21
42690,25
42691,32
42692,35
42693,50
42694,74
42695,64
42696,90
42697,138
42698,182
42699,210
42700,208
42701,152
42702,122
42703,87
42704,62
42705,52
42706,52
42707,59
42708,96
42709,128
42710,141
42711,167
42712,206
42713,227
42714,246
42715,230
42716,239
42717,238
42718,250
42719,261
42720,283
42721,273
42722,281
42723,218
42724,222
42725,206
42726,304
42727,299
42728,284
42729,266
42730,256
42731,79
42732,38
42733,22
42734,15
42735,21
42736,18
42737,19
42738,16
42739,17
42740,15
42741,24
42742,12
42743,19
42744,13
42745,12
42746,13
42747,12
42748,13
42749,11
42750,11
42751,9
42752,11
42753,17
42754,19
42755,19
42756,16
42757,14
42758,15
42759,15
42760,8
42761,13
42762,16
42763,27
42764,47
42765,54
42766,62
42767,66
42768,72
42769,81
42770,138
42771,121
42772,78
42773,78
42774,63
42775,45
42776,39
42777,40
42778,42
42779,41
42780,53
42781,52
42782,61
42783,59
42784,53
42785,59
42786,63
42787,86
42788,106
42789,136
42790,158
42791,189
42792,203
42793,221
42794,257
42795,333
42796,371
42797,354
42798,273
42799,255
42800,165
42801,198
42802,275
42803,320
42804,284
42805,346
42806,311
42807,372
42808,399
42809,370
42810,327
42811,346
42812,351
42813,362
42814,394
42815,409
42816,384
42817,393
42818,380
42819,330
42820,324
42821,334
42822,334
42823,368
42824,360
42825,324
42826,299
42827,305
42828,290
42829,314
42830,315
42831,306
42832,292
42833,315
42834,332
42835,342
42836,338
42837,375
42838,368
42839,362
42840,355
42841,348
42842,341
42843,334
42844,328
42845,321
42846,314
42847,307
42848,300
42849,294
42850,287
42851,177
42852,133
42853,93
42854,82
42855,86
42856,88
42857,33
42858,16
42859,19
42860,22
42861,31
42862,37
42863,38
42864,30
42865,17
42866,9
42867,9
42868,12
42869,8
42870,10
42871,13
42872,15
42873,29
42874,31
42875,37
42876,36
42877,31
42878,26
42879,28
42880,26
42881,38
42882,48
42883,65
42884,79
42885,101
42886,123
42887,146
42888,127
42889,107
42890,106
42891,116
42892,100
42893,91
42894,91
42895,99
42896,110
42897,111
42898,113
42899,101
42900,101
42901,111
42902,114
42903,119
42904,141
42905,149
42906,134
42907,143
42908,174
42909,182
42910,181
42911,186
42912,193
42913,240
42914,289
42915,282
42916,188
42917,175
42918,150
42919,116
42920,100
42921,42
42922,41
42923,30
42924,28
42925,19
42926,22
42927,22
42928,22
42929,31
42930,31
42931,44
42932,46
42933,62
42934,80
42935,129
42936,118
42937,90
42938,78
42939,86
42940,111
42941,144
42942,121
42943,112
42944,111
42945,146
42946,159
42947,151
42948,143
42949,157
42950,174
42951,199
42952,192
42953,189
42954,159
42955,205
42956,230
42957,280
42958,266
42959,311
42960,342
42961,323
42962,299
42963,283
42964,258
42965,239
42966,236
42967,241
42968,226
42969,215
42970,201
42971,201
42972,234
42973,241
42974,250
42975,259
42976,289
42977,330
42978,350
42979,350
42980,388
42981,379
42982,436
42983,502
42984,522
42985,470
42986,439
42987,362
42988,176
42989,98
42990,24
42991,20
42992,11
42993,11
42994,14
42995,14
42996,16
42997,13
42998,13
42999,14
43000,18
43001,17
43002,16
43003,20
43004,30
43005,24
43006,34
43007,37
43008,39
43009,34
43010,39
43011,49
43012,51
43013,52
43014,70
43015,83
43016,92
43017,95
43018,83
43019,66
43020,66
43021,77
43022,74
43023,70
43024,86
43025,90
43026,91
43027,99
43028,129
43029,168
43030,200
43031,214
43032,211
43033,219
43034,237
43035,248
43036,254
43037,254
43038,252
43039,277
43040,291
43041,287
43042,295
43043,287
43044,325
43045,301
43046,311
43047,369
43048,380
43049,393
43050,344
43051,343
43052,343
43053,323
43054,328
43055,312
43056,264
43057,242
43058,254
43059,204
43060,194
43061,227
43062,242
43063,235
43064,168
43065,20
43066,18
43067,16
43068,24
43069,23
43070,36
43071,43
43072,30
43073,19
43074,14
43075,18
43076,27
43077,31
43078,44
43079,32
43080,33
43081,48
43082,36
43083,25
43084,21
43085,13
43086,13
43087,12
43088,13
43089,12
43090,11
43091,10
43092,12
43093,14
43094,11
43095,10
43096,9
43097,9
43098,8
43099,9
43100,15
43101,19
43102,8
43103,15
43104,8
43105,15
43106,11
43107,13
43108,11
43109,13
43110,11
43111,12
43112,13
43113,11
43114,26
43115,23
43116,43
43117,52
43118,76
43119,66
43120,40
43121,67
43122,81
43123,96
43124,108
43125,99
43126,111
43127,120
43128,125
43129,123
43130,126
43131,111
43132,26
43133,11
43134,13
43135,9
43136,9
43137,13
43138,17
43139,16
43140,11
43141,11
43142,17
43143,9
43144,9
43145,11
43146,8
43147,15
43148,14
43149,9
43150,7
43151,6
43152,8
43153,11
43154,9
43155,11
43156,9
43157,8
43158,5
43159,6
43160,9
43161,6
43162,7
43163,7
43164,6
43165,9
43166,11
43167,10
43168,10
43169,8
43170,7
43171,10
43172,8
43173,17
43174,9
43175,18
43176,10
43177,6
43178,6
43179,9
43180,8
43181,7
43182,8
43183,14
43184,12
43185,25
43186,11
43187,16
43188,17
43189,13
43190,9
43191,10
43192,10
43193,11
43194,11
43195,32
43196,97
43197,115
43198,130
43199,138
43200,158
43201,140
43202,150
43203,149
43204,109
43205,84
43206,60
43207,38
43208,32
43209,44
43210,31
43211,31
43212,30
43213,16
43214,17
43215,19
43216,33
43217,71
43218,66
43219,61
43220,83
43221,122
43222,119
43223,95
43224,93
43225,102
43226,174
43227,137
43228,80
43229,63
43230,72
43231,59
43232,59
43233,72
43234,79
43235,77
43236,96
43237,54
43238,34
43239,18
43240,22
43241,21
43242,15
43243,13
43244,11
43245,17
43246,18
43247,16
43248,17
43249,18
43250,16
43251,15
43252,17
43253,19
43254,15
43255,22
43256,20
43257,21
43258,32
43259,20
43260,31
43261,40
43262,102
43263,117
43264,100
43265,118
43266,136
43267,138
43268,139
43269,140
43270,142
43271,144
43272,145
43273,180
43274,193
43275,206
43276,220
43277,233
43278,246
43279,260
43280,273
43281,286
43282,299
43283,312
43284,326
43285,339
43286,355
43287,388
43288,390
43289,375
43290,367
43291,352
43292,351
43293,356
43294,367
43295,361
43296,350
43297,311
43298,319
43299,331
43300,303
43301,301
43302,306
43303,311
43304,318
43305,325
43306,152
43307,65
43308,57
43309,63
43310,62
43311,45
43312,19
43313,21
43314,13
43315,31
43316,17
43317,14
43318,13
43319,16
43320,18
43321,18
43322,20
43323,17
43324,9
43325,16
43326,14
43327,7
43328,15
43329,11
43330,13
43331,16
43332,14
43333,14
43334,14
43335,14
43336,12
43337,29
43338,40
43339,92
43340,76
43341,81
43342,32
43343,9
43344,12
43345,8
43346,8
43347,8
43348,9
43349,12
43350,14
43351,9
43352,7
43353,8
43354,12
43355,13
43356,9
43357,17
43358,18
43359,14
43360,10
43361,12
43362,9
43363,14
43364,17
43365,21
43366,47
43367,18
43368,15
43369,12
43370,16
43371,15
43372,13
43373,16
43374,16
43375,10
43376,13
43377,33
43378,37
43379,36
43380,53
43381,58
43382,46
43383,43
43384,41
43385,44
43386,72
43387,80
43388,86
43389,82
43390,86
43391,98
43392,112
43393,126
43394,192
43395,212
43396,144
43397,107
43398,86
43399,90
43400,95
43401,71
43402,76
43403,75
43404,58
43405,53
43406,59
43407,49
43408,44
43409,50
43410,68
43411,110
43412,129
43413,123
43414,109
43415,132
43416,160
43417,167
43418,257
43419,291
43420,305
43421,307
43422,293
43423,269
43424,47
43425,24
43426,17
43427,12
43428,9
43429,10
43430,9
43431,11
43432,8
43433,13
43434,12
43435,10
43436,9
43437,18
43438,10
43439,11
43440,11
43441,6
43442,6
43443,6
43444,5
43445,10
43446,9
43447,11
43448,11
43449,8
43450,12
43451,15
43452,11
43453,9
43454,25
43455,23
43456,13
43457,8
43458,10
43459,11
43460,12
43461,14
43462,14
43463,10
43464,8
43465,9
43466,9
43467,8
43468,17
43469,30
43470,43
43471,57
43472,65
43473,80
43474,88
43475,96
43476,121
43477,152
43478,172
43479,128
43480,77
43481,65
43482,79
43483,93
43484,104
43485,202
43486,245
43487,225
43488,180
43489,180
43490,170
43491,160
43492,146
43493,125
43494,130
43495,138
43496,147
43497,135
43498,136
43499,124
43500,135
43501,132
43502,133
43503,142
43504,163
43505,166
43506,189
43507,202
43508,228
43509,240
43510,235
43511,252
43512,254
43513,274
43514,253
43515,248
43516,219
43517,199
43518,198
43519,204
43520,66
43521,22
43522,19
43523,16
43524,11
43525,17
43526,15
43527,14
43528,12
43529,7
43530,7
43531,15
43532,7
43533,10
43534,8
43535,12
43536,11
43537,9
43538,14
43539,8
43540,12
43541,11
43542,12
43543,15
43544,12
43545,12
43546,12
43547,12
43548,12
43549,12
43550,12
43551,12
43552,12
43553,12
43554,12
43555,14
43556,10
43557,7
43558,8
43559,6
43560,4
43561,4
43562,7
43563,6
43564,8
43565,7
43566,6
43567,9
43568,9
43569,9
43570,8
43571,11
43572,17
43573,21
43574,12
43575,20
43576,15
43577,13
43578,14
43579,20
43580,32
43581,33
43582,46
43583,53
43584,64
43585,53
43586,72
43587,85
43588,95
43589,98
43590,105
43591,117
43592,117
43593,126
43594,145
43595,136
43596,95
43597,80
43598,51
43599,67
43600,71
43601,63
43602,80
43603,75
43604,87
43605,105
43606,125
43607,115
43608,123
43609,142
43610,178
43611,163
43612,162
43613,145
43614,114
43615,84
43616,102
43617,82
43618,88
43619,90
43620,88
43621,95
43622,81
43623,89
43624,95
43625,57
43626,62
43627,234
43628,118
43629,108
43630,33
43631,21
43632,14
43633,13
43634,9
43635,10
43636,11
43637,9
43638,15
43639,13
43640,12
43641,11
43642,18
43643,17
43644,11
43645,12
43646,14
43647,14
43648,12
43649,16
43650,16
43651,12
43652,20
43653,23
43654,16
43655,17
43656,18
